ticker,sector,snapshot_date,cik,company_name,identity_source,facts_provider,price_provider,price_date,close,pageviews_90d,pageview_days,price_source,attention_source,revenue,revenue_filed,revenue_period_end,gross_profit,gross_profit_filed,gross_profit_period_end,net_income,net_income_filed,net_income_period_end,operating_cash_flow,operating_cash_flow_filed,operating_cash_flow_period_end,capex,capex_filed,capex_period_end,equity,equity_filed,equity_period_end,cash,cash_filed,cash_period_end,assets,assets_filed,assets_period_end,liabilities,liabilities_filed,liabilities_period_end,debt,debt_filed,debt_period_end,shares,shares_filed,shares_period_end,diluted_eps,diluted_eps_filed,diluted_eps_period_end,latest_filing_used,fundamental_source,pit_valid
AAPL,Technology,2021-03-31,320193,Apple Inc.,https://github.com/deeleeramone/sec-company-facts/releases/download/parquet-latest/primary_tickers.parquet,DOLTHUB_SEC_PARQUET_MIRROR,YAHOO_CHART,2021-03-31,122.1500015258789,,,https://query1.finance.yahoo.com/v8/finance/chart/AAPL?period1=1577836800&period2=1783296000&interval=1d&events=history&includeAdjustedClose=true,SKIPPED_IN_CORE_SMOKE,111439000000.0,2021-01-28,2020-12-26,44328000000.0,2021-01-28,2020-12-26,28755000000.0,2021-01-28,2020-12-26,38763000000.0,2021-01-28,2020-12-26,3500000000.0,2021-01-28,2020-12-26,66224000000.0,2021-01-28,2020-12-26,37719000000.0,2021-01-28,2020-12-26,354054000000.0,2021-01-28,2020-12-26,287830000000.0,2021-01-28,2020-12-26,7762000000.0,2021-01-28,2020-12-26,17113688000.0,2021-01-28,2020-12-26,1.68,2021-01-28,2020-12-26,2021-01-28,https://github.com/deeleeramone/sec-company-facts/releases/download/parquet-latest/facts_enc-b00001.parquet,True
AAPL,Technology,2021-06-30,320193,Apple Inc.,https://github.com/deeleeramone/sec-company-facts/releases/download/parquet-latest/primary_tickers.parquet,DOLTHUB_SEC_PARQUET_MIRROR,YAHOO_CHART,2021-06-30,136.9600067138672,,,https://query1.finance.yahoo.com/v8/finance/chart/AAPL?period1=1577836800&period2=1783296000&interval=1d&events=history&includeAdjustedClose=true,SKIPPED_IN_CORE_SMOKE,89584000000.0,2021-04-29,2021-03-27,82407000000.0,2021-04-29,2021-03-27,23630000000.0,2021-04-29,2021-03-27,62744000000.0,2021-04-29,2021-03-27,5769000000.0,2021-04-29,2021-03-27,69178000000.0,2021-04-29,2021-03-27,40006000000.0,2021-04-29,2021-03-27,337158000000.0,2021-04-29,2021-03-27,267980000000.0,2021-04-29,2021-03-27,108642000000.0,2021-04-29,2021-03-27,17021423000.0,2021-04-29,2021-03-27,3.08,2021-04-29,2021-03-27,2021-04-29,https://github.com/deeleeramone/sec-company-facts/releases/download/parquet-latest/facts_enc-b00001.parquet,True
AAPL,Technology,2021-09-30,320193,Apple Inc.,https://github.com/deeleeramone/sec-company-facts/releases/download/parquet-latest/primary_tickers.parquet,DOLTHUB_SEC_PARQUET_MIRROR,YAHOO_CHART,2021-09-30,141.5,,,https://query1.finance.yahoo.com/v8/finance/chart/AAPL?period1=1577836800&period2=1783296000&interval=1d&events=history&includeAdjustedClose=true,SKIPPED_IN_CORE_SMOKE,81434000000.0,2021-07-28,2021-06-26,35255000000.0,2021-07-28,2021-06-26,74129000000.0,2021-07-28,2021-06-26,83838000000.0,2021-07-28,2021-06-26,7862000000.0,2021-07-28,2021-06-26,64280000000.0,2021-07-28,2021-06-26,35276000000.0,2021-07-28,2021-06-26,329840000000.0,2021-07-28,2021-06-26,265560000000.0,2021-07-28,2021-06-26,8039000000.0,2021-07-28,2021-06-26,16941527000.0,2021-07-28,2021-06-26,4.38,2021-07-28,2021-06-26,2021-07-28,https://github.com/deeleeramone/sec-company-facts/releases/download/parquet-latest/facts_enc-b00001.parquet,True
AAPL,Technology,2021-12-31,320193,Apple Inc.,https://github.com/deeleeramone/sec-company-facts/releases/download/parquet-latest/primary_tickers.parquet,DOLTHUB_SEC_PARQUET_MIRROR,YAHOO_CHART,2021-12-31,177.57000732421875,,,https://query1.finance.yahoo.com/v8/finance/chart/AAPL?period1=1577836800&period2=1783296000&interval=1d&events=history&includeAdjustedClose=true,SKIPPED_IN_CORE_SMOKE,365817000000.0,2021-10-29,2021-09-25,152836000000.0,2021-10-29,2021-09-25,94680000000.0,2021-10-29,2021-09-25,104038000000.0,2021-10-29,2021-09-25,11085000000.0,2021-10-29,2021-09-25,63090000000.0,2021-10-29,2021-09-25,34940000000.0,2021-10-29,2021-09-25,351002000000.0,2021-10-29,2021-09-25,287912000000.0,2021-10-29,2021-09-25,9613000000.0,2021-10-29,2021-09-25,16864919000.0,2021-10-29,2021-09-25,5.61,2021-10-29,2021-09-25,2021-10-29,https://github.com/deeleeramone/sec-company-facts/releases/download/parquet-latest/facts_enc-b00001.parquet,True
AAPL,Technology,2022-03-31,320193,Apple Inc.,https://github.com/deeleeramone/sec-company-facts/releases/download/parquet-latest/primary_tickers.parquet,DOLTHUB_SEC_PARQUET_MIRROR,YAHOO_CHART,2022-03-31,174.61000061035156,,,https://query1.finance.yahoo.com/v8/finance/chart/AAPL?period1=1577836800&period2=1783296000&interval=1d&events=history&includeAdjustedClose=true,SKIPPED_IN_CORE_SMOKE,123945000000.0,2022-01-28,2021-12-25,54243000000.0,2022-01-28,2021-12-25,34630000000.0,2022-01-28,2021-12-25,46966000000.0,2022-01-28,2021-12-25,2803000000.0,2022-01-28,2021-12-25,71932000000.0,2022-01-28,2021-12-25,38630000000.0,2022-01-28,2021-12-25,381191000000.0,2022-01-28,2021-12-25,309259000000.0,2022-01-28,2021-12-25,106629000000.0,2022-01-28,2021-12-25,16519291000.0,2022-01-28,2021-12-25,2.1,2022-01-28,2021-12-25,2022-01-28,https://github.com/deeleeramone/sec-company-facts/releases/download/parquet-latest/facts_enc-b00001.parquet,True
AAPL,Technology,2022-06-30,320193,Apple Inc.,https://github.com/deeleeramone/sec-company-facts/releases/download/parquet-latest/primary_tickers.parquet,DOLTHUB_SEC_PARQUET_MIRROR,YAHOO_CHART,2022-06-30,136.72000122070312,,,https://query1.finance.yahoo.com/v8/finance/chart/AAPL?period1=1577836800&period2=1783296000&interval=1d&events=history&includeAdjustedClose=true,SKIPPED_IN_CORE_SMOKE,97278000000.0,2022-04-29,2022-03-26,42559000000.0,2022-04-29,2022-03-26,25010000000.0,2022-04-29,2022-03-26,75132000000.0,2022-04-29,2022-03-26,5317000000.0,2022-04-29,2022-03-26,67399000000.0,2022-04-29,2022-03-26,28098000000.0,2022-04-29,2022-03-26,350662000000.0,2022-04-29,2022-03-26,283263000000.0,2022-04-29,2022-03-26,103323000000.0,2022-04-29,2022-03-26,16461304000.0,2022-04-29,2022-03-26,1.52,2022-04-29,2022-03-26,2022-04-29,https://github.com/deeleeramone/sec-company-facts/releases/download/parquet-latest/facts_enc-b00001.parquet,True
AAPL,Technology,2022-09-30,320193,Apple Inc.,https://github.com/deeleeramone/sec-company-facts/releases/download/parquet-latest/primary_tickers.parquet,DOLTHUB_SEC_PARQUET_MIRROR,YAHOO_CHART,2022-09-30,138.1999969482422,,,https://query1.finance.yahoo.com/v8/finance/chart/AAPL?period1=1577836800&period2=1783296000&interval=1d&events=history&includeAdjustedClose=true,SKIPPED_IN_CORE_SMOKE,82959000000.0,2022-07-29,2022-06-25,132687000000.0,2022-07-29,2022-06-25,19442000000.0,2022-07-29,2022-06-25,98024000000.0,2022-07-29,2022-06-25,7419000000.0,2022-07-29,2022-06-25,58107000000.0,2022-07-29,2022-06-25,27502000000.0,2022-07-29,2022-06-25,336309000000.0,2022-07-29,2022-06-25,278202000000.0,2022-07-29,2022-06-25,94700000000.0,2022-07-29,2022-06-25,16394937000.0,2022-07-29,2022-06-25,1.2,2022-07-29,2022-06-25,2022-07-29,https://github.com/deeleeramone/sec-company-facts/releases/download/parquet-latest/facts_enc-b00001.parquet,True
AAPL,Technology,2022-12-31,320193,Apple Inc.,https://github.com/deeleeramone/sec-company-facts/releases/download/parquet-latest/primary_tickers.parquet,DOLTHUB_SEC_PARQUET_MIRROR,YAHOO_CHART,2022-12-30,129.92999267578125,,,https://query1.finance.yahoo.com/v8/finance/chart/AAPL?period1=1577836800&period2=1783296000&interval=1d&events=history&includeAdjustedClose=true,SKIPPED_IN_CORE_SMOKE,394328000000.0,2022-10-28,2022-09-24,170782000000.0,2022-10-28,2022-09-24,99803000000.0,2022-10-28,2022-09-24,122151000000.0,2022-10-28,2022-09-24,10708000000.0,2022-10-28,2022-09-24,50672000000.0,2022-10-28,2022-09-24,24977000000.0,2022-10-28,2022-09-24,352755000000.0,2022-10-28,2022-09-24,302083000000.0,2022-10-28,2022-09-24,98959000000.0,2022-10-28,2022-09-24,16325819000.0,2022-10-28,2022-09-24,6.11,2022-10-28,2022-09-24,2022-10-28,https://github.com/deeleeramone/sec-company-facts/releases/download/parquet-latest/facts_enc-b00001.parquet,True
AAPL,Technology,2023-03-31,320193,Apple Inc.,https://github.com/deeleeramone/sec-company-facts/releases/download/parquet-latest/primary_tickers.parquet,DOLTHUB_SEC_PARQUET_MIRROR,YAHOO_CHART,2023-03-31,164.89999389648438,,,https://query1.finance.yahoo.com/v8/finance/chart/AAPL?period1=1577836800&period2=1783296000&interval=1d&events=history&includeAdjustedClose=true,SKIPPED_IN_CORE_SMOKE,117154000000.0,2023-02-03,2022-12-31,50332000000.0,2023-02-03,2022-12-31,29998000000.0,2023-02-03,2022-12-31,34005000000.0,2023-02-03,2022-12-31,3787000000.0,2023-02-03,2022-12-31,56727000000.0,2023-02-03,2022-12-31,21974000000.0,2023-02-03,2022-12-31,346747000000.0,2023-02-03,2022-12-31,290020000000.0,2023-02-03,2022-12-31,99627000000.0,2023-02-03,2022-12-31,15955718000.0,2023-02-03,2022-12-31,1.88,2023-02-03,2022-12-31,2023-02-03,https://github.com/deeleeramone/sec-company-facts/releases/download/parquet-latest/facts_enc-b00001.parquet,True
AAPL,Technology,2023-06-30,320193,Apple Inc.,https://github.com/deeleeramone/sec-company-facts/releases/download/parquet-latest/primary_tickers.parquet,DOLTHUB_SEC_PARQUET_MIRROR,YAHOO_CHART,2023-06-30,193.97000122070312,,,https://query1.finance.yahoo.com/v8/finance/chart/AAPL?period1=1577836800&period2=1783296000&interval=1d&events=history&includeAdjustedClose=true,SKIPPED_IN_CORE_SMOKE,211990000000.0,2023-05-05,2023-04-01,41976000000.0,2023-05-05,2023-04-01,24160000000.0,2023-05-05,2023-04-01,62565000000.0,2023-05-05,2023-04-01,6703000000.0,2023-05-05,2023-04-01,62158000000.0,2023-05-05,2023-04-01,27129000000.0,2023-05-05,2023-04-01,332160000000.0,2023-05-05,2023-04-01,270002000000.0,2023-05-05,2023-04-01,10578000000.0,2023-05-05,2023-04-01,15901384000.0,2023-05-05,2023-04-01,3.41,2023-05-05,2023-04-01,2023-05-05,https://github.com/deeleeramone/sec-company-facts/releases/download/parquet-latest/facts_enc-b00001.parquet,True
AAPL,Technology,2023-09-30,320193,Apple Inc.,https://github.com/deeleeramone/sec-company-facts/releases/download/parquet-latest/primary_tickers.parquet,DOLTHUB_SEC_PARQUET_MIRROR,YAHOO_CHART,2023-09-29,171.2100067138672,,,https://query1.finance.yahoo.com/v8/finance/chart/AAPL?period1=1577836800&period2=1783296000&interval=1d&events=history&includeAdjustedClose=true,SKIPPED_IN_CORE_SMOKE,81797000000.0,2023-08-04,2023-07-01,128721000000.0,2023-08-04,2023-07-01,19881000000.0,2023-08-04,2023-07-01,88945000000.0,2023-08-04,2023-07-01,8796000000.0,2023-08-04,2023-07-01,60274000000.0,2023-08-04,2023-07-01,29898000000.0,2023-08-04,2023-07-01,335038000000.0,2023-08-04,2023-07-01,274764000000.0,2023-08-04,2023-07-01,7216000000.0,2023-08-04,2023-07-01,15775021000.0,2023-08-04,2023-07-01,4.67,2023-08-04,2023-07-01,2023-08-04,https://github.com/deeleeramone/sec-company-facts/releases/download/parquet-latest/facts_enc-b00001.parquet,True
AAPL,Technology,2023-12-31,320193,Apple Inc.,https://github.com/deeleeramone/sec-company-facts/releases/download/parquet-latest/primary_tickers.parquet,DOLTHUB_SEC_PARQUET_MIRROR,YAHOO_CHART,2023-12-29,192.52999877929688,,,https://query1.finance.yahoo.com/v8/finance/chart/AAPL?period1=1577836800&period2=1783296000&interval=1d&events=history&includeAdjustedClose=true,SKIPPED_IN_CORE_SMOKE,383285000000.0,2023-11-03,2023-09-30,169148000000.0,2023-11-03,2023-09-30,96995000000.0,2023-11-03,2023-09-30,110543000000.0,2023-11-03,2023-09-30,10959000000.0,2023-11-03,2023-09-30,62146000000.0,2023-11-03,2023-09-30,29965000000.0,2023-11-03,2023-09-30,352583000000.0,2023-11-03,2023-09-30,290437000000.0,2023-11-03,2023-09-30,95281000000.0,2023-11-03,2023-09-30,15812547000.0,2023-11-03,2023-09-30,6.13,2023-11-03,2023-09-30,2023-11-03,https://github.com/deeleeramone/sec-company-facts/releases/download/parquet-latest/facts_enc-b00001.parquet,True
AAPL,Technology,2024-03-31,320193,Apple Inc.,https://github.com/deeleeramone/sec-company-facts/releases/download/parquet-latest/primary_tickers.parquet,DOLTHUB_SEC_PARQUET_MIRROR,YAHOO_CHART,2024-03-28,171.47999572753906,,,https://query1.finance.yahoo.com/v8/finance/chart/AAPL?period1=1577836800&period2=1783296000&interval=1d&events=history&includeAdjustedClose=true,SKIPPED_IN_CORE_SMOKE,119575000000.0,2024-02-02,2023-12-30,54855000000.0,2024-02-02,2023-12-30,33916000000.0,2024-02-02,2023-12-30,39895000000.0,2024-02-02,2023-12-30,2392000000.0,2024-02-02,2023-12-30,74100000000.0,2024-02-02,2023-12-30,40760000000.0,2024-02-02,2023-12-30,353514000000.0,2024-02-02,2023-12-30,279414000000.0,2024-02-02,2023-12-30,95088000000.0,2024-02-02,2023-12-30,15576641000.0,2024-02-02,2023-12-30,2.18,2024-02-02,2023-12-30,2024-02-02,https://github.com/deeleeramone/sec-company-facts/releases/download/parquet-latest/facts_enc-b00001.parquet,True
AAPL,Technology,2024-06-30,320193,Apple Inc.,https://github.com/deeleeramone/sec-company-facts/releases/download/parquet-latest/primary_tickers.parquet,DOLTHUB_SEC_PARQUET_MIRROR,YAHOO_CHART,2024-06-28,210.6199951171875,,,https://query1.finance.yahoo.com/v8/finance/chart/AAPL?period1=1577836800&period2=1783296000&interval=1d&events=history&includeAdjustedClose=true,SKIPPED_IN_CORE_SMOKE,210328000000.0,2024-05-03,2024-03-30,42271000000.0,2024-05-03,2024-03-30,57552000000.0,2024-05-03,2024-03-30,62585000000.0,2024-05-03,2024-03-30,4388000000.0,2024-05-03,2024-03-30,74194000000.0,2024-05-03,2024-03-30,33921000000.0,2024-05-03,2024-03-30,337411000000.0,2024-05-03,2024-03-30,263217000000.0,2024-05-03,2024-03-30,91831000000.0,2024-05-03,2024-03-30,15520675000.0,2024-05-03,2024-03-30,3.71,2024-05-03,2024-03-30,2024-05-03,https://github.com/deeleeramone/sec-company-facts/releases/download/parquet-latest/facts_enc-b00001.parquet,True
AAPL,Technology,2024-09-30,320193,Apple Inc.,https://github.com/deeleeramone/sec-company-facts/releases/download/parquet-latest/primary_tickers.parquet,DOLTHUB_SEC_PARQUET_MIRROR,YAHOO_CHART,2024-09-30,233.0,,,https://query1.finance.yahoo.com/v8/finance/chart/AAPL?period1=1577836800&period2=1783296000&interval=1d&events=history&includeAdjustedClose=true,SKIPPED_IN_CORE_SMOKE,85777000000.0,2024-08-02,2024-06-29,136804000000.0,2024-08-02,2024-06-29,21448000000.0,2024-08-02,2024-06-29,91443000000.0,2024-08-02,2024-06-29,6539000000.0,2024-08-02,2024-06-29,66708000000.0,2024-08-02,2024-06-29,25565000000.0,2024-08-02,2024-06-29,331612000000.0,2024-08-02,2024-06-29,264904000000.0,2024-08-02,2024-06-29,86196000000.0,2024-08-02,2024-06-29,15348175000.0,2024-08-02,2024-06-29,5.11,2024-08-02,2024-06-29,2024-08-02,https://github.com/deeleeramone/sec-company-facts/releases/download/parquet-latest/facts_enc-b00001.parquet,True
AAPL,Technology,2024-12-31,320193,Apple Inc.,https://github.com/deeleeramone/sec-company-facts/releases/download/parquet-latest/primary_tickers.parquet,DOLTHUB_SEC_PARQUET_MIRROR,YAHOO_CHART,2024-12-31,250.4199981689453,,,https://query1.finance.yahoo.com/v8/finance/chart/AAPL?period1=1577836800&period2=1783296000&interval=1d&events=history&includeAdjustedClose=true,SKIPPED_IN_CORE_SMOKE,391035000000.0,2024-11-01,2024-09-28,180683000000.0,2024-11-01,2024-09-28,93736000000.0,2024-11-01,2024-09-28,118254000000.0,2024-11-01,2024-09-28,9447000000.0,2024-11-01,2024-09-28,56950000000.0,2024-11-01,2024-09-28,29943000000.0,2024-11-01,2024-09-28,364980000000.0,2024-11-01,2024-09-28,308030000000.0,2024-11-01,2024-09-28,10912000000.0,2024-11-01,2024-09-28,15408095000.0,2024-11-01,2024-09-28,6.08,2024-11-01,2024-09-28,2024-11-01,https://github.com/deeleeramone/sec-company-facts/releases/download/parquet-latest/facts_enc-b00001.parquet,True
AAPL,Technology,2025-03-31,320193,Apple Inc.,https://github.com/deeleeramone/sec-company-facts/releases/download/parquet-latest/primary_tickers.parquet,DOLTHUB_SEC_PARQUET_MIRROR,YAHOO_CHART,2025-03-31,222.1300048828125,,,https://query1.finance.yahoo.com/v8/finance/chart/AAPL?period1=1577836800&period2=1783296000&interval=1d&events=history&includeAdjustedClose=true,SKIPPED_IN_CORE_SMOKE,124300000000.0,2025-01-31,2024-12-28,58275000000.0,2025-01-31,2024-12-28,36330000000.0,2025-01-31,2024-12-28,29935000000.0,2025-01-31,2024-12-28,2940000000.0,2025-01-31,2024-12-28,66758000000.0,2025-01-31,2024-12-28,30299000000.0,2025-01-31,2024-12-28,344085000000.0,2025-01-31,2024-12-28,277327000000.0,2025-01-31,2024-12-28,10848000000.0,2025-01-31,2024-12-28,15150865000.0,2025-01-31,2024-12-28,2.4,2025-01-31,2024-12-28,2025-01-31,https://github.com/deeleeramone/sec-company-facts/releases/download/parquet-latest/facts_enc-b00001.parquet,True
AAPL,Technology,2025-06-30,320193,Apple Inc.,https://github.com/deeleeramone/sec-company-facts/releases/download/parquet-latest/primary_tickers.parquet,DOLTHUB_SEC_PARQUET_MIRROR,YAHOO_CHART,2025-06-30,205.1699981689453,,,https://query1.finance.yahoo.com/v8/finance/chart/AAPL?period1=1577836800&period2=1783296000&interval=1d&events=history&includeAdjustedClose=true,SKIPPED_IN_CORE_SMOKE,219659000000.0,2025-05-02,2025-03-29,44867000000.0,2025-05-02,2025-03-29,24780000000.0,2025-05-02,2025-03-29,53887000000.0,2025-05-02,2025-03-29,6011000000.0,2025-05-02,2025-03-29,66796000000.0,2025-05-02,2025-03-29,28162000000.0,2025-05-02,2025-03-29,331233000000.0,2025-05-02,2025-03-29,264437000000.0,2025-05-02,2025-03-29,78566000000.0,2025-05-02,2025-03-29,15056133000.0,2025-05-02,2025-03-29,1.65,2025-05-02,2025-03-29,2025-05-02,https://github.com/deeleeramone/sec-company-facts/releases/download/parquet-latest/facts_enc-b00001.parquet,True
AAPL,Technology,2025-09-30,320193,Apple Inc.,https://github.com/deeleeramone/sec-company-facts/releases/download/parquet-latest/primary_tickers.parquet,DOLTHUB_SEC_PARQUET_MIRROR,YAHOO_CHART,2025-09-30,254.6300048828125,,,https://query1.finance.yahoo.com/v8/finance/chart/AAPL?period1=1577836800&period2=1783296000&interval=1d&events=history&includeAdjustedClose=true,SKIPPED_IN_CORE_SMOKE,94036000000.0,2025-08-01,2025-06-28,146860000000.0,2025-08-01,2025-06-28,84544000000.0,2025-08-01,2025-06-28,81754000000.0,2025-08-01,2025-06-28,9473000000.0,2025-08-01,2025-06-28,65830000000.0,2025-08-01,2025-06-28,36269000000.0,2025-08-01,2025-06-28,331495000000.0,2025-08-01,2025-06-28,265665000000.0,2025-08-01,2025-06-28,82430000000.0,2025-08-01,2025-06-28,15051726000.0,2025-08-01,2025-06-28,1.57,2025-08-01,2025-06-28,2025-08-01,https://github.com/deeleeramone/sec-company-facts/releases/download/parquet-latest/facts_enc-b00001.parquet,True
AAPL,Technology,2025-12-31,320193,Apple Inc.,https://github.com/deeleeramone/sec-company-facts/releases/download/parquet-latest/primary_tickers.parquet,DOLTHUB_SEC_PARQUET_MIRROR,YAHOO_CHART,2025-12-31,271.8599853515625,,,https://query1.finance.yahoo.com/v8/finance/chart/AAPL?period1=1577836800&period2=1783296000&interval=1d&events=history&includeAdjustedClose=true,SKIPPED_IN_CORE_SMOKE,416161000000.0,2025-10-31,2025-09-27,195201000000.0,2025-10-31,2025-09-27,112010000000.0,2025-10-31,2025-09-27,111482000000.0,2025-10-31,2025-09-27,12715000000.0,2025-10-31,2025-09-27,73733000000.0,2025-10-31,2025-09-27,35934000000.0,2025-10-31,2025-09-27,359241000000.0,2025-10-31,2025-09-27,285508000000.0,2025-10-31,2025-09-27,12350000000.0,2025-10-31,2025-09-27,15004697000.0,2025-10-31,2025-09-27,7.46,2025-10-31,2025-09-27,2025-10-31,https://github.com/deeleeramone/sec-company-facts/releases/download/parquet-latest/facts_enc-b00001.parquet,True
AAPL,Technology,2026-03-31,320193,Apple Inc.,https://github.com/deeleeramone/sec-company-facts/releases/download/parquet-latest/primary_tickers.parquet,DOLTHUB_SEC_PARQUET_MIRROR,YAHOO_CHART,2026-03-31,253.7899932861328,,,https://query1.finance.yahoo.com/v8/finance/chart/AAPL?period1=1577836800&period2=1783296000&interval=1d&events=history&includeAdjustedClose=true,SKIPPED_IN_CORE_SMOKE,143756000000.0,2026-01-30,2025-12-27,69231000000.0,2026-01-30,2025-12-27,42097000000.0,2026-01-30,2025-12-27,53925000000.0,2026-01-30,2025-12-27,2373000000.0,2026-01-30,2025-12-27,88190000000.0,2026-01-30,2025-12-27,45317000000.0,2026-01-30,2025-12-27,379297000000.0,2026-01-30,2025-12-27,291107000000.0,2026-01-30,2025-12-27,11827000000.0,2026-01-30,2025-12-27,14810356000.0,2026-01-30,2025-12-27,2.84,2026-01-30,2025-12-27,2026-01-30,https://github.com/deeleeramone/sec-company-facts/releases/download/parquet-latest/facts_enc-b00001.parquet,True
AAPL,Technology,2026-06-30,320193,Apple Inc.,https://github.com/deeleeramone/sec-company-facts/releases/download/parquet-latest/primary_tickers.parquet,DOLTHUB_SEC_PARQUET_MIRROR,YAHOO_CHART,2026-06-30,289.3599853515625,,,https://query1.finance.yahoo.com/v8/finance/chart/AAPL?period1=1577836800&period2=1783296000&interval=1d&events=history&includeAdjustedClose=true,SKIPPED_IN_CORE_SMOKE,111184000000.0,2026-05-01,2026-03-28,54781000000.0,2026-05-01,2026-03-28,29578000000.0,2026-05-01,2026-03-28,82627000000.0,2026-05-01,2026-03-28,4344000000.0,2026-05-01,2026-03-28,106491000000.0,2026-05-01,2026-03-28,45572000000.0,2026-05-01,2026-03-28,371082000000.0,2026-05-01,2026-03-28,264591000000.0,2026-05-01,2026-03-28,74404000000.0,2026-05-01,2026-03-28,14725873000.0,2026-05-01,2026-03-28,2.01,2026-05-01,2026-03-28,2026-05-01,https://github.com/deeleeramone/sec-company-facts/releases/download/parquet-latest/facts_enc-b00001.parquet,True
MSFT,Technology,2021-03-31,789019,MICROSOFT CORP,https://github.com/deeleeramone/sec-company-facts/releases/download/parquet-latest/primary_tickers.parquet,DOLTHUB_SEC_PARQUET_MIRROR,YAHOO_CHART,2021-03-31,235.77000427246094,,,https://query1.finance.yahoo.com/v8/finance/chart/MSFT?period1=1577836800&period2=1783296000&interval=1d&events=history&includeAdjustedClose=true,SKIPPED_IN_CORE_SMOKE,80230000000.0,2021-01-26,2020-12-31,55034000000.0,2021-01-26,2020-12-31,15463000000.0,2021-01-26,2020-12-31,31851000000.0,2021-01-26,2020-12-31,4174000000.0,2021-01-26,2020-12-31,130236000000.0,2021-01-26,2020-12-31,14432000000.0,2021-01-26,2020-12-31,304137000000.0,2021-01-26,2020-12-31,173901000000.0,2021-01-26,2020-12-31,5387000000.0,2021-01-26,2020-12-31,7616000000.0,2021-01-26,2020-12-31,2.03,2021-01-26,2020-12-31,2021-01-26,https://github.com/deeleeramone/sec-company-facts/releases/download/parquet-latest/facts_enc-b00027.parquet,True
MSFT,Technology,2021-06-30,789019,MICROSOFT CORP,https://github.com/deeleeramone/sec-company-facts/releases/download/parquet-latest/primary_tickers.parquet,DOLTHUB_SEC_PARQUET_MIRROR,YAHOO_CHART,2021-06-30,270.8999938964844,,,https://query1.finance.yahoo.com/v8/finance/chart/MSFT?period1=1577836800&period2=1783296000&interval=1d&events=history&includeAdjustedClose=true,SKIPPED_IN_CORE_SMOKE,121936000000.0,2021-04-27,2021-03-31,83695000000.0,2021-04-27,2021-03-31,44813000000.0,2021-04-27,2021-03-31,54030000000.0,2021-04-27,2021-03-31,5089000000.0,2021-04-27,2021-03-31,134505000000.0,2021-04-27,2021-03-31,13702000000.0,2021-04-27,2021-03-31,308879000000.0,2021-04-27,2021-03-31,174374000000.0,2021-04-27,2021-03-31,8051000000.0,2021-04-27,2021-03-31,7597000000.0,2021-04-27,2021-03-31,5.88,2021-04-27,2021-03-31,2021-04-27,https://github.com/deeleeramone/sec-company-facts/releases/download/parquet-latest/facts_enc-b00027.parquet,True
MSFT,Technology,2021-09-30,789019,MICROSOFT CORP,https://github.com/deeleeramone/sec-company-facts/releases/download/parquet-latest/primary_tickers.parquet,DOLTHUB_SEC_PARQUET_MIRROR,YAHOO_CHART,2021-09-30,281.9200134277344,,,https://query1.finance.yahoo.com/v8/finance/chart/MSFT?period1=1577836800&period2=1783296000&interval=1d&events=history&includeAdjustedClose=true,SKIPPED_IN_CORE_SMOKE,168088000000.0,2021-07-29,2021-06-30,115856000000.0,2021-07-29,2021-06-30,61271000000.0,2021-07-29,2021-06-30,76740000000.0,2021-07-29,2021-06-30,20622000000.0,2021-07-29,2021-06-30,141988000000.0,2021-07-29,2021-06-30,14224000000.0,2021-07-29,2021-06-30,333779000000.0,2021-07-29,2021-06-30,191791000000.0,2021-07-29,2021-06-30,8072000000.0,2021-07-29,2021-06-30,7608000000.0,2021-07-29,2021-06-30,8.05,2021-07-29,2021-06-30,2021-07-29,https://github.com/deeleeramone/sec-company-facts/releases/download/parquet-latest/facts_enc-b00027.parquet,True
MSFT,Technology,2021-12-31,789019,MICROSOFT CORP,https://github.com/deeleeramone/sec-company-facts/releases/download/parquet-latest/primary_tickers.parquet,DOLTHUB_SEC_PARQUET_MIRROR,YAHOO_CHART,2021-12-31,336.32000732421875,,,https://query1.finance.yahoo.com/v8/finance/chart/MSFT?period1=1577836800&period2=1783296000&interval=1d&events=history&includeAdjustedClose=true,SKIPPED_IN_CORE_SMOKE,45317000000.0,2021-10-26,2021-09-30,31671000000.0,2021-10-26,2021-09-30,20505000000.0,2021-10-26,2021-09-30,24540000000.0,2021-10-26,2021-09-30,5810000000.0,2021-10-26,2021-09-30,151978000000.0,2021-10-26,2021-09-30,19165000000.0,2021-10-26,2021-09-30,335418000000.0,2021-10-26,2021-09-30,183440000000.0,2021-10-26,2021-09-30,50039000000.0,2021-10-26,2021-09-30,7567000000.0,2021-10-26,2021-09-30,2.71,2021-10-26,2021-09-30,2021-10-26,https://github.com/deeleeramone/sec-company-facts/releases/download/parquet-latest/facts_enc-b00027.parquet,True
MSFT,Technology,2022-03-31,789019,MICROSOFT CORP,https://github.com/deeleeramone/sec-company-facts/releases/download/parquet-latest/primary_tickers.parquet,DOLTHUB_SEC_PARQUET_MIRROR,YAHOO_CHART,2022-03-31,308.30999755859375,,,https://query1.finance.yahoo.com/v8/finance/chart/MSFT?period1=1577836800&period2=1783296000&interval=1d&events=history&includeAdjustedClose=true,SKIPPED_IN_CORE_SMOKE,51728000000.0,2022-01-25,2021-12-31,34768000000.0,2022-01-25,2021-12-31,39270000000.0,2022-01-25,2021-12-31,39020000000.0,2022-01-25,2021-12-31,5865000000.0,2022-01-25,2021-12-31,160010000000.0,2022-01-25,2021-12-31,20604000000.0,2022-01-25,2021-12-31,340389000000.0,2022-01-25,2021-12-31,180379000000.0,2022-01-25,2021-12-31,4998000000.0,2022-01-25,2021-12-31,7555000000.0,2022-01-25,2021-12-31,2.48,2022-01-25,2021-12-31,2022-01-25,https://github.com/deeleeramone/sec-company-facts/releases/download/parquet-latest/facts_enc-b00027.parquet,True
MSFT,Technology,2022-06-30,789019,MICROSOFT CORP,https://github.com/deeleeramone/sec-company-facts/releases/download/parquet-latest/primary_tickers.parquet,DOLTHUB_SEC_PARQUET_MIRROR,YAHOO_CHART,2022-06-30,256.8299865722656,,,https://query1.finance.yahoo.com/v8/finance/chart/MSFT?period1=1577836800&period2=1783296000&interval=1d&events=history&includeAdjustedClose=true,SKIPPED_IN_CORE_SMOKE,146405000000.0,2022-04-26,2022-03-31,100184000000.0,2022-04-26,2022-03-31,16728000000.0,2022-04-26,2022-03-31,64406000000.0,2022-04-26,2022-03-31,17015000000.0,2022-04-26,2022-03-31,162924000000.0,2022-04-26,2022-03-31,12498000000.0,2022-04-26,2022-03-31,344607000000.0,2022-04-26,2022-03-31,181683000000.0,2022-04-26,2022-03-31,1749000000.0,2022-04-26,2022-03-31,7534000000.0,2022-04-26,2022-03-31,2.22,2022-04-26,2022-03-31,2022-04-26,https://github.com/deeleeramone/sec-company-facts/releases/download/parquet-latest/facts_enc-b00027.parquet,True
MSFT,Technology,2022-09-30,789019,MICROSOFT CORP,https://github.com/deeleeramone/sec-company-facts/releases/download/parquet-latest/primary_tickers.parquet,DOLTHUB_SEC_PARQUET_MIRROR,YAHOO_CHART,2022-09-30,232.89999389648438,,,https://query1.finance.yahoo.com/v8/finance/chart/MSFT?period1=1577836800&period2=1783296000&interval=1d&events=history&includeAdjustedClose=true,SKIPPED_IN_CORE_SMOKE,198270000000.0,2022-07-28,2022-06-30,135620000000.0,2022-07-28,2022-06-30,72738000000.0,2022-07-28,2022-06-30,89035000000.0,2022-07-28,2022-06-30,23886000000.0,2022-07-28,2022-06-30,166542000000.0,2022-07-28,2022-06-30,13931000000.0,2022-07-28,2022-06-30,364840000000.0,2022-07-28,2022-06-30,198298000000.0,2022-07-28,2022-06-30,47032000000.0,2022-07-28,2022-06-30,7540000000.0,2022-07-28,2022-06-30,9.65,2022-07-28,2022-06-30,2022-07-28,https://github.com/deeleeramone/sec-company-facts/releases/download/parquet-latest/facts_enc-b00027.parquet,True
MSFT,Technology,2022-12-31,789019,MICROSOFT CORP,https://github.com/deeleeramone/sec-company-facts/releases/download/parquet-latest/primary_tickers.parquet,DOLTHUB_SEC_PARQUET_MIRROR,YAHOO_CHART,2022-12-30,239.82000732421875,,,https://query1.finance.yahoo.com/v8/finance/chart/MSFT?period1=1577836800&period2=1783296000&interval=1d&events=history&includeAdjustedClose=true,SKIPPED_IN_CORE_SMOKE,50122000000.0,2022-10-25,2022-09-30,34670000000.0,2022-10-25,2022-09-30,17556000000.0,2022-10-25,2022-09-30,23198000000.0,2022-10-25,2022-09-30,6283000000.0,2022-10-25,2022-09-30,173566000000.0,2022-10-25,2022-09-30,22884000000.0,2022-10-25,2022-09-30,359784000000.0,2022-10-25,2022-09-30,186218000000.0,2022-10-25,2022-09-30,45374000000.0,2022-10-25,2022-09-30,7485000000.0,2022-10-25,2022-09-30,2.35,2022-10-25,2022-09-30,2022-10-25,https://github.com/deeleeramone/sec-company-facts/releases/download/parquet-latest/facts_enc-b00027.parquet,True
MSFT,Technology,2023-03-31,789019,MICROSOFT CORP,https://github.com/deeleeramone/sec-company-facts/releases/download/parquet-latest/primary_tickers.parquet,DOLTHUB_SEC_PARQUET_MIRROR,YAHOO_CHART,2023-03-31,288.29998779296875,,,https://query1.finance.yahoo.com/v8/finance/chart/MSFT?period1=1577836800&period2=1783296000&interval=1d&events=history&includeAdjustedClose=true,SKIPPED_IN_CORE_SMOKE,52747000000.0,2023-01-24,2022-12-31,35259000000.0,2023-01-24,2022-12-31,33981000000.0,2023-01-24,2022-12-31,34371000000.0,2023-01-24,2022-12-31,12557000000.0,2023-01-24,2022-12-31,183136000000.0,2023-01-24,2022-12-31,15646000000.0,2023-01-24,2022-12-31,364552000000.0,2023-01-24,2022-12-31,181416000000.0,2023-01-24,2022-12-31,3997000000.0,2023-01-24,2022-12-31,7473000000.0,2023-01-24,2022-12-31,4.54,2023-01-24,2022-12-31,2023-01-24,https://github.com/deeleeramone/sec-company-facts/releases/download/parquet-latest/facts_enc-b00027.parquet,True
MSFT,Technology,2023-06-30,789019,MICROSOFT CORP,https://github.com/deeleeramone/sec-company-facts/releases/download/parquet-latest/primary_tickers.parquet,DOLTHUB_SEC_PARQUET_MIRROR,YAHOO_CHART,2023-06-30,340.5400085449219,,,https://query1.finance.yahoo.com/v8/finance/chart/MSFT?period1=1577836800&period2=1783296000&interval=1d&events=history&includeAdjustedClose=true,SKIPPED_IN_CORE_SMOKE,52857000000.0,2023-04-25,2023-03-31,106658000000.0,2023-04-25,2023-03-31,18299000000.0,2023-04-25,2023-03-31,24441000000.0,2023-04-25,2023-03-31,6607000000.0,2023-04-25,2023-03-31,194683000000.0,2023-04-25,2023-03-31,26562000000.0,2023-04-25,2023-03-31,380088000000.0,2023-04-25,2023-03-31,185405000000.0,2023-04-25,2023-03-31,41965000000.0,2023-04-25,2023-03-31,7464000000.0,2023-04-25,2023-03-31,6.99,2023-04-25,2023-03-31,2023-04-25,https://github.com/deeleeramone/sec-company-facts/releases/download/parquet-latest/facts_enc-b00027.parquet,True
MSFT,Technology,2023-09-30,789019,MICROSOFT CORP,https://github.com/deeleeramone/sec-company-facts/releases/download/parquet-latest/primary_tickers.parquet,DOLTHUB_SEC_PARQUET_MIRROR,YAHOO_CHART,2023-09-29,315.75,,,https://query1.finance.yahoo.com/v8/finance/chart/MSFT?period1=1577836800&period2=1783296000&interval=1d&events=history&includeAdjustedClose=true,SKIPPED_IN_CORE_SMOKE,211915000000.0,2023-07-27,2023-06-30,146052000000.0,2023-07-27,2023-06-30,72361000000.0,2023-07-27,2023-06-30,87582000000.0,2023-07-27,2023-06-30,28107000000.0,2023-07-27,2023-06-30,206223000000.0,2023-07-27,2023-06-30,34704000000.0,2023-07-27,2023-06-30,411976000000.0,2023-07-27,2023-06-30,205753000000.0,2023-07-27,2023-06-30,5247000000.0,2023-07-27,2023-06-30,7472000000.0,2023-07-27,2023-06-30,9.68,2023-07-27,2023-06-30,2023-07-27,https://github.com/deeleeramone/sec-company-facts/releases/download/parquet-latest/facts_enc-b00027.parquet,True
MSFT,Technology,2023-12-31,789019,MICROSOFT CORP,https://github.com/deeleeramone/sec-company-facts/releases/download/parquet-latest/primary_tickers.parquet,DOLTHUB_SEC_PARQUET_MIRROR,YAHOO_CHART,2023-12-29,376.0400085449219,,,https://query1.finance.yahoo.com/v8/finance/chart/MSFT?period1=1577836800&period2=1783296000&interval=1d&events=history&includeAdjustedClose=true,SKIPPED_IN_CORE_SMOKE,56517000000.0,2023-10-24,2023-09-30,40215000000.0,2023-10-24,2023-09-30,22291000000.0,2023-10-24,2023-09-30,30583000000.0,2023-10-24,2023-09-30,9917000000.0,2023-10-24,2023-09-30,220714000000.0,2023-10-24,2023-09-30,80452000000.0,2023-10-24,2023-09-30,445785000000.0,2023-10-24,2023-09-30,225071000000.0,2023-10-24,2023-09-30,41946000000.0,2023-10-24,2023-09-30,7462000000.0,2023-10-24,2023-09-30,2.99,2023-10-24,2023-09-30,2023-10-24,https://github.com/deeleeramone/sec-company-facts/releases/download/parquet-latest/facts_enc-b00027.parquet,True
MSFT,Technology,2024-03-31,789019,MICROSOFT CORP,https://github.com/deeleeramone/sec-company-facts/releases/download/parquet-latest/primary_tickers.parquet,DOLTHUB_SEC_PARQUET_MIRROR,YAHOO_CHART,2024-03-28,420.7200012207031,,,https://query1.finance.yahoo.com/v8/finance/chart/MSFT?period1=1577836800&period2=1783296000&interval=1d&events=history&includeAdjustedClose=true,SKIPPED_IN_CORE_SMOKE,62020000000.0,2024-01-30,2023-12-31,82612000000.0,2024-01-30,2023-12-31,21870000000.0,2024-01-30,2023-12-31,18853000000.0,2024-01-30,2023-12-31,19652000000.0,2024-01-30,2023-12-31,238268000000.0,2024-01-30,2023-12-31,17305000000.0,2024-01-30,2023-12-31,470558000000.0,2024-01-30,2023-12-31,232290000000.0,2024-01-30,2023-12-31,44928000000.0,2024-01-30,2023-12-31,7465000000.0,2024-01-30,2023-12-31,5.92,2024-01-30,2023-12-31,2024-01-30,https://github.com/deeleeramone/sec-company-facts/releases/download/parquet-latest/facts_enc-b00027.parquet,True
MSFT,Technology,2024-06-30,789019,MICROSOFT CORP,https://github.com/deeleeramone/sec-company-facts/releases/download/parquet-latest/primary_tickers.parquet,DOLTHUB_SEC_PARQUET_MIRROR,YAHOO_CHART,2024-06-28,446.95001220703125,,,https://query1.finance.yahoo.com/v8/finance/chart/MSFT?period1=1577836800&period2=1783296000&interval=1d&events=history&includeAdjustedClose=true,SKIPPED_IN_CORE_SMOKE,61858000000.0,2024-04-25,2024-03-31,125965000000.0,2024-04-25,2024-03-31,21939000000.0,2024-04-25,2024-03-31,31917000000.0,2024-04-25,2024-03-31,30604000000.0,2024-04-25,2024-03-31,253152000000.0,2024-04-25,2024-03-31,19634000000.0,2024-04-25,2024-03-31,484275000000.0,2024-04-25,2024-03-31,231123000000.0,2024-04-25,2024-03-31,2249000000.0,2024-04-25,2024-03-31,7467000000.0,2024-04-25,2024-03-31,8.85,2024-04-25,2024-03-31,2024-04-25,https://github.com/deeleeramone/sec-company-facts/releases/download/parquet-latest/facts_enc-b00027.parquet,True
MSFT,Technology,2024-09-30,789019,MICROSOFT CORP,https://github.com/deeleeramone/sec-company-facts/releases/download/parquet-latest/primary_tickers.parquet,DOLTHUB_SEC_PARQUET_MIRROR,YAHOO_CHART,2024-09-30,430.29998779296875,,,https://query1.finance.yahoo.com/v8/finance/chart/MSFT?period1=1577836800&period2=1783296000&interval=1d&events=history&includeAdjustedClose=true,SKIPPED_IN_CORE_SMOKE,245122000000.0,2024-07-30,2024-06-30,171008000000.0,2024-07-30,2024-06-30,88136000000.0,2024-07-30,2024-06-30,118548000000.0,2024-07-30,2024-06-30,44477000000.0,2024-07-30,2024-06-30,268477000000.0,2024-07-30,2024-06-30,18315000000.0,2024-07-30,2024-06-30,512163000000.0,2024-07-30,2024-06-30,243686000000.0,2024-07-30,2024-06-30,2249000000.0,2024-07-30,2024-06-30,7469000000.0,2024-07-30,2024-06-30,11.8,2024-07-30,2024-06-30,2024-07-30,https://github.com/deeleeramone/sec-company-facts/releases/download/parquet-latest/facts_enc-b00027.parquet,True
MSFT,Technology,2024-12-31,789019,MICROSOFT CORP,https://github.com/deeleeramone/sec-company-facts/releases/download/parquet-latest/primary_tickers.parquet,DOLTHUB_SEC_PARQUET_MIRROR,YAHOO_CHART,2024-12-31,421.5,,,https://query1.finance.yahoo.com/v8/finance/chart/MSFT?period1=1577836800&period2=1783296000&interval=1d&events=history&includeAdjustedClose=true,SKIPPED_IN_CORE_SMOKE,65585000000.0,2024-10-30,2024-09-30,45486000000.0,2024-10-30,2024-09-30,24667000000.0,2024-10-30,2024-09-30,34180000000.0,2024-10-30,2024-09-30,14923000000.0,2024-10-30,2024-09-30,287723000000.0,2024-10-30,2024-09-30,20840000000.0,2024-10-30,2024-09-30,523013000000.0,2024-10-30,2024-09-30,235290000000.0,2024-10-30,2024-09-30,2249000000.0,2024-10-30,2024-09-30,7470000000.0,2024-10-30,2024-09-30,3.3,2024-10-30,2024-09-30,2024-10-30,https://github.com/deeleeramone/sec-company-facts/releases/download/parquet-latest/facts_enc-b00027.parquet,True
MSFT,Technology,2025-03-31,789019,MICROSOFT CORP,https://github.com/deeleeramone/sec-company-facts/releases/download/parquet-latest/primary_tickers.parquet,DOLTHUB_SEC_PARQUET_MIRROR,YAHOO_CHART,2025-03-31,375.3900146484375,,,https://query1.finance.yahoo.com/v8/finance/chart/MSFT?period1=1577836800&period2=1783296000&interval=1d&events=history&includeAdjustedClose=true,SKIPPED_IN_CORE_SMOKE,69632000000.0,2025-01-29,2024-12-31,47833000000.0,2025-01-29,2024-12-31,48775000000.0,2025-01-29,2024-12-31,22291000000.0,2025-01-29,2024-12-31,30727000000.0,2025-01-29,2024-12-31,302695000000.0,2025-01-29,2024-12-31,17482000000.0,2025-01-29,2024-12-31,533898000000.0,2025-01-29,2024-12-31,231203000000.0,2025-01-29,2024-12-31,39722000000.0,2025-01-29,2024-12-31,7469000000.0,2025-01-29,2024-12-31,3.23,2025-01-29,2024-12-31,2025-01-29,https://github.com/deeleeramone/sec-company-facts/releases/download/parquet-latest/facts_enc-b00027.parquet,True
MSFT,Technology,2025-06-30,789019,MICROSOFT CORP,https://github.com/deeleeramone/sec-company-facts/releases/download/parquet-latest/primary_tickers.parquet,DOLTHUB_SEC_PARQUET_MIRROR,YAHOO_CHART,2025-06-30,497.4100036621094,,,https://query1.finance.yahoo.com/v8/finance/chart/MSFT?period1=1577836800&period2=1783296000&interval=1d&events=history&includeAdjustedClose=true,SKIPPED_IN_CORE_SMOKE,70066000000.0,2025-04-30,2025-03-31,48147000000.0,2025-04-30,2025-03-31,25824000000.0,2025-04-30,2025-03-31,37044000000.0,2025-04-30,2025-03-31,47472000000.0,2025-04-30,2025-03-31,321891000000.0,2025-04-30,2025-03-31,28828000000.0,2025-04-30,2025-03-31,562624000000.0,2025-04-30,2025-03-31,240733000000.0,2025-04-30,2025-03-31,39882000000.0,2025-04-30,2025-03-31,7466000000.0,2025-04-30,2025-03-31,9.99,2025-04-30,2025-03-31,2025-04-30,https://github.com/deeleeramone/sec-company-facts/releases/download/parquet-latest/facts_enc-b00027.parquet,True
MSFT,Technology,2025-09-30,789019,MICROSOFT CORP,https://github.com/deeleeramone/sec-company-facts/releases/download/parquet-latest/primary_tickers.parquet,DOLTHUB_SEC_PARQUET_MIRROR,YAHOO_CHART,2025-09-30,517.9500122070312,,,https://query1.finance.yahoo.com/v8/finance/chart/MSFT?period1=1577836800&period2=1783296000&interval=1d&events=history&includeAdjustedClose=true,SKIPPED_IN_CORE_SMOKE,281724000000.0,2025-07-30,2025-06-30,193893000000.0,2025-07-30,2025-06-30,101832000000.0,2025-07-30,2025-06-30,136162000000.0,2025-07-30,2025-06-30,64551000000.0,2025-07-30,2025-06-30,343479000000.0,2025-07-30,2025-06-30,30242000000.0,2025-07-30,2025-06-30,619003000000.0,2025-07-30,2025-06-30,275524000000.0,2025-07-30,2025-06-30,2999000000.0,2025-07-30,2025-06-30,7465000000.0,2025-07-30,2025-06-30,13.64,2025-07-30,2025-06-30,2025-07-30,https://github.com/deeleeramone/sec-company-facts/releases/download/parquet-latest/facts_enc-b00027.parquet,True
MSFT,Technology,2025-12-31,789019,MICROSOFT CORP,https://github.com/deeleeramone/sec-company-facts/releases/download/parquet-latest/primary_tickers.parquet,DOLTHUB_SEC_PARQUET_MIRROR,YAHOO_CHART,2025-12-31,483.6199951171875,,,https://query1.finance.yahoo.com/v8/finance/chart/MSFT?period1=1577836800&period2=1783296000&interval=1d&events=history&includeAdjustedClose=true,SKIPPED_IN_CORE_SMOKE,77673000000.0,2025-10-29,2025-09-30,53630000000.0,2025-10-29,2025-09-30,27747000000.0,2025-10-29,2025-09-30,45057000000.0,2025-10-29,2025-09-30,19394000000.0,2025-10-29,2025-09-30,363076000000.0,2025-10-29,2025-09-30,28849000000.0,2025-10-29,2025-09-30,636351000000.0,2025-10-29,2025-09-30,273275000000.0,2025-10-29,2025-09-30,7832000000.0,2025-10-29,2025-09-30,7466000000.0,2025-10-29,2025-09-30,3.72,2025-10-29,2025-09-30,2025-10-29,https://github.com/deeleeramone/sec-company-facts/releases/download/parquet-latest/facts_enc-b00027.parquet,True
MSFT,Technology,2026-03-31,789019,MICROSOFT CORP,https://github.com/deeleeramone/sec-company-facts/releases/download/parquet-latest/primary_tickers.parquet,DOLTHUB_SEC_PARQUET_MIRROR,YAHOO_CHART,2026-03-31,370.1700134277344,,,https://query1.finance.yahoo.com/v8/finance/chart/MSFT?period1=1577836800&period2=1783296000&interval=1d&events=history&includeAdjustedClose=true,SKIPPED_IN_CORE_SMOKE,158946000000.0,2026-01-28,2025-12-31,108925000000.0,2026-01-28,2025-12-31,66205000000.0,2026-01-28,2025-12-31,80815000000.0,2026-01-28,2025-12-31,49270000000.0,2026-01-28,2025-12-31,390875000000.0,2026-01-28,2025-12-31,24296000000.0,2026-01-28,2025-12-31,665302000000.0,2026-01-28,2025-12-31,274427000000.0,2026-01-28,2025-12-31,4837000000.0,2026-01-28,2025-12-31,7463000000.0,2026-01-28,2025-12-31,8.87,2026-01-28,2025-12-31,2026-01-28,https://github.com/deeleeramone/sec-company-facts/releases/download/parquet-latest/facts_enc-b00027.parquet,True
MSFT,Technology,2026-06-30,789019,MICROSOFT CORP,https://github.com/deeleeramone/sec-company-facts/releases/download/parquet-latest/primary_tickers.parquet,DOLTHUB_SEC_PARQUET_MIRROR,YAHOO_CHART,2026-06-30,373.0199890136719,,,https://query1.finance.yahoo.com/v8/finance/chart/MSFT?period1=1577836800&period2=1783296000&interval=1d&events=history&includeAdjustedClose=true,SKIPPED_IN_CORE_SMOKE,241832000000.0,2026-04-29,2026-03-31,56058000000.0,2026-04-29,2026-03-31,31778000000.0,2026-04-29,2026-03-31,46679000000.0,2026-04-29,2026-03-31,30876000000.0,2026-04-29,2026-03-31,414367000000.0,2026-04-29,2026-03-31,32105000000.0,2026-04-29,2026-03-31,694228000000.0,2026-04-29,2026-03-31,279861000000.0,2026-04-29,2026-03-31,31423000000.0,2026-04-29,2026-03-31,7457000000.0,2026-04-29,2026-03-31,13.14,2026-04-29,2026-03-31,2026-04-29,https://github.com/deeleeramone/sec-company-facts/releases/download/parquet-latest/facts_enc-b00027.parquet,True
NVDA,Technology,2021-03-31,1045810,NVIDIA CORP,https://github.com/deeleeramone/sec-company-facts/releases/download/parquet-latest/primary_tickers.parquet,DOLTHUB_SEC_PARQUET_MIRROR,YAHOO_CHART,2021-03-31,13.348250389099121,,,https://query1.finance.yahoo.com/v8/finance/chart/NVDA?period1=1577836800&period2=1783296000&interval=1d&events=history&includeAdjustedClose=true,SKIPPED_IN_CORE_SMOKE,16675000000.0,2021-02-26,2021-01-31,10396000000.0,2021-02-26,2021-01-31,4332000000.0,2021-02-26,2021-01-31,5822000000.0,2021-02-26,2021-01-31,372000000.0,2020-08-19,2020-07-26,16893000000.0,2021-02-26,2021-01-31,847000000.0,2021-02-26,2021-01-31,28791000000.0,2021-02-26,2021-01-31,11898000000.0,2021-02-26,2021-01-31,999000000.0,2021-02-26,2021-01-31,628000000.0,2021-02-26,2021-01-31,6.9,2021-02-26,2021-01-31,2021-02-26,https://github.com/deeleeramone/sec-company-facts/releases/download/parquet-latest/facts_enc-b00050.parquet,True
NVDA,Technology,2021-06-30,1045810,NVIDIA CORP,https://github.com/deeleeramone/sec-company-facts/releases/download/parquet-latest/primary_tickers.parquet,DOLTHUB_SEC_PARQUET_MIRROR,YAHOO_CHART,2021-06-30,20.002500534057617,,,https://query1.finance.yahoo.com/v8/finance/chart/NVDA?period1=1577836800&period2=1783296000&interval=1d&events=history&includeAdjustedClose=true,SKIPPED_IN_CORE_SMOKE,5661000000.0,2021-05-26,2021-05-02,3629000000.0,2021-05-26,2021-05-02,1912000000.0,2021-05-26,2021-05-02,1874000000.0,2021-05-26,2021-05-02,372000000.0,2020-08-19,2020-07-26,18774000000.0,2021-05-26,2021-05-02,978000000.0,2021-05-26,2021-05-02,30796000000.0,2021-05-26,2021-05-02,12022000000.0,2021-05-26,2021-05-02,5964000000.0,2021-05-26,2021-05-02,632000000.0,2021-05-26,2021-05-02,3.03,2021-05-26,2021-05-02,2021-05-26,https://github.com/deeleeramone/sec-company-facts/releases/download/parquet-latest/facts_enc-b00050.parquet,True
NVDA,Technology,2021-09-30,1045810,NVIDIA CORP,https://github.com/deeleeramone/sec-company-facts/releases/download/parquet-latest/primary_tickers.parquet,DOLTHUB_SEC_PARQUET_MIRROR,YAHOO_CHART,2021-09-30,20.715999603271484,,,https://query1.finance.yahoo.com/v8/finance/chart/NVDA?period1=1577836800&period2=1783296000&interval=1d&events=history&includeAdjustedClose=true,SKIPPED_IN_CORE_SMOKE,12168000000.0,2021-08-20,2021-08-01,7844000000.0,2021-08-20,2021-08-01,4285000000.0,2021-08-20,2021-08-01,4556000000.0,2021-08-20,2021-08-01,372000000.0,2020-08-19,2020-07-26,21147000000.0,2021-08-20,2021-08-01,5628000000.0,2021-08-20,2021-08-01,38650000000.0,2021-08-20,2021-08-01,17503000000.0,2021-08-20,2021-08-01,1000000000.0,2021-08-20,2021-08-01,2529000000.0,2021-08-20,2021-08-01,1.69,2021-08-20,2021-08-01,2021-08-20,https://github.com/deeleeramone/sec-company-facts/releases/download/parquet-latest/facts_enc-b00050.parquet,True
NVDA,Technology,2021-12-31,1045810,NVIDIA CORP,https://github.com/deeleeramone/sec-company-facts/releases/download/parquet-latest/primary_tickers.parquet,DOLTHUB_SEC_PARQUET_MIRROR,YAHOO_CHART,2021-12-31,29.410999298095703,,,https://query1.finance.yahoo.com/v8/finance/chart/NVDA?period1=1577836800&period2=1783296000&interval=1d&events=history&includeAdjustedClose=true,SKIPPED_IN_CORE_SMOKE,7103000000.0,2021-11-22,2021-10-31,12476000000.0,2021-11-22,2021-10-31,6749000000.0,2021-11-22,2021-10-31,6075000000.0,2021-11-22,2021-10-31,372000000.0,2020-08-19,2020-07-26,23798000000.0,2021-11-22,2021-10-31,1288000000.0,2021-11-22,2021-10-31,40632000000.0,2021-11-22,2021-10-31,16834000000.0,2021-11-22,2021-10-31,10944000000.0,2021-11-22,2021-10-31,2538000000.0,2021-11-22,2021-10-31,0.97,2021-11-22,2021-10-31,2021-11-22,https://github.com/deeleeramone/sec-company-facts/releases/download/parquet-latest/facts_enc-b00050.parquet,True
NVDA,Technology,2022-03-31,1045810,NVIDIA CORP,https://github.com/deeleeramone/sec-company-facts/releases/download/parquet-latest/primary_tickers.parquet,DOLTHUB_SEC_PARQUET_MIRROR,YAHOO_CHART,2022-03-31,27.285999298095703,,,https://query1.finance.yahoo.com/v8/finance/chart/NVDA?period1=1577836800&period2=1783296000&interval=1d&events=history&includeAdjustedClose=true,SKIPPED_IN_CORE_SMOKE,26914000000.0,2022-03-18,2022-01-30,17475000000.0,2022-03-18,2022-01-30,9752000000.0,2022-03-18,2022-01-30,9108000000.0,2022-03-18,2022-01-30,372000000.0,2020-08-19,2020-07-26,26612000000.0,2022-03-18,2022-01-30,1990000000.0,2022-03-18,2022-01-30,44187000000.0,2022-03-18,2022-01-30,17575000000.0,2022-03-18,2022-01-30,0.0,2022-03-18,2022-01-30,2535000000.0,2022-03-18,2022-01-30,3.85,2022-03-18,2022-01-30,2022-03-18,https://github.com/deeleeramone/sec-company-facts/releases/download/parquet-latest/facts_enc-b00050.parquet,True
NVDA,Technology,2022-06-30,1045810,NVIDIA CORP,https://github.com/deeleeramone/sec-company-facts/releases/download/parquet-latest/primary_tickers.parquet,DOLTHUB_SEC_PARQUET_MIRROR,YAHOO_CHART,2022-06-30,15.159000396728516,,,https://query1.finance.yahoo.com/v8/finance/chart/NVDA?period1=1577836800&period2=1783296000&interval=1d&events=history&includeAdjustedClose=true,SKIPPED_IN_CORE_SMOKE,8288000000.0,2022-05-27,2022-05-01,5431000000.0,2022-05-27,2022-05-01,1618000000.0,2022-05-27,2022-05-01,1731000000.0,2022-05-27,2022-05-01,372000000.0,2020-08-19,2020-07-26,26320000000.0,2022-05-27,2022-05-01,3887000000.0,2022-05-27,2022-05-01,45212000000.0,2022-05-27,2022-05-01,18892000000.0,2022-05-27,2022-05-01,10947000000.0,2022-05-27,2022-05-01,2537000000.0,2022-05-27,2022-05-01,0.64,2022-05-27,2022-05-01,2022-05-27,https://github.com/deeleeramone/sec-company-facts/releases/download/parquet-latest/facts_enc-b00050.parquet,True
NVDA,Technology,2022-09-30,1045810,NVIDIA CORP,https://github.com/deeleeramone/sec-company-facts/releases/download/parquet-latest/primary_tickers.parquet,DOLTHUB_SEC_PARQUET_MIRROR,YAHOO_CHART,2022-09-30,12.138999938964844,,,https://query1.finance.yahoo.com/v8/finance/chart/NVDA?period1=1577836800&period2=1783296000&interval=1d&events=history&includeAdjustedClose=true,SKIPPED_IN_CORE_SMOKE,14992000000.0,2022-08-31,2022-07-31,8346000000.0,2022-08-31,2022-07-31,2274000000.0,2022-08-31,2022-07-31,3001000000.0,2022-08-31,2022-07-31,372000000.0,2020-08-19,2020-07-26,23851000000.0,2022-08-31,2022-07-31,3013000000.0,2022-08-31,2022-07-31,43476000000.0,2022-08-31,2022-07-31,19625000000.0,2022-08-31,2022-07-31,1249000000.0,2022-08-31,2022-07-31,2516000000.0,2022-08-31,2022-07-31,0.26,2022-08-31,2022-07-31,2022-08-31,https://github.com/deeleeramone/sec-company-facts/releases/download/parquet-latest/facts_enc-b00050.parquet,True
NVDA,Technology,2022-12-31,1045810,NVIDIA CORP,https://github.com/deeleeramone/sec-company-facts/releases/download/parquet-latest/primary_tickers.parquet,DOLTHUB_SEC_PARQUET_MIRROR,YAHOO_CHART,2022-12-30,14.61400032043457,,,https://query1.finance.yahoo.com/v8/finance/chart/NVDA?period1=1577836800&period2=1783296000&interval=1d&events=history&includeAdjustedClose=true,SKIPPED_IN_CORE_SMOKE,20923000000.0,2022-11-18,2022-10-30,11523000000.0,2022-11-18,2022-10-30,2954000000.0,2022-11-18,2022-10-30,3393000000.0,2022-11-18,2022-10-30,372000000.0,2020-08-19,2020-07-26,21349000000.0,2022-11-18,2022-10-30,2800000000.0,2022-11-18,2022-10-30,40488000000.0,2022-11-18,2022-10-30,19139000000.0,2022-11-18,2022-10-30,1249000000.0,2022-11-18,2022-10-30,2499000000.0,2022-11-18,2022-10-30,1.17,2022-11-18,2022-10-30,2022-11-18,https://github.com/deeleeramone/sec-company-facts/releases/download/parquet-latest/facts_enc-b00050.parquet,True
NVDA,Technology,2023-03-31,1045810,NVIDIA CORP,https://github.com/deeleeramone/sec-company-facts/releases/download/parquet-latest/primary_tickers.parquet,DOLTHUB_SEC_PARQUET_MIRROR,YAHOO_CHART,2023-03-31,27.777000427246094,,,https://query1.finance.yahoo.com/v8/finance/chart/NVDA?period1=1577836800&period2=1783296000&interval=1d&events=history&includeAdjustedClose=true,SKIPPED_IN_CORE_SMOKE,26974000000.0,2023-02-24,2023-01-29,15356000000.0,2023-02-24,2023-01-29,4368000000.0,2023-02-24,2023-01-29,5641000000.0,2023-02-24,2023-01-29,372000000.0,2020-08-19,2020-07-26,22101000000.0,2023-02-24,2023-01-29,3389000000.0,2023-02-24,2023-01-29,41182000000.0,2023-02-24,2023-01-29,19081000000.0,2023-02-24,2023-01-29,9703000000.0,2023-02-24,2023-01-29,2507000000.0,2023-02-24,2023-01-29,1.74,2023-02-24,2023-01-29,2023-02-24,https://github.com/deeleeramone/sec-company-facts/releases/download/parquet-latest/facts_enc-b00050.parquet,True
NVDA,Technology,2023-06-30,1045810,NVIDIA CORP,https://github.com/deeleeramone/sec-company-facts/releases/download/parquet-latest/primary_tickers.parquet,DOLTHUB_SEC_PARQUET_MIRROR,YAHOO_CHART,2023-06-30,42.301998138427734,,,https://query1.finance.yahoo.com/v8/finance/chart/NVDA?period1=1577836800&period2=1783296000&interval=1d&events=history&includeAdjustedClose=true,SKIPPED_IN_CORE_SMOKE,7192000000.0,2023-05-26,2023-04-30,4648000000.0,2023-05-26,2023-04-30,2043000000.0,2023-05-26,2023-04-30,2911000000.0,2023-05-26,2023-04-30,372000000.0,2020-08-19,2020-07-26,24520000000.0,2023-05-26,2023-04-30,5079000000.0,2023-05-26,2023-04-30,44460000000.0,2023-05-26,2023-04-30,19940000000.0,2023-05-26,2023-04-30,1250000000.0,2023-05-26,2023-04-30,2490000000.0,2023-05-26,2023-04-30,0.82,2023-05-26,2023-04-30,2023-05-26,https://github.com/deeleeramone/sec-company-facts/releases/download/parquet-latest/facts_enc-b00050.parquet,True
NVDA,Technology,2023-09-30,1045810,NVIDIA CORP,https://github.com/deeleeramone/sec-company-facts/releases/download/parquet-latest/primary_tickers.parquet,DOLTHUB_SEC_PARQUET_MIRROR,YAHOO_CHART,2023-09-29,43.499000549316406,,,https://query1.finance.yahoo.com/v8/finance/chart/NVDA?period1=1577836800&period2=1783296000&interval=1d&events=history&includeAdjustedClose=true,SKIPPED_IN_CORE_SMOKE,13507000000.0,2023-08-28,2023-07-30,14110000000.0,2023-08-28,2023-07-30,8232000000.0,2023-08-28,2023-07-30,9259000000.0,2023-08-28,2023-07-30,372000000.0,2020-08-19,2020-07-26,27501000000.0,2023-08-28,2023-07-30,5783000000.0,2023-08-28,2023-07-30,49555000000.0,2023-08-28,2023-07-30,22054000000.0,2023-08-28,2023-07-30,8456000000.0,2023-08-28,2023-07-30,2499000000.0,2023-08-28,2023-07-30,3.3,2023-08-28,2023-07-30,2023-08-28,https://github.com/deeleeramone/sec-company-facts/releases/download/parquet-latest/facts_enc-b00050.parquet,True
NVDA,Technology,2023-12-31,1045810,NVIDIA CORP,https://github.com/deeleeramone/sec-company-facts/releases/download/parquet-latest/primary_tickers.parquet,DOLTHUB_SEC_PARQUET_MIRROR,YAHOO_CHART,2023-12-29,49.52199935913086,,,https://query1.finance.yahoo.com/v8/finance/chart/NVDA?period1=1577836800&period2=1783296000&interval=1d&events=history&includeAdjustedClose=true,SKIPPED_IN_CORE_SMOKE,38819000000.0,2023-11-21,2023-10-29,27510000000.0,2023-11-21,2023-10-29,9243000000.0,2023-11-21,2023-10-29,16591000000.0,2023-11-21,2023-10-29,372000000.0,2020-08-19,2020-07-26,33265000000.0,2023-11-21,2023-10-29,5519000000.0,2023-11-21,2023-10-29,54148000000.0,2023-11-21,2023-10-29,20883000000.0,2023-11-21,2023-10-29,8457000000.0,2023-11-21,2023-10-29,2494000000.0,2023-11-21,2023-10-29,3.71,2023-11-21,2023-10-29,2023-11-21,https://github.com/deeleeramone/sec-company-facts/releases/download/parquet-latest/facts_enc-b00050.parquet,True
NVDA,Technology,2024-03-31,1045810,NVIDIA CORP,https://github.com/deeleeramone/sec-company-facts/releases/download/parquet-latest/primary_tickers.parquet,DOLTHUB_SEC_PARQUET_MIRROR,YAHOO_CHART,2024-03-28,90.35600280761719,,,https://query1.finance.yahoo.com/v8/finance/chart/NVDA?period1=1577836800&period2=1783296000&interval=1d&events=history&includeAdjustedClose=true,SKIPPED_IN_CORE_SMOKE,60922000000.0,2024-02-21,2024-01-28,44301000000.0,2024-02-21,2024-01-28,29760000000.0,2024-02-21,2024-01-28,28090000000.0,2024-02-21,2024-01-28,372000000.0,2020-08-19,2020-07-26,42978000000.0,2024-02-21,2024-01-28,7280000000.0,2024-02-21,2024-01-28,65728000000.0,2024-02-21,2024-01-28,22750000000.0,2024-02-21,2024-01-28,8459000000.0,2024-02-21,2024-01-28,2494000000.0,2024-02-21,2024-01-28,11.93,2024-02-21,2024-01-28,2024-02-21,https://github.com/deeleeramone/sec-company-facts/releases/download/parquet-latest/facts_enc-b00050.parquet,True
NVDA,Technology,2024-06-30,1045810,NVIDIA CORP,https://github.com/deeleeramone/sec-company-facts/releases/download/parquet-latest/primary_tickers.parquet,DOLTHUB_SEC_PARQUET_MIRROR,YAHOO_CHART,2024-06-28,123.54000091552734,,,https://query1.finance.yahoo.com/v8/finance/chart/NVDA?period1=1577836800&period2=1783296000&interval=1d&events=history&includeAdjustedClose=true,SKIPPED_IN_CORE_SMOKE,26044000000.0,2024-05-29,2024-04-28,20406000000.0,2024-05-29,2024-04-28,14881000000.0,2024-05-29,2024-04-28,15345000000.0,2024-05-29,2024-04-28,372000000.0,2020-08-19,2020-07-26,49142000000.0,2024-05-29,2024-04-28,7587000000.0,2024-05-29,2024-04-28,77072000000.0,2024-05-29,2024-04-28,27930000000.0,2024-05-29,2024-04-28,1250000000.0,2024-05-29,2024-04-28,2489000000.0,2024-05-29,2024-04-28,5.98,2024-05-29,2024-04-28,2024-05-29,https://github.com/deeleeramone/sec-company-facts/releases/download/parquet-latest/facts_enc-b00050.parquet,True
NVDA,Technology,2024-09-30,1045810,NVIDIA CORP,https://github.com/deeleeramone/sec-company-facts/releases/download/parquet-latest/primary_tickers.parquet,DOLTHUB_SEC_PARQUET_MIRROR,YAHOO_CHART,2024-09-30,121.44000244140625,,,https://query1.finance.yahoo.com/v8/finance/chart/NVDA?period1=1577836800&period2=1783296000&interval=1d&events=history&includeAdjustedClose=true,SKIPPED_IN_CORE_SMOKE,30040000000.0,2024-08-28,2024-07-28,22574000000.0,2024-08-28,2024-07-28,16599000000.0,2024-08-28,2024-07-28,29833000000.0,2024-08-28,2024-07-28,372000000.0,2020-08-19,2020-07-26,58157000000.0,2024-08-28,2024-07-28,8571000000.0,2024-08-28,2024-07-28,85227000000.0,2024-08-28,2024-07-28,27070000000.0,2024-08-28,2024-07-28,8461000000.0,2024-08-28,2024-07-28,24869000000.0,2024-08-28,2024-07-28,0.67,2024-08-28,2024-07-28,2024-08-28,https://github.com/deeleeramone/sec-company-facts/releases/download/parquet-latest/facts_enc-b00050.parquet,True
NVDA,Technology,2024-12-31,1045810,NVIDIA CORP,https://github.com/deeleeramone/sec-company-facts/releases/download/parquet-latest/primary_tickers.parquet,DOLTHUB_SEC_PARQUET_MIRROR,YAHOO_CHART,2024-12-31,134.2899932861328,,,https://query1.finance.yahoo.com/v8/finance/chart/NVDA?period1=1577836800&period2=1783296000&interval=1d&events=history&includeAdjustedClose=true,SKIPPED_IN_CORE_SMOKE,35082000000.0,2024-11-20,2024-10-27,26156000000.0,2024-11-20,2024-10-27,19309000000.0,2024-11-20,2024-10-27,47460000000.0,2024-11-20,2024-10-27,372000000.0,2020-08-19,2020-07-26,65899000000.0,2024-11-20,2024-10-27,9107000000.0,2024-11-20,2024-10-27,96013000000.0,2024-11-20,2024-10-27,30114000000.0,2024-11-20,2024-10-27,0.0,2024-11-20,2024-10-27,24774000000.0,2024-11-20,2024-10-27,2.04,2024-11-20,2024-10-27,2024-11-20,https://github.com/deeleeramone/sec-company-facts/releases/download/parquet-latest/facts_enc-b00050.parquet,True
NVDA,Technology,2025-03-31,1045810,NVIDIA CORP,https://github.com/deeleeramone/sec-company-facts/releases/download/parquet-latest/primary_tickers.parquet,DOLTHUB_SEC_PARQUET_MIRROR,YAHOO_CHART,2025-03-31,108.37999725341797,,,https://query1.finance.yahoo.com/v8/finance/chart/NVDA?period1=1577836800&period2=1783296000&interval=1d&events=history&includeAdjustedClose=true,SKIPPED_IN_CORE_SMOKE,130497000000.0,2025-02-26,2025-01-26,97858000000.0,2025-02-26,2025-01-26,72880000000.0,2025-02-26,2025-01-26,64089000000.0,2025-02-26,2025-01-26,372000000.0,2020-08-19,2020-07-26,79327000000.0,2025-02-26,2025-01-26,8589000000.0,2025-02-26,2025-01-26,111601000000.0,2025-02-26,2025-01-26,32274000000.0,2025-02-26,2025-01-26,8463000000.0,2025-02-26,2025-01-26,24804000000.0,2025-02-26,2025-01-26,2.94,2025-02-26,2025-01-26,2025-02-26,https://github.com/deeleeramone/sec-company-facts/releases/download/parquet-latest/facts_enc-b00050.parquet,True
NVDA,Technology,2025-06-30,1045810,NVIDIA CORP,https://github.com/deeleeramone/sec-company-facts/releases/download/parquet-latest/primary_tickers.parquet,DOLTHUB_SEC_PARQUET_MIRROR,YAHOO_CHART,2025-06-30,157.99000549316406,,,https://query1.finance.yahoo.com/v8/finance/chart/NVDA?period1=1577836800&period2=1783296000&interval=1d&events=history&includeAdjustedClose=true,SKIPPED_IN_CORE_SMOKE,44062000000.0,2025-05-28,2025-04-27,26668000000.0,2025-05-28,2025-04-27,18775000000.0,2025-05-28,2025-04-27,27414000000.0,2025-05-28,2025-04-27,372000000.0,2020-08-19,2020-07-26,83843000000.0,2025-05-28,2025-04-27,15234000000.0,2025-05-28,2025-04-27,125254000000.0,2025-05-28,2025-04-27,41411000000.0,2025-05-28,2025-04-27,8464000000.0,2025-05-28,2025-04-27,24611000000.0,2025-05-28,2025-04-27,0.76,2025-05-28,2025-04-27,2025-05-28,https://github.com/deeleeramone/sec-company-facts/releases/download/parquet-latest/facts_enc-b00050.parquet,True
NVDA,Technology,2025-09-30,1045810,NVIDIA CORP,https://github.com/deeleeramone/sec-company-facts/releases/download/parquet-latest/primary_tickers.parquet,DOLTHUB_SEC_PARQUET_MIRROR,YAHOO_CHART,2025-09-30,186.5800018310547,,,https://query1.finance.yahoo.com/v8/finance/chart/NVDA?period1=1577836800&period2=1783296000&interval=1d&events=history&includeAdjustedClose=true,SKIPPED_IN_CORE_SMOKE,90805000000.0,2025-08-27,2025-07-27,33853000000.0,2025-08-27,2025-07-27,45197000000.0,2025-08-27,2025-07-27,42779000000.0,2025-08-27,2025-07-27,372000000.0,2020-08-19,2020-07-26,100131000000.0,2025-08-27,2025-07-27,11639000000.0,2025-08-27,2025-07-27,140740000000.0,2025-08-27,2025-07-27,40609000000.0,2025-08-27,2025-07-27,8466000000.0,2025-08-27,2025-07-27,24532000000.0,2025-08-27,2025-07-27,1.84,2025-08-27,2025-07-27,2025-08-27,https://github.com/deeleeramone/sec-company-facts/releases/download/parquet-latest/facts_enc-b00050.parquet,True
NVDA,Technology,2025-12-31,1045810,NVIDIA CORP,https://github.com/deeleeramone/sec-company-facts/releases/download/parquet-latest/primary_tickers.parquet,DOLTHUB_SEC_PARQUET_MIRROR,YAHOO_CHART,2025-12-31,186.5,,,https://query1.finance.yahoo.com/v8/finance/chart/NVDA?period1=1577836800&period2=1783296000&interval=1d&events=history&includeAdjustedClose=true,SKIPPED_IN_CORE_SMOKE,57006000000.0,2025-11-19,2025-10-26,102370000000.0,2025-11-19,2025-10-26,31910000000.0,2025-11-19,2025-10-26,66530000000.0,2025-11-19,2025-10-26,372000000.0,2020-08-19,2020-07-26,118897000000.0,2025-11-19,2025-10-26,11486000000.0,2025-11-19,2025-10-26,161148000000.0,2025-11-19,2025-10-26,42251000000.0,2025-11-19,2025-10-26,7468000000.0,2025-11-19,2025-10-26,24542000000.0,2025-11-19,2025-10-26,1.3,2025-11-19,2025-10-26,2025-11-19,https://github.com/deeleeramone/sec-company-facts/releases/download/parquet-latest/facts_enc-b00050.parquet,True
NVDA,Technology,2026-03-31,1045810,NVIDIA CORP,https://github.com/deeleeramone/sec-company-facts/releases/download/parquet-latest/primary_tickers.parquet,DOLTHUB_SEC_PARQUET_MIRROR,YAHOO_CHART,2026-03-31,174.39999389648438,,,https://query1.finance.yahoo.com/v8/finance/chart/NVDA?period1=1577836800&period2=1783296000&interval=1d&events=history&includeAdjustedClose=true,SKIPPED_IN_CORE_SMOKE,215938000000.0,2026-02-25,2026-01-25,153463000000.0,2026-02-25,2026-01-25,120067000000.0,2026-02-25,2026-01-25,102718000000.0,2026-02-25,2026-01-25,372000000.0,2020-08-19,2020-07-26,157293000000.0,2026-02-25,2026-01-25,10605000000.0,2026-02-25,2026-01-25,206803000000.0,2026-02-25,2026-01-25,49510000000.0,2026-02-25,2026-01-25,7469000000.0,2026-02-25,2026-01-25,24514000000.0,2026-02-25,2026-01-25,4.9,2026-02-25,2026-01-25,2026-02-25,https://github.com/deeleeramone/sec-company-facts/releases/download/parquet-latest/facts_enc-b00050.parquet,True
NVDA,Technology,2026-06-30,1045810,NVIDIA CORP,https://github.com/deeleeramone/sec-company-facts/releases/download/parquet-latest/primary_tickers.parquet,DOLTHUB_SEC_PARQUET_MIRROR,YAHOO_CHART,2026-06-30,200.08999633789062,,,https://query1.finance.yahoo.com/v8/finance/chart/NVDA?period1=1577836800&period2=1783296000&interval=1d&events=history&includeAdjustedClose=true,SKIPPED_IN_CORE_SMOKE,81615000000.0,2026-05-20,2026-04-26,61157000000.0,2026-05-20,2026-04-26,58321000000.0,2026-05-20,2026-04-26,50344000000.0,2026-05-20,2026-04-26,372000000.0,2020-08-19,2020-07-26,195474000000.0,2026-05-20,2026-04-26,13237000000.0,2026-05-20,2026-04-26,259474000000.0,2026-05-20,2026-04-26,64000000000.0,2026-05-20,2026-04-26,7470000000.0,2026-05-20,2026-04-26,24391000000.0,2026-05-20,2026-04-26,2.39,2026-05-20,2026-04-26,2026-05-20,https://github.com/deeleeramone/sec-company-facts/releases/download/parquet-latest/facts_enc-b00050.parquet,True
AVGO,Technology,2021-03-31,1730168,Broadcom Inc.,https://github.com/deeleeramone/sec-company-facts/releases/download/parquet-latest/primary_tickers.parquet,DOLTHUB_SEC_PARQUET_MIRROR,YAHOO_CHART,2021-03-31,46.36600112915039,,,https://query1.finance.yahoo.com/v8/finance/chart/AVGO?period1=1577836800&period2=1783296000&interval=1d&events=history&includeAdjustedClose=true,SKIPPED_IN_CORE_SMOKE,6655000000.0,2021-03-12,2021-01-31,3952000000.0,2021-03-12,2021-01-31,1378000000.0,2021-03-12,2021-01-31,3113000000.0,2021-03-12,2021-01-31,114000000.0,2021-03-12,2021-01-31,23973000000.0,2021-03-12,2021-01-31,9552000000.0,2021-03-12,2021-01-31,76972000000.0,2021-03-12,2021-01-31,52973000000.0,2021-03-12,2021-01-31,41068000000.0,2021-03-12,2021-01-31,428000000.0,2021-03-12,2021-01-31,3.05,2021-03-12,2021-01-31,2021-03-12,https://github.com/deeleeramone/sec-company-facts/releases/download/parquet-latest/facts_enc-b00056.parquet,True
AVGO,Technology,2021-06-30,1730168,Broadcom Inc.,https://github.com/deeleeramone/sec-company-facts/releases/download/parquet-latest/primary_tickers.parquet,DOLTHUB_SEC_PARQUET_MIRROR,YAHOO_CHART,2021-06-30,47.683998107910156,,,https://query1.finance.yahoo.com/v8/finance/chart/AVGO?period1=1577836800&period2=1783296000&interval=1d&events=history&includeAdjustedClose=true,SKIPPED_IN_CORE_SMOKE,13265000000.0,2021-06-11,2021-05-02,8009000000.0,2021-06-11,2021-05-02,2871000000.0,2021-06-11,2021-05-02,6682000000.0,2021-06-11,2021-05-02,240000000.0,2021-06-11,2021-05-02,23939000000.0,2021-06-11,2021-05-02,9518000000.0,2021-06-11,2021-05-02,75524000000.0,2021-06-11,2021-05-02,51558000000.0,2021-06-11,2021-05-02,40160000000.0,2021-06-11,2021-05-02,429000000.0,2021-06-11,2021-05-02,6.34,2021-06-11,2021-05-02,2021-06-11,https://github.com/deeleeramone/sec-company-facts/releases/download/parquet-latest/facts_enc-b00056.parquet,True
AVGO,Technology,2021-09-30,1730168,Broadcom Inc.,https://github.com/deeleeramone/sec-company-facts/releases/download/parquet-latest/primary_tickers.parquet,DOLTHUB_SEC_PARQUET_MIRROR,YAHOO_CHART,2021-09-30,48.49300003051758,,,https://query1.finance.yahoo.com/v8/finance/chart/AVGO?period1=1577836800&period2=1783296000&interval=1d&events=history&includeAdjustedClose=true,SKIPPED_IN_CORE_SMOKE,6778000000.0,2021-09-09,2021-08-01,4197000000.0,2021-09-09,2021-08-01,1876000000.0,2021-09-09,2021-08-01,10223000000.0,2021-09-09,2021-08-01,355000000.0,2021-09-09,2021-08-01,24340000000.0,2021-09-09,2021-08-01,11105000000.0,2021-09-09,2021-08-01,75880000000.0,2021-09-09,2021-08-01,51513000000.0,2021-09-09,2021-08-01,40178000000.0,2021-09-09,2021-08-01,429000000.0,2021-09-09,2021-08-01,4.2,2021-09-09,2021-08-01,2021-09-09,https://github.com/deeleeramone/sec-company-facts/releases/download/parquet-latest/facts_enc-b00056.parquet,True
AVGO,Technology,2021-12-31,1730168,Broadcom Inc.,https://github.com/deeleeramone/sec-company-facts/releases/download/parquet-latest/primary_tickers.parquet,DOLTHUB_SEC_PARQUET_MIRROR,YAHOO_CHART,2021-12-31,66.54100036621094,,,https://query1.finance.yahoo.com/v8/finance/chart/AVGO?period1=1577836800&period2=1783296000&interval=1d&events=history&includeAdjustedClose=true,SKIPPED_IN_CORE_SMOKE,27450000000.0,2021-12-17,2021-10-31,16844000000.0,2021-12-17,2021-10-31,6736000000.0,2021-12-17,2021-10-31,13764000000.0,2021-12-17,2021-10-31,443000000.0,2021-12-17,2021-10-31,24962000000.0,2021-12-17,2021-10-31,12163000000.0,2021-12-17,2021-10-31,75570000000.0,2021-12-17,2021-10-31,50581000000.0,2021-12-17,2021-10-31,290000000.0,2021-12-17,2021-10-31,429000000.0,2021-12-17,2021-10-31,15.0,2021-12-17,2021-10-31,2021-12-17,https://github.com/deeleeramone/sec-company-facts/releases/download/parquet-latest/facts_enc-b00056.parquet,True
AVGO,Technology,2022-03-31,1730168,Broadcom Inc.,https://github.com/deeleeramone/sec-company-facts/releases/download/parquet-latest/primary_tickers.parquet,DOLTHUB_SEC_PARQUET_MIRROR,YAHOO_CHART,2022-03-31,62.96799850463867,,,https://query1.finance.yahoo.com/v8/finance/chart/AVGO?period1=1577836800&period2=1783296000&interval=1d&events=history&includeAdjustedClose=true,SKIPPED_IN_CORE_SMOKE,7706000000.0,2022-03-10,2022-01-30,5049000000.0,2022-03-10,2022-01-30,2472000000.0,2022-03-10,2022-01-30,3486000000.0,2022-03-10,2022-01-30,101000000.0,2022-03-10,2022-01-30,22968000000.0,2022-03-10,2022-01-30,10219000000.0,2022-03-10,2022-01-30,73224000000.0,2022-03-10,2022-01-30,50230000000.0,2022-03-10,2022-01-30,39205000000.0,2022-03-10,2022-01-30,429000000.0,2022-03-10,2022-01-30,5.59,2022-03-10,2022-01-30,2022-03-10,https://github.com/deeleeramone/sec-company-facts/releases/download/parquet-latest/facts_enc-b00056.parquet,True
AVGO,Technology,2022-06-30,1730168,Broadcom Inc.,https://github.com/deeleeramone/sec-company-facts/releases/download/parquet-latest/primary_tickers.parquet,DOLTHUB_SEC_PARQUET_MIRROR,YAHOO_CHART,2022-06-30,48.58100128173828,,,https://query1.finance.yahoo.com/v8/finance/chart/AVGO?period1=1577836800&period2=1783296000&interval=1d&events=history&includeAdjustedClose=true,SKIPPED_IN_CORE_SMOKE,15809000000.0,2022-06-09,2022-05-01,5439000000.0,2022-06-09,2022-05-01,2590000000.0,2022-06-09,2022-05-01,7729000000.0,2022-06-09,2022-05-01,186000000.0,2022-06-09,2022-05-01,20963000000.0,2022-06-09,2022-05-01,9005000000.0,2022-06-09,2022-05-01,71719000000.0,2022-06-09,2022-05-01,50729000000.0,2022-06-09,2022-05-01,40958000000.0,2022-06-09,2022-05-01,426000000.0,2022-06-09,2022-05-01,11.53,2022-06-09,2022-05-01,2022-06-09,https://github.com/deeleeramone/sec-company-facts/releases/download/parquet-latest/facts_enc-b00056.parquet,True
AVGO,Technology,2022-09-30,1730168,Broadcom Inc.,https://github.com/deeleeramone/sec-company-facts/releases/download/parquet-latest/primary_tickers.parquet,DOLTHUB_SEC_PARQUET_MIRROR,YAHOO_CHART,2022-09-30,44.4010009765625,,,https://query1.finance.yahoo.com/v8/finance/chart/AVGO?period1=1577836800&period2=1783296000&interval=1d&events=history&includeAdjustedClose=true,SKIPPED_IN_CORE_SMOKE,8464000000.0,2022-09-08,2022-07-31,16169000000.0,2022-09-08,2022-07-31,3074000000.0,2022-09-08,2022-07-31,12153000000.0,2022-09-08,2022-07-31,302000000.0,2022-09-08,2022-07-31,20876000000.0,2022-09-08,2022-07-31,9977000000.0,2022-09-08,2022-07-31,71326000000.0,2022-09-08,2022-07-31,50423000000.0,2022-09-08,2022-07-31,40958000000.0,2022-09-08,2022-07-31,430000000.0,2022-09-08,2022-07-31,7.15,2022-09-08,2022-07-31,2022-09-08,https://github.com/deeleeramone/sec-company-facts/releases/download/parquet-latest/facts_enc-b00056.parquet,True
AVGO,Technology,2022-12-31,1730168,Broadcom Inc.,https://github.com/deeleeramone/sec-company-facts/releases/download/parquet-latest/primary_tickers.parquet,DOLTHUB_SEC_PARQUET_MIRROR,YAHOO_CHART,2022-12-30,55.91299819946289,,,https://query1.finance.yahoo.com/v8/finance/chart/AVGO?period1=1577836800&period2=1783296000&interval=1d&events=history&includeAdjustedClose=true,SKIPPED_IN_CORE_SMOKE,33203000000.0,2022-12-16,2022-10-30,22095000000.0,2022-12-16,2022-10-30,11495000000.0,2022-12-16,2022-10-30,16736000000.0,2022-12-16,2022-10-30,424000000.0,2022-12-16,2022-10-30,22709000000.0,2022-12-16,2022-10-30,12416000000.0,2022-12-16,2022-10-30,73249000000.0,2022-12-16,2022-10-30,50540000000.0,2022-12-16,2022-10-30,403000000.0,2022-12-16,2022-10-30,423000000.0,2022-12-16,2022-10-30,26.53,2022-12-16,2022-10-30,2022-12-16,https://github.com/deeleeramone/sec-company-facts/releases/download/parquet-latest/facts_enc-b00056.parquet,True
AVGO,Technology,2023-03-31,1730168,Broadcom Inc.,https://github.com/deeleeramone/sec-company-facts/releases/download/parquet-latest/primary_tickers.parquet,DOLTHUB_SEC_PARQUET_MIRROR,YAHOO_CHART,2023-03-31,64.15399932861328,,,https://query1.finance.yahoo.com/v8/finance/chart/AVGO?period1=1577836800&period2=1783296000&interval=1d&events=history&includeAdjustedClose=true,SKIPPED_IN_CORE_SMOKE,8915000000.0,2023-03-08,2023-01-29,6004000000.0,2023-03-08,2023-01-29,3774000000.0,2023-03-08,2023-01-29,4036000000.0,2023-03-08,2023-01-29,103000000.0,2023-03-08,2023-01-29,23310000000.0,2023-03-08,2023-01-29,12647000000.0,2023-03-08,2023-01-29,72976000000.0,2023-03-08,2023-01-29,49666000000.0,2023-03-08,2023-01-29,1077000000.0,2023-03-08,2023-01-29,429000000.0,2023-03-08,2023-01-29,8.8,2023-03-08,2023-01-29,2023-03-08,https://github.com/deeleeramone/sec-company-facts/releases/download/parquet-latest/facts_enc-b00056.parquet,True
AVGO,Technology,2023-06-30,1730168,Broadcom Inc.,https://github.com/deeleeramone/sec-company-facts/releases/download/parquet-latest/primary_tickers.parquet,DOLTHUB_SEC_PARQUET_MIRROR,YAHOO_CHART,2023-06-30,86.74299621582031,,,https://query1.finance.yahoo.com/v8/finance/chart/AVGO?period1=1577836800&period2=1783296000&interval=1d&events=history&includeAdjustedClose=true,SKIPPED_IN_CORE_SMOKE,17648000000.0,2023-06-07,2023-04-30,12119000000.0,2023-06-07,2023-04-30,7255000000.0,2023-06-07,2023-04-30,8538000000.0,2023-06-07,2023-04-30,225000000.0,2023-06-07,2023-04-30,22007000000.0,2023-06-07,2023-04-30,11553000000.0,2023-06-07,2023-04-30,71667000000.0,2023-06-07,2023-04-30,49660000000.0,2023-06-07,2023-04-30,1077000000.0,2023-06-07,2023-04-30,427000000.0,2023-06-07,2023-04-30,8.15,2023-06-07,2023-04-30,2023-06-07,https://github.com/deeleeramone/sec-company-facts/releases/download/parquet-latest/facts_enc-b00056.parquet,True
AVGO,Technology,2023-09-30,1730168,Broadcom Inc.,https://github.com/deeleeramone/sec-company-facts/releases/download/parquet-latest/primary_tickers.parquet,DOLTHUB_SEC_PARQUET_MIRROR,YAHOO_CHART,2023-09-29,83.05799865722656,,,https://query1.finance.yahoo.com/v8/finance/chart/AVGO?period1=1577836800&period2=1783296000&interval=1d&events=history&includeAdjustedClose=true,SKIPPED_IN_CORE_SMOKE,26524000000.0,2023-09-06,2023-07-30,6164000000.0,2023-09-06,2023-07-30,10558000000.0,2023-09-06,2023-07-30,13257000000.0,2023-09-06,2023-07-30,347000000.0,2023-09-06,2023-07-30,22079000000.0,2023-09-06,2023-07-30,12055000000.0,2023-09-06,2023-07-30,71595000000.0,2023-09-06,2023-07-30,49516000000.0,2023-09-06,2023-07-30,1077000000.0,2023-09-06,2023-07-30,427000000.0,2023-09-06,2023-07-30,24.73,2023-09-06,2023-07-30,2023-09-06,https://github.com/deeleeramone/sec-company-facts/releases/download/parquet-latest/facts_enc-b00056.parquet,True
AVGO,Technology,2023-12-31,1730168,Broadcom Inc.,https://github.com/deeleeramone/sec-company-facts/releases/download/parquet-latest/primary_tickers.parquet,DOLTHUB_SEC_PARQUET_MIRROR,YAHOO_CHART,2023-12-29,111.625,,,https://query1.finance.yahoo.com/v8/finance/chart/AVGO?period1=1577836800&period2=1783296000&interval=1d&events=history&includeAdjustedClose=true,SKIPPED_IN_CORE_SMOKE,35819000000.0,2023-12-14,2023-10-29,24690000000.0,2023-12-14,2023-10-29,14082000000.0,2023-12-14,2023-10-29,18085000000.0,2023-12-14,2023-10-29,452000000.0,2023-12-14,2023-10-29,23988000000.0,2023-12-14,2023-10-29,14189000000.0,2023-12-14,2023-10-29,72861000000.0,2023-12-14,2023-10-29,48873000000.0,2023-12-14,2023-10-29,1563000000.0,2023-12-14,2023-10-29,427000000.0,2023-12-14,2023-10-29,32.98,2023-12-14,2023-10-29,2023-12-14,https://github.com/deeleeramone/sec-company-facts/releases/download/parquet-latest/facts_enc-b00056.parquet,True
AVGO,Technology,2024-03-31,1730168,Broadcom Inc.,https://github.com/deeleeramone/sec-company-facts/releases/download/parquet-latest/primary_tickers.parquet,DOLTHUB_SEC_PARQUET_MIRROR,YAHOO_CHART,2024-03-28,132.54100036621094,,,https://query1.finance.yahoo.com/v8/finance/chart/AVGO?period1=1577836800&period2=1783296000&interval=1d&events=history&includeAdjustedClose=true,SKIPPED_IN_CORE_SMOKE,11961000000.0,2024-03-14,2024-02-04,7375000000.0,2024-03-14,2024-02-04,1325000000.0,2024-03-14,2024-02-04,4815000000.0,2024-03-14,2024-02-04,122000000.0,2024-03-14,2024-02-04,70284000000.0,2024-03-14,2024-02-04,11864000000.0,2024-03-14,2024-02-04,177870000000.0,2024-03-14,2024-02-04,107586000000.0,2024-03-14,2024-02-04,2374000000.0,2024-03-14,2024-02-04,467000000.0,2024-03-14,2024-02-04,2.84,2024-03-14,2024-02-04,2024-03-14,https://github.com/deeleeramone/sec-company-facts/releases/download/parquet-latest/facts_enc-b00056.parquet,True
AVGO,Technology,2024-06-30,1730168,Broadcom Inc.,https://github.com/deeleeramone/sec-company-facts/releases/download/parquet-latest/primary_tickers.parquet,DOLTHUB_SEC_PARQUET_MIRROR,YAHOO_CHART,2024-06-28,160.55299377441406,,,https://query1.finance.yahoo.com/v8/finance/chart/AVGO?period1=1577836800&period2=1783296000&interval=1d&events=history&includeAdjustedClose=true,SKIPPED_IN_CORE_SMOKE,24448000000.0,2024-06-13,2024-05-05,7776000000.0,2024-06-13,2024-05-05,3446000000.0,2024-06-13,2024-05-05,9395000000.0,2024-06-13,2024-05-05,254000000.0,2024-06-13,2024-05-05,69961000000.0,2024-06-13,2024-05-05,9809000000.0,2024-06-13,2024-05-05,175211000000.0,2024-06-13,2024-05-05,105250000000.0,2024-06-13,2024-05-05,2374000000.0,2024-06-13,2024-05-05,473000000.0,2024-06-13,2024-05-05,4.42,2024-06-13,2024-05-05,2024-06-13,https://github.com/deeleeramone/sec-company-facts/releases/download/parquet-latest/facts_enc-b00056.parquet,True
AVGO,Technology,2024-09-30,1730168,Broadcom Inc.,https://github.com/deeleeramone/sec-company-facts/releases/download/parquet-latest/primary_tickers.parquet,DOLTHUB_SEC_PARQUET_MIRROR,YAHOO_CHART,2024-09-30,172.5,,,https://query1.finance.yahoo.com/v8/finance/chart/AVGO?period1=1577836800&period2=1783296000&interval=1d&events=history&includeAdjustedClose=true,SKIPPED_IN_CORE_SMOKE,13072000000.0,2024-09-11,2024-08-04,23507000000.0,2024-09-11,2024-08-04,1571000000.0,2024-09-11,2024-08-04,14358000000.0,2024-09-11,2024-08-04,426000000.0,2024-09-11,2024-08-04,65651000000.0,2024-09-11,2024-08-04,9952000000.0,2024-09-11,2024-08-04,167966000000.0,2024-09-11,2024-08-04,102315000000.0,2024-09-11,2024-08-04,3117000000.0,2024-09-11,2024-08-04,4663000000.0,2024-09-11,2024-08-04,-0.4,2024-09-11,2024-08-04,2024-09-11,https://github.com/deeleeramone/sec-company-facts/releases/download/parquet-latest/facts_enc-b00056.parquet,True
AVGO,Technology,2024-12-31,1730168,Broadcom Inc.,https://github.com/deeleeramone/sec-company-facts/releases/download/parquet-latest/primary_tickers.parquet,DOLTHUB_SEC_PARQUET_MIRROR,YAHOO_CHART,2024-12-31,231.83999633789062,,,https://query1.finance.yahoo.com/v8/finance/chart/AVGO?period1=1577836800&period2=1783296000&interval=1d&events=history&includeAdjustedClose=true,SKIPPED_IN_CORE_SMOKE,51574000000.0,2024-12-20,2024-11-03,32509000000.0,2024-12-20,2024-11-03,5895000000.0,2024-12-20,2024-11-03,19962000000.0,2024-12-20,2024-11-03,548000000.0,2024-12-20,2024-11-03,67678000000.0,2024-12-20,2024-11-03,9348000000.0,2024-12-20,2024-11-03,165645000000.0,2024-12-20,2024-11-03,97967000000.0,2024-12-20,2024-11-03,1245000000.0,2024-12-20,2024-11-03,4778000000.0,2024-12-20,2024-11-03,1.23,2024-12-20,2024-11-03,2024-12-20,https://github.com/deeleeramone/sec-company-facts/releases/download/parquet-latest/facts_enc-b00056.parquet,True
AVGO,Technology,2025-03-31,1730168,Broadcom Inc.,https://github.com/deeleeramone/sec-company-facts/releases/download/parquet-latest/primary_tickers.parquet,DOLTHUB_SEC_PARQUET_MIRROR,YAHOO_CHART,2025-03-31,167.42999267578125,,,https://query1.finance.yahoo.com/v8/finance/chart/AVGO?period1=1577836800&period2=1783296000&interval=1d&events=history&includeAdjustedClose=true,SKIPPED_IN_CORE_SMOKE,14916000000.0,2025-03-12,2025-02-02,10145000000.0,2025-03-12,2025-02-02,5503000000.0,2025-03-12,2025-02-02,6113000000.0,2025-03-12,2025-02-02,100000000.0,2025-03-12,2025-02-02,69789000000.0,2025-03-12,2025-02-02,9307000000.0,2025-03-12,2025-02-02,165358000000.0,2025-03-12,2025-02-02,95569000000.0,2025-03-12,2025-02-02,1650000000.0,2025-03-12,2025-02-02,4836000000.0,2025-03-12,2025-02-02,1.14,2025-03-12,2025-02-02,2025-03-12,https://github.com/deeleeramone/sec-company-facts/releases/download/parquet-latest/facts_enc-b00056.parquet,True
AVGO,Technology,2025-06-30,1730168,Broadcom Inc.,https://github.com/deeleeramone/sec-company-facts/releases/download/parquet-latest/primary_tickers.parquet,DOLTHUB_SEC_PARQUET_MIRROR,YAHOO_CHART,2025-06-30,275.6499938964844,,,https://query1.finance.yahoo.com/v8/finance/chart/AVGO?period1=1577836800&period2=1783296000&interval=1d&events=history&includeAdjustedClose=true,SKIPPED_IN_CORE_SMOKE,29920000000.0,2025-06-11,2025-05-04,20342000000.0,2025-06-11,2025-05-04,4965000000.0,2025-06-11,2025-05-04,12668000000.0,2025-06-11,2025-05-04,244000000.0,2025-06-11,2025-05-04,69586000000.0,2025-06-11,2025-05-04,9472000000.0,2025-06-11,2025-05-04,164630000000.0,2025-06-11,2025-05-04,95044000000.0,2025-06-11,2025-05-04,1650000000.0,2025-06-11,2025-05-04,4826000000.0,2025-06-11,2025-05-04,2.17,2025-06-11,2025-05-04,2025-06-11,https://github.com/deeleeramone/sec-company-facts/releases/download/parquet-latest/facts_enc-b00056.parquet,True
AVGO,Technology,2025-09-30,1730168,Broadcom Inc.,https://github.com/deeleeramone/sec-company-facts/releases/download/parquet-latest/primary_tickers.parquet,DOLTHUB_SEC_PARQUET_MIRROR,YAHOO_CHART,2025-09-30,329.9100036621094,,,https://query1.finance.yahoo.com/v8/finance/chart/AVGO?period1=1577836800&period2=1783296000&interval=1d&events=history&includeAdjustedClose=true,SKIPPED_IN_CORE_SMOKE,15952000000.0,2025-09-10,2025-08-03,31045000000.0,2025-09-10,2025-08-03,4140000000.0,2025-09-10,2025-08-03,19834000000.0,2025-09-10,2025-08-03,386000000.0,2025-09-10,2025-08-03,73277000000.0,2025-09-10,2025-08-03,10718000000.0,2025-09-10,2025-08-03,165621000000.0,2025-09-10,2025-08-03,92344000000.0,2025-09-10,2025-08-03,900000000.0,2025-09-10,2025-08-03,4841000000.0,2025-09-10,2025-08-03,0.85,2025-09-10,2025-08-03,2025-09-10,https://github.com/deeleeramone/sec-company-facts/releases/download/parquet-latest/facts_enc-b00056.parquet,True
AVGO,Technology,2025-12-31,1730168,Broadcom Inc.,https://github.com/deeleeramone/sec-company-facts/releases/download/parquet-latest/primary_tickers.parquet,DOLTHUB_SEC_PARQUET_MIRROR,YAHOO_CHART,2025-12-31,346.1000061035156,,,https://query1.finance.yahoo.com/v8/finance/chart/AVGO?period1=1577836800&period2=1783296000&interval=1d&events=history&includeAdjustedClose=true,SKIPPED_IN_CORE_SMOKE,63887000000.0,2025-12-18,2025-11-02,43294000000.0,2025-12-18,2025-11-02,23126000000.0,2025-12-18,2025-11-02,27537000000.0,2025-12-18,2025-11-02,623000000.0,2025-12-18,2025-11-02,81292000000.0,2025-12-18,2025-11-02,16178000000.0,2025-12-18,2025-11-02,171092000000.0,2025-12-18,2025-11-02,89800000000.0,2025-12-18,2025-11-02,3152000000.0,2025-12-18,2025-11-02,4853000000.0,2025-12-18,2025-11-02,4.77,2025-12-18,2025-11-02,2025-12-18,https://github.com/deeleeramone/sec-company-facts/releases/download/parquet-latest/facts_enc-b00056.parquet,True
AVGO,Technology,2026-03-31,1730168,Broadcom Inc.,https://github.com/deeleeramone/sec-company-facts/releases/download/parquet-latest/primary_tickers.parquet,DOLTHUB_SEC_PARQUET_MIRROR,YAHOO_CHART,2026-03-31,309.510009765625,,,https://query1.finance.yahoo.com/v8/finance/chart/AVGO?period1=1577836800&period2=1783296000&interval=1d&events=history&includeAdjustedClose=true,SKIPPED_IN_CORE_SMOKE,19311000000.0,2026-03-11,2026-02-01,13157000000.0,2026-03-11,2026-02-01,7349000000.0,2026-03-11,2026-02-01,8260000000.0,2026-03-11,2026-02-01,250000000.0,2026-03-11,2026-02-01,79872000000.0,2026-03-11,2026-02-01,14174000000.0,2026-03-11,2026-02-01,169903000000.0,2026-03-11,2026-02-01,90031000000.0,2026-03-11,2026-02-01,2252000000.0,2026-03-11,2026-02-01,4888000000.0,2026-03-11,2026-02-01,1.5,2026-03-11,2026-02-01,2026-03-11,https://github.com/deeleeramone/sec-company-facts/releases/download/parquet-latest/facts_enc-b00056.parquet,True
AVGO,Technology,2026-06-30,1730168,Broadcom Inc.,https://github.com/deeleeramone/sec-company-facts/releases/download/parquet-latest/primary_tickers.parquet,DOLTHUB_SEC_PARQUET_MIRROR,YAHOO_CHART,2026-06-30,377.75,,,https://query1.finance.yahoo.com/v8/finance/chart/AVGO?period1=1577836800&period2=1783296000&interval=1d&events=history&includeAdjustedClose=true,SKIPPED_IN_CORE_SMOKE,41498000000.0,2026-06-09,2026-05-03,15415000000.0,2026-06-09,2026-05-03,9310000000.0,2026-06-09,2026-05-03,18753000000.0,2026-06-09,2026-05-03,481000000.0,2026-06-09,2026-05-03,87691000000.0,2026-06-09,2026-05-03,19628000000.0,2026-06-09,2026-05-03,179158000000.0,2026-06-09,2026-05-03,91467000000.0,2026-06-09,2026-05-03,2252000000.0,2026-06-09,2026-05-03,4876000000.0,2026-06-09,2026-05-03,1.91,2026-06-09,2026-05-03,2026-06-09,https://github.com/deeleeramone/sec-company-facts/releases/download/parquet-latest/facts_enc-b00056.parquet,True
AMD,Technology,2021-03-31,2488,ADVANCED MICRO DEVICES INC,https://github.com/deeleeramone/sec-company-facts/releases/download/parquet-latest/primary_tickers.parquet,DOLTHUB_SEC_PARQUET_MIRROR,YAHOO_CHART,2021-03-31,78.5,,,https://query1.finance.yahoo.com/v8/finance/chart/AMD?period1=1577836800&period2=1783296000&interval=1d&events=history&includeAdjustedClose=true,SKIPPED_IN_CORE_SMOKE,3244000000.0,2021-01-29,2020-12-26,1451000000.0,2021-01-29,2020-12-26,1781000000.0,2021-01-29,2020-12-26,1071000000.0,2021-01-29,2020-12-26,294000000.0,2021-01-29,2020-12-26,5837000000.0,2021-01-29,2020-12-26,1595000000.0,2021-01-29,2020-12-26,8962000000.0,2021-01-29,2020-12-26,,,,330000000.0,2021-01-29,2020-12-26,1207000000.0,2021-01-29,2020-12-26,2.06,2021-01-29,2020-12-26,2021-01-29,https://github.com/deeleeramone/sec-company-facts/releases/download/parquet-latest/facts_enc-b00056.parquet,True
AMD,Technology,2021-06-30,2488,ADVANCED MICRO DEVICES INC,https://github.com/deeleeramone/sec-company-facts/releases/download/parquet-latest/primary_tickers.parquet,DOLTHUB_SEC_PARQUET_MIRROR,YAHOO_CHART,2021-06-30,93.93000030517578,,,https://query1.finance.yahoo.com/v8/finance/chart/AMD?period1=1577836800&period2=1783296000&interval=1d&events=history&includeAdjustedClose=true,SKIPPED_IN_CORE_SMOKE,3445000000.0,2021-04-28,2021-03-27,1587000000.0,2021-04-28,2021-03-27,555000000.0,2021-04-28,2021-03-27,898000000.0,2021-04-28,2021-03-27,66000000.0,2021-04-28,2021-03-27,6477000000.0,2021-04-28,2021-03-27,1763000000.0,2021-04-28,2021-03-27,10047000000.0,2021-04-28,2021-03-27,,,,313000000.0,2021-04-28,2021-03-27,1231000000.0,2021-04-28,2021-03-27,0.45,2021-04-28,2021-03-27,2021-04-28,https://github.com/deeleeramone/sec-company-facts/releases/download/parquet-latest/facts_enc-b00056.parquet,True
AMD,Technology,2021-09-30,2488,ADVANCED MICRO DEVICES INC,https://github.com/deeleeramone/sec-company-facts/releases/download/parquet-latest/primary_tickers.parquet,DOLTHUB_SEC_PARQUET_MIRROR,YAHOO_CHART,2021-09-30,102.9000015258789,,,https://query1.finance.yahoo.com/v8/finance/chart/AMD?period1=1577836800&period2=1783296000&interval=1d&events=history&includeAdjustedClose=true,SKIPPED_IN_CORE_SMOKE,7295000000.0,2021-07-28,2021-06-26,1830000000.0,2021-07-28,2021-06-26,1265000000.0,2021-07-28,2021-06-26,1850000000.0,2021-07-28,2021-06-26,130000000.0,2021-07-28,2021-06-26,7065000000.0,2021-07-28,2021-06-26,2623000000.0,2021-07-28,2021-06-26,10691000000.0,2021-07-28,2021-06-26,,,,313000000.0,2021-07-28,2021-06-26,1231000000.0,2021-07-28,2021-06-26,1.03,2021-07-28,2021-06-26,2021-07-28,https://github.com/deeleeramone/sec-company-facts/releases/download/parquet-latest/facts_enc-b00056.parquet,True
AMD,Technology,2021-12-31,2488,ADVANCED MICRO DEVICES INC,https://github.com/deeleeramone/sec-company-facts/releases/download/parquet-latest/primary_tickers.parquet,DOLTHUB_SEC_PARQUET_MIRROR,YAHOO_CHART,2021-12-31,143.89999389648438,,,https://query1.finance.yahoo.com/v8/finance/chart/AMD?period1=1577836800&period2=1783296000&interval=1d&events=history&includeAdjustedClose=true,SKIPPED_IN_CORE_SMOKE,11608000000.0,2021-10-27,2021-09-25,5503000000.0,2021-10-27,2021-09-25,923000000.0,2021-10-27,2021-09-25,2699000000.0,2021-10-27,2021-09-25,215000000.0,2021-10-27,2021-09-25,7136000000.0,2021-10-27,2021-09-25,2440000000.0,2021-10-27,2021-09-25,11153000000.0,2021-10-27,2021-09-25,,,,1000000.0,2021-10-27,2021-09-25,1231000000.0,2021-10-27,2021-09-25,1.78,2021-10-27,2021-09-25,2021-10-27,https://github.com/deeleeramone/sec-company-facts/releases/download/parquet-latest/facts_enc-b00056.parquet,True
AMD,Technology,2022-03-31,2488,ADVANCED MICRO DEVICES INC,https://github.com/deeleeramone/sec-company-facts/releases/download/parquet-latest/primary_tickers.parquet,DOLTHUB_SEC_PARQUET_MIRROR,YAHOO_CHART,2022-03-31,109.33999633789062,,,https://query1.finance.yahoo.com/v8/finance/chart/AMD?period1=1577836800&period2=1783296000&interval=1d&events=history&includeAdjustedClose=true,SKIPPED_IN_CORE_SMOKE,16434000000.0,2022-02-03,2021-12-25,7929000000.0,2022-02-03,2021-12-25,3162000000.0,2022-02-03,2021-12-25,3521000000.0,2022-02-03,2021-12-25,301000000.0,2022-02-03,2021-12-25,7497000000.0,2022-02-03,2021-12-25,2535000000.0,2022-02-03,2021-12-25,12419000000.0,2022-02-03,2021-12-25,,,,1000000.0,2022-02-03,2021-12-25,1229000000.0,2022-02-03,2021-12-25,2.57,2022-02-03,2021-12-25,2022-02-03,https://github.com/deeleeramone/sec-company-facts/releases/download/parquet-latest/facts_enc-b00056.parquet,True
AMD,Technology,2022-06-30,2488,ADVANCED MICRO DEVICES INC,https://github.com/deeleeramone/sec-company-facts/releases/download/parquet-latest/primary_tickers.parquet,DOLTHUB_SEC_PARQUET_MIRROR,YAHOO_CHART,2022-06-30,76.47000122070312,,,https://query1.finance.yahoo.com/v8/finance/chart/AMD?period1=1577836800&period2=1783296000&interval=1d&events=history&includeAdjustedClose=true,SKIPPED_IN_CORE_SMOKE,5887000000.0,2022-05-04,2022-03-26,2818000000.0,2022-05-04,2022-03-26,786000000.0,2022-05-04,2022-03-26,995000000.0,2022-05-04,2022-03-26,71000000.0,2022-05-04,2022-03-26,55333000000.0,2022-05-04,2022-03-26,4740000000.0,2022-05-04,2022-03-26,66915000000.0,2022-05-04,2022-03-26,,,,1475000000.0,2022-05-04,2022-03-26,1410000000.0,2022-05-04,2022-03-26,0.56,2022-05-04,2022-03-26,2022-05-04,https://github.com/deeleeramone/sec-company-facts/releases/download/parquet-latest/facts_enc-b00056.parquet,True
AMD,Technology,2022-09-30,2488,ADVANCED MICRO DEVICES INC,https://github.com/deeleeramone/sec-company-facts/releases/download/parquet-latest/primary_tickers.parquet,DOLTHUB_SEC_PARQUET_MIRROR,YAHOO_CHART,2022-09-30,63.36000061035156,,,https://query1.finance.yahoo.com/v8/finance/chart/AMD?period1=1577836800&period2=1783296000&interval=1d&events=history&includeAdjustedClose=true,SKIPPED_IN_CORE_SMOKE,6550000000.0,2022-08-03,2022-06-25,5846000000.0,2022-08-03,2022-06-25,447000000.0,2022-08-03,2022-06-25,2033000000.0,2022-08-03,2022-06-25,203000000.0,2022-08-03,2022-06-25,55169000000.0,2022-08-03,2022-06-25,4964000000.0,2022-08-03,2022-06-25,67502000000.0,2022-08-03,2022-06-25,,,,2465000000.0,2022-08-03,2022-06-25,1521000000.0,2022-08-03,2022-06-25,0.81,2022-08-03,2022-06-25,2022-08-03,https://github.com/deeleeramone/sec-company-facts/releases/download/parquet-latest/facts_enc-b00056.parquet,True
AMD,Technology,2022-12-31,2488,ADVANCED MICRO DEVICES INC,https://github.com/deeleeramone/sec-company-facts/releases/download/parquet-latest/primary_tickers.parquet,DOLTHUB_SEC_PARQUET_MIRROR,YAHOO_CHART,2022-12-30,64.7699966430664,,,https://query1.finance.yahoo.com/v8/finance/chart/AMD?period1=1577836800&period2=1783296000&interval=1d&events=history&includeAdjustedClose=true,SKIPPED_IN_CORE_SMOKE,18002000000.0,2022-11-02,2022-09-24,8200000000.0,2022-11-02,2022-09-24,1299000000.0,2022-11-02,2022-09-24,2998000000.0,2022-11-02,2022-09-24,326000000.0,2022-11-02,2022-09-24,54542000000.0,2022-11-02,2022-09-24,3398000000.0,2022-11-02,2022-09-24,67811000000.0,2022-11-02,2022-09-24,,,,2466000000.0,2022-11-02,2022-09-24,1625000000.0,2022-11-02,2022-09-24,0.84,2022-11-02,2022-09-24,2022-11-02,https://github.com/deeleeramone/sec-company-facts/releases/download/parquet-latest/facts_enc-b00056.parquet,True
AMD,Technology,2023-03-31,2488,ADVANCED MICRO DEVICES INC,https://github.com/deeleeramone/sec-company-facts/releases/download/parquet-latest/primary_tickers.parquet,DOLTHUB_SEC_PARQUET_MIRROR,YAHOO_CHART,2023-03-31,98.01000213623047,,,https://query1.finance.yahoo.com/v8/finance/chart/AMD?period1=1577836800&period2=1783296000&interval=1d&events=history&includeAdjustedClose=true,SKIPPED_IN_CORE_SMOKE,23601000000.0,2023-02-27,2022-12-31,10603000000.0,2023-02-27,2022-12-31,1320000000.0,2023-02-27,2022-12-31,3565000000.0,2023-02-27,2022-12-31,450000000.0,2023-02-27,2022-12-31,54750000000.0,2023-02-27,2022-12-31,4835000000.0,2023-02-27,2022-12-31,67580000000.0,2023-02-27,2022-12-31,,,,2467000000.0,2023-02-27,2022-12-31,1571000000.0,2023-02-27,2022-12-31,0.84,2023-02-27,2022-12-31,2023-02-27,https://github.com/deeleeramone/sec-company-facts/releases/download/parquet-latest/facts_enc-b00056.parquet,True
AMD,Technology,2023-06-30,2488,ADVANCED MICRO DEVICES INC,https://github.com/deeleeramone/sec-company-facts/releases/download/parquet-latest/primary_tickers.parquet,DOLTHUB_SEC_PARQUET_MIRROR,YAHOO_CHART,2023-06-30,113.91000366210938,,,https://query1.finance.yahoo.com/v8/finance/chart/AMD?period1=1577836800&period2=1783296000&interval=1d&events=history&includeAdjustedClose=true,SKIPPED_IN_CORE_SMOKE,5353000000.0,2023-05-03,2023-04-01,2359000000.0,2023-05-03,2023-04-01,-139000000.0,2023-05-03,2023-04-01,486000000.0,2023-05-03,2023-04-01,158000000.0,2023-05-03,2023-04-01,54694000000.0,2023-05-03,2023-04-01,3825000000.0,2023-05-03,2023-04-01,67634000000.0,2023-05-03,2023-04-01,,,,2467000000.0,2023-05-03,2023-04-01,1611000000.0,2023-05-03,2023-04-01,-0.09,2023-05-03,2023-04-01,2023-05-03,https://github.com/deeleeramone/sec-company-facts/releases/download/parquet-latest/facts_enc-b00056.parquet,True
AMD,Technology,2023-09-30,2488,ADVANCED MICRO DEVICES INC,https://github.com/deeleeramone/sec-company-facts/releases/download/parquet-latest/primary_tickers.parquet,DOLTHUB_SEC_PARQUET_MIRROR,YAHOO_CHART,2023-09-29,102.81999969482422,,,https://query1.finance.yahoo.com/v8/finance/chart/AMD?period1=1577836800&period2=1783296000&interval=1d&events=history&includeAdjustedClose=true,SKIPPED_IN_CORE_SMOKE,5359000000.0,2023-08-02,2023-07-01,2443000000.0,2023-08-02,2023-07-01,27000000.0,2023-08-02,2023-07-01,865000000.0,2023-08-02,2023-07-01,283000000.0,2023-08-02,2023-07-01,55136000000.0,2023-08-02,2023-07-01,3841000000.0,2023-08-02,2023-07-01,67967000000.0,2023-08-02,2023-07-01,,,,750000000.0,2023-08-02,2023-07-01,1627000000.0,2023-08-02,2023-07-01,0.02,2023-08-02,2023-07-01,2023-08-02,https://github.com/deeleeramone/sec-company-facts/releases/download/parquet-latest/facts_enc-b00056.parquet,True
AMD,Technology,2023-12-31,2488,ADVANCED MICRO DEVICES INC,https://github.com/deeleeramone/sec-company-facts/releases/download/parquet-latest/primary_tickers.parquet,DOLTHUB_SEC_PARQUET_MIRROR,YAHOO_CHART,2023-12-29,147.41000366210938,,,https://query1.finance.yahoo.com/v8/finance/chart/AMD?period1=1577836800&period2=1783296000&interval=1d&events=history&includeAdjustedClose=true,SKIPPED_IN_CORE_SMOKE,5800000000.0,2023-11-01,2023-09-30,7549000000.0,2023-11-01,2023-09-30,299000000.0,2023-11-01,2023-09-30,1286000000.0,2023-11-01,2023-09-30,407000000.0,2023-11-01,2023-09-30,54970000000.0,2023-11-01,2023-09-30,3561000000.0,2023-11-01,2023-09-30,67626000000.0,2023-11-01,2023-09-30,,,,1715000000.0,2023-11-01,2023-09-30,1625000000.0,2023-11-01,2023-09-30,0.11,2023-11-01,2023-09-30,2023-11-01,https://github.com/deeleeramone/sec-company-facts/releases/download/parquet-latest/facts_enc-b00056.parquet,True
AMD,Technology,2024-03-31,2488,ADVANCED MICRO DEVICES INC,https://github.com/deeleeramone/sec-company-facts/releases/download/parquet-latest/primary_tickers.parquet,DOLTHUB_SEC_PARQUET_MIRROR,YAHOO_CHART,2024-03-28,180.49000549316406,,,https://query1.finance.yahoo.com/v8/finance/chart/AMD?period1=1577836800&period2=1783296000&interval=1d&events=history&includeAdjustedClose=true,SKIPPED_IN_CORE_SMOKE,22680000000.0,2024-01-31,2023-12-30,10460000000.0,2024-01-31,2023-12-30,854000000.0,2024-01-31,2023-12-30,1667000000.0,2024-01-31,2023-12-30,546000000.0,2024-01-31,2023-12-30,55892000000.0,2024-01-31,2023-12-30,3933000000.0,2024-01-31,2023-12-30,67885000000.0,2024-01-31,2023-12-30,,,,1717000000.0,2024-01-31,2023-12-30,1625000000.0,2024-01-31,2023-12-30,0.53,2024-01-31,2023-12-30,2024-01-31,https://github.com/deeleeramone/sec-company-facts/releases/download/parquet-latest/facts_enc-b00056.parquet,True
AMD,Technology,2024-06-30,2488,ADVANCED MICRO DEVICES INC,https://github.com/deeleeramone/sec-company-facts/releases/download/parquet-latest/primary_tickers.parquet,DOLTHUB_SEC_PARQUET_MIRROR,YAHOO_CHART,2024-06-28,162.2100067138672,,,https://query1.finance.yahoo.com/v8/finance/chart/AMD?period1=1577836800&period2=1783296000&interval=1d&events=history&includeAdjustedClose=true,SKIPPED_IN_CORE_SMOKE,5473000000.0,2024-05-01,2024-03-30,2560000000.0,2024-05-01,2024-03-30,123000000.0,2024-05-01,2024-03-30,521000000.0,2024-05-01,2024-03-30,142000000.0,2024-05-01,2024-03-30,56198000000.0,2024-05-01,2024-03-30,4190000000.0,2024-05-01,2024-03-30,67895000000.0,2024-05-01,2024-03-30,,,,1718000000.0,2024-05-01,2024-03-30,1639000000.0,2024-05-01,2024-03-30,0.07,2024-05-01,2024-03-30,2024-05-01,https://github.com/deeleeramone/sec-company-facts/releases/download/parquet-latest/facts_enc-b00056.parquet,True
AMD,Technology,2024-09-30,2488,ADVANCED MICRO DEVICES INC,https://github.com/deeleeramone/sec-company-facts/releases/download/parquet-latest/primary_tickers.parquet,DOLTHUB_SEC_PARQUET_MIRROR,YAHOO_CHART,2024-09-30,164.0800018310547,,,https://query1.finance.yahoo.com/v8/finance/chart/AMD?period1=1577836800&period2=1783296000&interval=1d&events=history&includeAdjustedClose=true,SKIPPED_IN_CORE_SMOKE,5835000000.0,2024-07-31,2024-06-29,5424000000.0,2024-07-31,2024-06-29,265000000.0,2024-07-31,2024-06-29,1114000000.0,2024-07-31,2024-06-29,296000000.0,2024-07-31,2024-06-29,56538000000.0,2024-07-31,2024-06-29,4113000000.0,2024-07-31,2024-06-29,67886000000.0,2024-07-31,2024-06-29,,,,0.0,2024-07-31,2024-06-29,1638000000.0,2024-07-31,2024-06-29,0.24,2024-07-31,2024-06-29,2024-07-31,https://github.com/deeleeramone/sec-company-facts/releases/download/parquet-latest/facts_enc-b00056.parquet,True
AMD,Technology,2024-12-31,2488,ADVANCED MICRO DEVICES INC,https://github.com/deeleeramone/sec-company-facts/releases/download/parquet-latest/primary_tickers.parquet,DOLTHUB_SEC_PARQUET_MIRROR,YAHOO_CHART,2024-12-31,120.79000091552734,,,https://query1.finance.yahoo.com/v8/finance/chart/AMD?period1=1577836800&period2=1783296000&interval=1d&events=history&includeAdjustedClose=true,SKIPPED_IN_CORE_SMOKE,6819000000.0,2024-10-30,2024-09-28,8843000000.0,2024-10-30,2024-09-28,771000000.0,2024-10-30,2024-09-28,1742000000.0,2024-10-30,2024-09-28,428000000.0,2024-10-30,2024-09-28,56985000000.0,2024-10-30,2024-09-28,3897000000.0,2024-10-30,2024-09-28,69636000000.0,2024-10-30,2024-09-28,,,,0.0,2024-10-30,2024-09-28,1636000000.0,2024-10-30,2024-09-28,0.71,2024-10-30,2024-09-28,2024-10-30,https://github.com/deeleeramone/sec-company-facts/releases/download/parquet-latest/facts_enc-b00056.parquet,True
AMD,Technology,2025-03-31,2488,ADVANCED MICRO DEVICES INC,https://github.com/deeleeramone/sec-company-facts/releases/download/parquet-latest/primary_tickers.parquet,DOLTHUB_SEC_PARQUET_MIRROR,YAHOO_CHART,2025-03-31,102.73999786376953,,,https://query1.finance.yahoo.com/v8/finance/chart/AMD?period1=1577836800&period2=1783296000&interval=1d&events=history&includeAdjustedClose=true,SKIPPED_IN_CORE_SMOKE,25785000000.0,2025-02-05,2024-12-28,12725000000.0,2025-02-05,2024-12-28,1641000000.0,2025-02-05,2024-12-28,3041000000.0,2025-02-05,2024-12-28,636000000.0,2025-02-05,2024-12-28,57568000000.0,2025-02-05,2024-12-28,3787000000.0,2025-02-05,2024-12-28,69226000000.0,2025-02-05,2024-12-28,,,,1721000000.0,2025-02-05,2024-12-28,1637000000.0,2025-02-05,2024-12-28,1.0,2025-02-05,2024-12-28,2025-02-05,https://github.com/deeleeramone/sec-company-facts/releases/download/parquet-latest/facts_enc-b00056.parquet,True
AMD,Technology,2025-06-30,2488,ADVANCED MICRO DEVICES INC,https://github.com/deeleeramone/sec-company-facts/releases/download/parquet-latest/primary_tickers.parquet,DOLTHUB_SEC_PARQUET_MIRROR,YAHOO_CHART,2025-06-30,141.89999389648438,,,https://query1.finance.yahoo.com/v8/finance/chart/AMD?period1=1577836800&period2=1783296000&interval=1d&events=history&includeAdjustedClose=true,SKIPPED_IN_CORE_SMOKE,7438000000.0,2025-05-07,2025-03-29,3736000000.0,2025-05-07,2025-03-29,709000000.0,2025-05-07,2025-03-29,939000000.0,2025-05-07,2025-03-29,212000000.0,2025-05-07,2025-03-29,57881000000.0,2025-05-07,2025-03-29,6049000000.0,2025-05-07,2025-03-29,71550000000.0,2025-05-07,2025-03-29,,,,3217000000.0,2025-05-07,2025-03-29,1626000000.0,2025-05-07,2025-03-29,0.44,2025-05-07,2025-03-29,2025-05-07,https://github.com/deeleeramone/sec-company-facts/releases/download/parquet-latest/facts_enc-b00056.parquet,True
AMD,Technology,2025-09-30,2488,ADVANCED MICRO DEVICES INC,https://github.com/deeleeramone/sec-company-facts/releases/download/parquet-latest/primary_tickers.parquet,DOLTHUB_SEC_PARQUET_MIRROR,YAHOO_CHART,2025-09-30,161.7899932861328,,,https://query1.finance.yahoo.com/v8/finance/chart/AMD?period1=1577836800&period2=1783296000&interval=1d&events=history&includeAdjustedClose=true,SKIPPED_IN_CORE_SMOKE,7685000000.0,2025-08-06,2025-06-28,6795000000.0,2025-08-06,2025-06-28,1581000000.0,2025-08-06,2025-06-28,2950000000.0,2025-08-06,2025-06-28,494000000.0,2025-08-06,2025-06-28,59665000000.0,2025-08-06,2025-06-28,4442000000.0,2025-08-06,2025-06-28,74820000000.0,2025-08-06,2025-06-28,,,,3218000000.0,2025-08-06,2025-06-28,1630000000.0,2025-08-06,2025-06-28,0.54,2025-08-06,2025-06-28,2025-08-06,https://github.com/deeleeramone/sec-company-facts/releases/download/parquet-latest/facts_enc-b00056.parquet,True
AMD,Technology,2025-12-31,2488,ADVANCED MICRO DEVICES INC,https://github.com/deeleeramone/sec-company-facts/releases/download/parquet-latest/primary_tickers.parquet,DOLTHUB_SEC_PARQUET_MIRROR,YAHOO_CHART,2025-12-31,214.16000366210938,,,https://query1.finance.yahoo.com/v8/finance/chart/AMD?period1=1577836800&period2=1783296000&interval=1d&events=history&includeAdjustedClose=true,SKIPPED_IN_CORE_SMOKE,9246000000.0,2025-11-05,2025-09-27,4780000000.0,2025-11-05,2025-09-27,1243000000.0,2025-11-05,2025-09-27,5109000000.0,2025-11-05,2025-09-27,752000000.0,2025-11-05,2025-09-27,60790000000.0,2025-11-05,2025-09-27,4808000000.0,2025-11-05,2025-09-27,76891000000.0,2025-11-05,2025-09-27,,,,2347000000.0,2025-11-05,2025-09-27,1632000000.0,2025-11-05,2025-09-27,0.75,2025-11-05,2025-09-27,2025-11-05,https://github.com/deeleeramone/sec-company-facts/releases/download/parquet-latest/facts_enc-b00056.parquet,True
AMD,Technology,2026-03-31,2488,ADVANCED MICRO DEVICES INC,https://github.com/deeleeramone/sec-company-facts/releases/download/parquet-latest/primary_tickers.parquet,DOLTHUB_SEC_PARQUET_MIRROR,YAHOO_CHART,2026-03-31,203.42999267578125,,,https://query1.finance.yahoo.com/v8/finance/chart/AMD?period1=1577836800&period2=1783296000&interval=1d&events=history&includeAdjustedClose=true,SKIPPED_IN_CORE_SMOKE,34639000000.0,2026-02-04,2025-12-27,17152000000.0,2026-02-04,2025-12-27,4335000000.0,2026-02-04,2025-12-27,7709000000.0,2026-02-04,2025-12-27,974000000.0,2026-02-04,2025-12-27,62999000000.0,2026-02-04,2025-12-27,5556000000.0,2026-02-04,2025-12-27,76926000000.0,2026-02-04,2025-12-27,,,,2348000000.0,2026-02-04,2025-12-27,1636000000.0,2026-02-04,2025-12-27,2.65,2026-02-04,2025-12-27,2026-02-04,https://github.com/deeleeramone/sec-company-facts/releases/download/parquet-latest/facts_enc-b00056.parquet,True
AMD,Technology,2026-06-30,2488,ADVANCED MICRO DEVICES INC,https://github.com/deeleeramone/sec-company-facts/releases/download/parquet-latest/primary_tickers.parquet,DOLTHUB_SEC_PARQUET_MIRROR,YAHOO_CHART,2026-06-30,580.9099731445312,,,https://query1.finance.yahoo.com/v8/finance/chart/AMD?period1=1577836800&period2=1783296000&interval=1d&events=history&includeAdjustedClose=true,SKIPPED_IN_CORE_SMOKE,10253000000.0,2026-05-06,2026-03-28,5416000000.0,2026-05-06,2026-03-28,1383000000.0,2026-05-06,2026-03-28,2955000000.0,2026-05-06,2026-03-28,389000000.0,2026-05-06,2026-03-28,64462000000.0,2026-05-06,2026-03-28,5585000000.0,2026-05-06,2026-03-28,79642000000.0,2026-05-06,2026-03-28,,,,2350000000.0,2026-05-06,2026-03-28,1650000000.0,2026-05-06,2026-03-28,0.84,2026-05-06,2026-03-28,2026-05-06,https://github.com/deeleeramone/sec-company-facts/releases/download/parquet-latest/facts_enc-b00056.parquet,True
DELL,Technology,2021-03-31,1571996,Dell Technologies Inc.,https://github.com/deeleeramone/sec-company-facts/releases/download/parquet-latest/primary_tickers.parquet,DOLTHUB_SEC_PARQUET_MIRROR,YAHOO_CHART,2021-03-31,44.67815399169922,,,https://query1.finance.yahoo.com/v8/finance/chart/DELL?period1=1577836800&period2=1783296000&interval=1d&events=history&includeAdjustedClose=true,SKIPPED_IN_CORE_SMOKE,94224000000.0,2021-03-26,2021-01-29,29417000000.0,2021-03-26,2021-01-29,3505000000.0,2021-03-26,2021-01-29,11407000000.0,2021-03-26,2021-01-29,2082000000.0,2021-03-26,2021-01-29,7553000000.0,2021-03-26,2021-01-29,15184000000.0,2021-03-26,2021-01-29,123415000000.0,2021-03-26,2021-01-29,115390000000.0,2021-03-26,2021-01-29,41622000000.0,2021-03-26,2021-01-29,771000000.0,2020-12-07,2020-10-30,4.22,2021-03-26,2021-01-29,2021-03-26,https://github.com/deeleeramone/sec-company-facts/releases/download/parquet-latest/facts_enc-b00028.parquet,True
DELL,Technology,2021-06-30,1571996,Dell Technologies Inc.,https://github.com/deeleeramone/sec-company-facts/releases/download/parquet-latest/primary_tickers.parquet,DOLTHUB_SEC_PARQUET_MIRROR,YAHOO_CHART,2021-06-30,50.5169792175293,,,https://query1.finance.yahoo.com/v8/finance/chart/DELL?period1=1577836800&period2=1783296000&interval=1d&events=history&includeAdjustedClose=true,SKIPPED_IN_CORE_SMOKE,24487000000.0,2021-06-07,2021-04-30,7658000000.0,2021-06-07,2021-04-30,887000000.0,2021-06-07,2021-04-30,2238000000.0,2021-06-07,2021-04-30,625000000.0,2021-06-07,2021-04-30,8586000000.0,2021-06-07,2021-04-30,15260000000.0,2021-06-07,2021-04-30,121752000000.0,2021-06-07,2021-04-30,112608000000.0,2021-06-07,2021-04-30,37935000000.0,2021-06-07,2021-04-30,782000000.0,2021-06-07,2021-04-30,1.13,2021-06-07,2021-04-30,2021-06-07,https://github.com/deeleeramone/sec-company-facts/releases/download/parquet-latest/facts_enc-b00028.parquet,True
DELL,Technology,2021-09-30,1571996,Dell Technologies Inc.,https://github.com/deeleeramone/sec-company-facts/releases/download/parquet-latest/primary_tickers.parquet,DOLTHUB_SEC_PARQUET_MIRROR,YAHOO_CHART,2021-09-30,52.73188018798828,,,https://query1.finance.yahoo.com/v8/finance/chart/DELL?period1=1577836800&period2=1783296000&interval=1d&events=history&includeAdjustedClose=true,SKIPPED_IN_CORE_SMOKE,26122000000.0,2021-09-03,2021-07-30,7985000000.0,2021-09-03,2021-07-30,880000000.0,2021-09-03,2021-07-30,3963000000.0,2021-09-03,2021-07-30,1257000000.0,2021-09-03,2021-07-30,9943000000.0,2021-09-03,2021-07-30,12627000000.0,2021-09-03,2021-07-30,122678000000.0,2021-09-03,2021-07-30,112735000000.0,2021-09-03,2021-07-30,37167000000.0,2021-09-03,2021-07-30,784000000.0,2021-09-03,2021-07-30,2.18,2021-09-03,2021-07-30,2021-09-03,https://github.com/deeleeramone/sec-company-facts/releases/download/parquet-latest/facts_enc-b00028.parquet,True
DELL,Technology,2021-12-31,1571996,Dell Technologies Inc.,https://github.com/deeleeramone/sec-company-facts/releases/download/parquet-latest/primary_tickers.parquet,DOLTHUB_SEC_PARQUET_MIRROR,YAHOO_CHART,2021-12-31,56.16999816894531,,,https://query1.finance.yahoo.com/v8/finance/chart/DELL?period1=1577836800&period2=1783296000&interval=1d&events=history&includeAdjustedClose=true,SKIPPED_IN_CORE_SMOKE,79003000000.0,2021-12-03,2021-10-29,23702000000.0,2021-12-03,2021-10-29,3888000000.0,2021-12-03,2021-10-29,7214000000.0,2021-12-03,2021-10-29,2056000000.0,2021-12-03,2021-10-29,8954000000.0,2021-12-03,2021-10-29,22406000000.0,2021-12-03,2021-10-29,135677000000.0,2021-12-03,2021-10-29,121483000000.0,2021-12-03,2021-10-29,31699000000.0,2021-12-03,2021-10-29,785000000.0,2021-12-03,2021-10-29,4.87,2021-12-03,2021-10-29,2021-12-03,https://github.com/deeleeramone/sec-company-facts/releases/download/parquet-latest/facts_enc-b00028.parquet,True
DELL,Technology,2022-03-31,1571996,Dell Technologies Inc.,https://github.com/deeleeramone/sec-company-facts/releases/download/parquet-latest/primary_tickers.parquet,DOLTHUB_SEC_PARQUET_MIRROR,YAHOO_CHART,2022-03-31,50.189998626708984,,,https://query1.finance.yahoo.com/v8/finance/chart/DELL?period1=1577836800&period2=1783296000&interval=1d&events=history&includeAdjustedClose=true,SKIPPED_IN_CORE_SMOKE,101197000000.0,2022-03-24,2022-01-28,21891000000.0,2022-03-24,2022-01-28,2000000.0,2022-03-24,2022-01-28,10307000000.0,2022-03-24,2022-01-28,2796000000.0,2022-03-24,2022-01-28,-1685000000.0,2022-03-24,2022-01-28,10082000000.0,2022-03-24,2022-01-28,92735000000.0,2022-03-24,2022-01-28,94315000000.0,2022-03-24,2022-01-28,21131000000.0,2022-03-24,2022-01-28,791000000.0,2022-03-24,2022-01-28,4.87,2021-12-03,2021-10-29,2022-03-24,https://github.com/deeleeramone/sec-company-facts/releases/download/parquet-latest/facts_enc-b00028.parquet,True
DELL,Technology,2022-06-30,1571996,Dell Technologies Inc.,https://github.com/deeleeramone/sec-company-facts/releases/download/parquet-latest/primary_tickers.parquet,DOLTHUB_SEC_PARQUET_MIRROR,YAHOO_CHART,2022-06-30,46.209999084472656,,,https://query1.finance.yahoo.com/v8/finance/chart/DELL?period1=1577836800&period2=1783296000&interval=1d&events=history&includeAdjustedClose=true,SKIPPED_IN_CORE_SMOKE,26116000000.0,2022-06-06,2022-04-29,5784000000.0,2022-06-06,2022-04-29,1069000000.0,2022-06-06,2022-04-29,-269000000.0,2022-06-06,2022-04-29,690000000.0,2022-06-06,2022-04-29,-2462000000.0,2022-06-06,2022-04-29,7276000000.0,2022-06-06,2022-04-29,88406000000.0,2022-06-06,2022-04-29,90761000000.0,2022-06-06,2022-04-29,21197000000.0,2022-06-06,2022-04-29,780000000.0,2022-06-06,2022-04-29,4.87,2021-12-03,2021-10-29,2022-06-06,https://github.com/deeleeramone/sec-company-facts/releases/download/parquet-latest/facts_enc-b00028.parquet,True
DELL,Technology,2022-09-30,1571996,Dell Technologies Inc.,https://github.com/deeleeramone/sec-company-facts/releases/download/parquet-latest/primary_tickers.parquet,DOLTHUB_SEC_PARQUET_MIRROR,YAHOO_CHART,2022-09-30,34.16999816894531,,,https://query1.finance.yahoo.com/v8/finance/chart/DELL?period1=1577836800&period2=1783296000&interval=1d&events=history&includeAdjustedClose=true,SKIPPED_IN_CORE_SMOKE,26425000000.0,2022-09-01,2022-07-29,11223000000.0,2022-09-01,2022-07-29,1575000000.0,2022-09-01,2022-07-29,455000000.0,2022-09-01,2022-07-29,1497000000.0,2022-09-01,2022-07-29,-2755000000.0,2022-09-01,2022-07-29,6093000000.0,2022-09-01,2022-07-29,88775000000.0,2022-09-01,2022-07-29,91530000000.0,2022-09-01,2022-07-29,20287000000.0,2022-09-01,2022-07-29,755000000.0,2022-09-01,2022-07-29,4.87,2021-12-03,2021-10-29,2022-09-01,https://github.com/deeleeramone/sec-company-facts/releases/download/parquet-latest/facts_enc-b00028.parquet,True
DELL,Technology,2022-12-31,1571996,Dell Technologies Inc.,https://github.com/deeleeramone/sec-company-facts/releases/download/parquet-latest/primary_tickers.parquet,DOLTHUB_SEC_PARQUET_MIRROR,YAHOO_CHART,2022-12-30,40.220001220703125,,,https://query1.finance.yahoo.com/v8/finance/chart/DELL?period1=1577836800&period2=1783296000&interval=1d&events=history&includeAdjustedClose=true,SKIPPED_IN_CORE_SMOKE,77262000000.0,2022-12-05,2022-10-28,16930000000.0,2022-12-05,2022-10-28,1816000000.0,2022-12-05,2022-10-28,851000000.0,2022-12-05,2022-10-28,2244000000.0,2022-12-05,2022-10-28,-3368000000.0,2022-12-05,2022-10-28,5224000000.0,2022-12-05,2022-10-28,85172000000.0,2022-12-05,2022-10-28,88540000000.0,2022-12-05,2022-10-28,20562000000.0,2022-12-05,2022-10-28,759000000.0,2022-12-05,2022-10-28,4.87,2021-12-03,2021-10-29,2022-12-05,https://github.com/deeleeramone/sec-company-facts/releases/download/parquet-latest/facts_enc-b00028.parquet,True
DELL,Technology,2023-03-31,1571996,Dell Technologies Inc.,https://github.com/deeleeramone/sec-company-facts/releases/download/parquet-latest/primary_tickers.parquet,DOLTHUB_SEC_PARQUET_MIRROR,YAHOO_CHART,2023-03-31,40.209999084472656,,,https://query1.finance.yahoo.com/v8/finance/chart/DELL?period1=1577836800&period2=1783296000&interval=1d&events=history&includeAdjustedClose=true,SKIPPED_IN_CORE_SMOKE,102301000000.0,2023-03-30,2023-02-03,22686000000.0,2023-03-30,2023-02-03,2442000000.0,2023-03-30,2023-02-03,3565000000.0,2023-03-30,2023-02-03,3003000000.0,2023-03-30,2023-02-03,-3025000000.0,2023-03-30,2023-02-03,8894000000.0,2023-03-30,2023-02-03,89611000000.0,2023-03-30,2023-02-03,92636000000.0,2023-03-30,2023-02-03,23015000000.0,2023-03-30,2023-02-03,753000000.0,2023-03-30,2023-02-03,4.87,2021-12-03,2021-10-29,2023-03-30,https://github.com/deeleeramone/sec-company-facts/releases/download/parquet-latest/facts_enc-b00028.parquet,True
DELL,Technology,2023-06-30,1571996,Dell Technologies Inc.,https://github.com/deeleeramone/sec-company-facts/releases/download/parquet-latest/primary_tickers.parquet,DOLTHUB_SEC_PARQUET_MIRROR,YAHOO_CHART,2023-06-30,54.11000061035156,,,https://query1.finance.yahoo.com/v8/finance/chart/DELL?period1=1577836800&period2=1783296000&interval=1d&events=history&includeAdjustedClose=true,SKIPPED_IN_CORE_SMOKE,20922000000.0,2023-06-12,2023-05-05,5018000000.0,2023-06-12,2023-05-05,578000000.0,2023-06-12,2023-05-05,1777000000.0,2023-06-12,2023-05-05,701000000.0,2023-06-12,2023-05-05,-2924000000.0,2023-06-12,2023-05-05,7927000000.0,2023-06-12,2023-05-05,84094000000.0,2023-06-12,2023-05-05,87018000000.0,2023-06-12,2023-05-05,22962000000.0,2023-06-12,2023-05-05,737000000.0,2023-06-12,2023-05-05,0.79,2023-06-12,2023-05-05,2023-06-12,https://github.com/deeleeramone/sec-company-facts/releases/download/parquet-latest/facts_enc-b00028.parquet,True
DELL,Technology,2023-09-30,1571996,Dell Technologies Inc.,https://github.com/deeleeramone/sec-company-facts/releases/download/parquet-latest/primary_tickers.parquet,DOLTHUB_SEC_PARQUET_MIRROR,YAHOO_CHART,2023-09-29,68.9000015258789,,,https://query1.finance.yahoo.com/v8/finance/chart/DELL?period1=1577836800&period2=1783296000&interval=1d&events=history&includeAdjustedClose=true,SKIPPED_IN_CORE_SMOKE,43856000000.0,2023-09-12,2023-08-04,5387000000.0,2023-09-12,2023-08-04,462000000.0,2023-09-12,2023-08-04,4991000000.0,2023-09-12,2023-08-04,1325000000.0,2023-09-12,2023-08-04,-2772000000.0,2023-09-12,2023-08-04,8364000000.0,2023-09-12,2023-08-04,85658000000.0,2023-09-12,2023-08-04,88335000000.0,2023-09-12,2023-08-04,20177000000.0,2023-09-12,2023-08-04,737000000.0,2023-09-12,2023-08-04,1.42,2023-09-12,2023-08-04,2023-09-12,https://github.com/deeleeramone/sec-company-facts/releases/download/parquet-latest/facts_enc-b00028.parquet,True
DELL,Technology,2023-12-31,1571996,Dell Technologies Inc.,https://github.com/deeleeramone/sec-company-facts/releases/download/parquet-latest/primary_tickers.parquet,DOLTHUB_SEC_PARQUET_MIRROR,YAHOO_CHART,2023-12-29,76.5,,,https://query1.finance.yahoo.com/v8/finance/chart/DELL?period1=1577836800&period2=1783296000&interval=1d&events=history&includeAdjustedClose=true,SKIPPED_IN_CORE_SMOKE,66107000000.0,2023-12-08,2023-11-03,5148000000.0,2023-12-08,2023-11-03,1006000000.0,2023-12-08,2023-11-03,7143000000.0,2023-12-08,2023-11-03,2029000000.0,2023-12-08,2023-11-03,-2664000000.0,2023-12-08,2023-11-03,8448000000.0,2023-12-08,2023-11-03,83264000000.0,2023-12-08,2023-11-03,85834000000.0,2023-12-08,2023-11-03,20119000000.0,2023-12-08,2023-11-03,738000000.0,2023-12-08,2023-11-03,2.78,2023-12-08,2023-11-03,2023-12-08,https://github.com/deeleeramone/sec-company-facts/releases/download/parquet-latest/facts_enc-b00028.parquet,True
DELL,Technology,2024-03-31,1571996,Dell Technologies Inc.,https://github.com/deeleeramone/sec-company-facts/releases/download/parquet-latest/primary_tickers.parquet,DOLTHUB_SEC_PARQUET_MIRROR,YAHOO_CHART,2024-03-28,114.11000061035156,,,https://query1.finance.yahoo.com/v8/finance/chart/DELL?period1=1577836800&period2=1783296000&interval=1d&events=history&includeAdjustedClose=true,SKIPPED_IN_CORE_SMOKE,88425000000.0,2024-03-25,2024-02-02,20869000000.0,2024-03-25,2024-02-02,3211000000.0,2024-03-25,2024-02-02,8676000000.0,2024-03-25,2024-02-02,2756000000.0,2024-03-25,2024-02-02,-2309000000.0,2024-03-25,2024-02-02,7366000000.0,2024-03-25,2024-02-02,82089000000.0,2024-03-25,2024-02-02,84398000000.0,2024-03-25,2024-02-02,19012000000.0,2024-03-25,2024-02-02,736000000.0,2024-03-25,2024-02-02,2.78,2023-12-08,2023-11-03,2024-03-25,https://github.com/deeleeramone/sec-company-facts/releases/download/parquet-latest/facts_enc-b00028.parquet,True
DELL,Technology,2024-06-30,1571996,Dell Technologies Inc.,https://github.com/deeleeramone/sec-company-facts/releases/download/parquet-latest/primary_tickers.parquet,DOLTHUB_SEC_PARQUET_MIRROR,YAHOO_CHART,2024-06-28,137.91000366210938,,,https://query1.finance.yahoo.com/v8/finance/chart/DELL?period1=1577836800&period2=1783296000&interval=1d&events=history&includeAdjustedClose=true,SKIPPED_IN_CORE_SMOKE,22244000000.0,2024-06-11,2024-05-03,4806000000.0,2024-06-11,2024-05-03,960000000.0,2024-06-11,2024-05-03,1043000000.0,2024-06-11,2024-05-03,596000000.0,2024-06-11,2024-05-03,-2723000000.0,2024-06-11,2024-05-03,5962000000.0,2024-06-11,2024-05-03,80190000000.0,2024-06-11,2024-05-03,82913000000.0,2024-06-11,2024-05-03,19382000000.0,2024-06-11,2024-05-03,727000000.0,2024-06-11,2024-05-03,1.32,2024-06-11,2024-05-03,2024-06-11,https://github.com/deeleeramone/sec-company-facts/releases/download/parquet-latest/facts_enc-b00028.parquet,True
DELL,Technology,2024-09-30,1571996,Dell Technologies Inc.,https://github.com/deeleeramone/sec-company-facts/releases/download/parquet-latest/primary_tickers.parquet,DOLTHUB_SEC_PARQUET_MIRROR,YAHOO_CHART,2024-09-30,118.54000091552734,,,https://query1.finance.yahoo.com/v8/finance/chart/DELL?period1=1577836800&period2=1783296000&interval=1d&events=history&includeAdjustedClose=true,SKIPPED_IN_CORE_SMOKE,47270000000.0,2024-09-10,2024-08-02,10117000000.0,2024-09-10,2024-08-02,841000000.0,2024-09-10,2024-08-02,2383000000.0,2024-09-10,2024-08-02,1278000000.0,2024-09-10,2024-08-02,-2797000000.0,2024-09-10,2024-08-02,4671000000.0,2024-09-10,2024-08-02,82687000000.0,2024-09-10,2024-08-02,85484000000.0,2024-09-10,2024-08-02,17811000000.0,2024-09-10,2024-08-02,725000000.0,2024-09-10,2024-08-02,1.17,2024-09-10,2024-08-02,2024-09-10,https://github.com/deeleeramone/sec-company-facts/releases/download/parquet-latest/facts_enc-b00028.parquet,True
DELL,Technology,2024-12-31,1571996,Dell Technologies Inc.,https://github.com/deeleeramone/sec-company-facts/releases/download/parquet-latest/primary_tickers.parquet,DOLTHUB_SEC_PARQUET_MIRROR,YAHOO_CHART,2024-12-31,115.23999786376953,,,https://query1.finance.yahoo.com/v8/finance/chart/DELL?period1=1577836800&period2=1783296000&interval=1d&events=history&includeAdjustedClose=true,SKIPPED_IN_CORE_SMOKE,24366000000.0,2024-12-10,2024-11-01,15424000000.0,2024-12-10,2024-11-01,1127000000.0,2024-12-10,2024-11-01,3936000000.0,2024-12-10,2024-11-01,1917000000.0,2024-12-10,2024-11-01,-2190000000.0,2024-12-10,2024-11-01,5225000000.0,2024-12-10,2024-11-01,81951000000.0,2024-12-10,2024-11-01,84141000000.0,2024-12-10,2024-11-01,19410000000.0,2024-12-10,2024-11-01,717000000.0,2024-12-10,2024-11-01,1.58,2024-12-10,2024-11-01,2024-12-10,https://github.com/deeleeramone/sec-company-facts/releases/download/parquet-latest/facts_enc-b00028.parquet,True
DELL,Technology,2025-03-31,1571996,Dell Technologies Inc.,https://github.com/deeleeramone/sec-company-facts/releases/download/parquet-latest/primary_tickers.parquet,DOLTHUB_SEC_PARQUET_MIRROR,YAHOO_CHART,2025-03-31,91.1500015258789,,,https://query1.finance.yahoo.com/v8/finance/chart/DELL?period1=1577836800&period2=1783296000&interval=1d&events=history&includeAdjustedClose=true,SKIPPED_IN_CORE_SMOKE,95567000000.0,2025-03-25,2025-01-31,21250000000.0,2025-03-25,2025-01-31,1532000000.0,2025-03-25,2025-01-31,4521000000.0,2025-03-25,2025-01-31,2652000000.0,2025-03-25,2025-01-31,-1387000000.0,2025-03-25,2025-01-31,3633000000.0,2025-03-25,2025-01-31,79746000000.0,2025-03-25,2025-01-31,81133000000.0,2025-03-25,2025-01-31,19363000000.0,2025-03-25,2025-01-31,720000000.0,2025-03-25,2025-01-31,6.38,2025-03-25,2025-01-31,2025-03-25,https://github.com/deeleeramone/sec-company-facts/releases/download/parquet-latest/facts_enc-b00028.parquet,True
DELL,Technology,2025-06-30,1571996,Dell Technologies Inc.,https://github.com/deeleeramone/sec-company-facts/releases/download/parquet-latest/primary_tickers.parquet,DOLTHUB_SEC_PARQUET_MIRROR,YAHOO_CHART,2025-06-30,122.5999984741211,,,https://query1.finance.yahoo.com/v8/finance/chart/DELL?period1=1577836800&period2=1783296000&interval=1d&events=history&includeAdjustedClose=true,SKIPPED_IN_CORE_SMOKE,23378000000.0,2025-06-10,2025-05-02,4937000000.0,2025-06-10,2025-05-02,965000000.0,2025-06-10,2025-05-02,2796000000.0,2025-06-10,2025-05-02,568000000.0,2025-06-10,2025-05-02,-3024000000.0,2025-06-10,2025-05-02,7700000000.0,2025-06-10,2025-05-02,86869000000.0,2025-06-10,2025-05-02,89893000000.0,2025-06-10,2025-05-02,23936000000.0,2025-06-10,2025-05-02,702000000.0,2025-06-10,2025-05-02,1.37,2025-06-10,2025-05-02,2025-06-10,https://github.com/deeleeramone/sec-company-facts/releases/download/parquet-latest/facts_enc-b00028.parquet,True
DELL,Technology,2025-09-30,1571996,Dell Technologies Inc.,https://github.com/deeleeramone/sec-company-facts/releases/download/parquet-latest/primary_tickers.parquet,DOLTHUB_SEC_PARQUET_MIRROR,YAHOO_CHART,2025-09-30,141.77000427246094,,,https://query1.finance.yahoo.com/v8/finance/chart/DELL?period1=1577836800&period2=1783296000&interval=1d&events=history&includeAdjustedClose=true,SKIPPED_IN_CORE_SMOKE,29776000000.0,2025-09-08,2025-08-01,5447000000.0,2025-09-08,2025-08-01,2129000000.0,2025-09-08,2025-08-01,5339000000.0,2025-09-08,2025-08-01,1243000000.0,2025-09-08,2025-08-01,-2766000000.0,2025-09-08,2025-08-01,8145000000.0,2025-09-08,2025-08-01,89176000000.0,2025-09-08,2025-08-01,91942000000.0,2025-09-08,2025-08-01,21535000000.0,2025-09-08,2025-08-01,694000000.0,2025-09-08,2025-08-01,3.07,2025-09-08,2025-08-01,2025-09-08,https://github.com/deeleeramone/sec-company-facts/releases/download/parquet-latest/facts_enc-b00028.parquet,True
DELL,Technology,2025-12-31,1571996,Dell Technologies Inc.,https://github.com/deeleeramone/sec-company-facts/releases/download/parquet-latest/primary_tickers.parquet,DOLTHUB_SEC_PARQUET_MIRROR,YAHOO_CHART,2025-12-31,125.87999725341797,,,https://query1.finance.yahoo.com/v8/finance/chart/DELL?period1=1577836800&period2=1783296000&interval=1d&events=history&includeAdjustedClose=true,SKIPPED_IN_CORE_SMOKE,27005000000.0,2025-12-09,2025-10-31,5593000000.0,2025-12-09,2025-10-31,3677000000.0,2025-12-09,2025-10-31,6511000000.0,2025-12-09,2025-10-31,1912000000.0,2025-12-09,2025-10-31,-2620000000.0,2025-12-09,2025-10-31,9569000000.0,2025-12-09,2025-10-31,87479000000.0,2025-12-09,2025-10-31,90099000000.0,2025-12-09,2025-10-31,23849000000.0,2025-12-09,2025-10-31,680000000.0,2025-12-09,2025-10-31,5.34,2025-12-09,2025-10-31,2025-12-09,https://github.com/deeleeramone/sec-company-facts/releases/download/parquet-latest/facts_enc-b00028.parquet,True
DELL,Technology,2026-03-31,1571996,Dell Technologies Inc.,https://github.com/deeleeramone/sec-company-facts/releases/download/parquet-latest/primary_tickers.parquet,DOLTHUB_SEC_PARQUET_MIRROR,YAHOO_CHART,2026-03-31,164.1300048828125,,,https://query1.finance.yahoo.com/v8/finance/chart/DELL?period1=1577836800&period2=1783296000&interval=1d&events=history&includeAdjustedClose=true,SKIPPED_IN_CORE_SMOKE,113538000000.0,2026-03-16,2026-01-30,22707000000.0,2026-03-16,2026-01-30,5936000000.0,2026-03-16,2026-01-30,11185000000.0,2026-03-16,2026-01-30,2633000000.0,2026-03-16,2026-01-30,-2470000000.0,2026-03-16,2026-01-30,11528000000.0,2026-03-16,2026-01-30,101286000000.0,2026-03-16,2026-01-30,103756000000.0,2026-03-16,2026-01-30,23513000000.0,2026-03-16,2026-01-30,684000000.0,2026-03-16,2026-01-30,8.68,2026-03-16,2026-01-30,2026-03-16,https://github.com/deeleeramone/sec-company-facts/releases/download/parquet-latest/facts_enc-b00028.parquet,True
DELL,Technology,2026-06-30,1571996,Dell Technologies Inc.,https://github.com/deeleeramone/sec-company-facts/releases/download/parquet-latest/primary_tickers.parquet,DOLTHUB_SEC_PARQUET_MIRROR,YAHOO_CHART,2026-06-30,431.4599914550781,,,https://query1.finance.yahoo.com/v8/finance/chart/DELL?period1=1577836800&period2=1783296000&interval=1d&events=history&includeAdjustedClose=true,SKIPPED_IN_CORE_SMOKE,43842000000.0,2026-06-09,2026-05-01,7782000000.0,2026-06-09,2026-05-01,3438000000.0,2026-06-09,2026-05-01,4081000000.0,2026-06-09,2026-05-01,963000000.0,2026-06-09,2026-05-01,-1404000000.0,2026-06-09,2026-05-01,11578000000.0,2026-06-09,2026-05-01,114913000000.0,2026-06-09,2026-05-01,116317000000.0,2026-06-09,2026-05-01,23611000000.0,2026-06-09,2026-05-01,656000000.0,2026-06-09,2026-05-01,5.24,2026-06-09,2026-05-01,2026-06-09,https://github.com/deeleeramone/sec-company-facts/releases/download/parquet-latest/facts_enc-b00028.parquet,True
META,Communication,2021-03-31,1326801,"Meta Platforms, Inc.",https://github.com/deeleeramone/sec-company-facts/releases/download/parquet-latest/primary_tickers.parquet,DOLTHUB_SEC_PARQUET_MIRROR,YAHOO_CHART,2021-03-31,294.5299987792969,,,https://query1.finance.yahoo.com/v8/finance/chart/META?period1=1577836800&period2=1783296000&interval=1d&events=history&includeAdjustedClose=true,SKIPPED_IN_CORE_SMOKE,85965000000.0,2021-01-28,2020-12-31,,,,29146000000.0,2021-01-28,2020-12-31,38747000000.0,2021-01-28,2020-12-31,15115000000.0,2021-01-28,2020-12-31,128290000000.0,2021-01-28,2020-12-31,17954000000.0,2021-01-28,2020-12-31,159316000000.0,2021-01-28,2020-12-31,31026000000.0,2021-01-28,2020-12-31,0.0,2014-01-31,2013-12-31,2888000000.0,2021-01-28,2020-12-31,10.09,2021-01-28,2020-12-31,2021-01-28,https://github.com/deeleeramone/sec-company-facts/releases/download/parquet-latest/facts_enc-b00017.parquet,True
META,Communication,2021-06-30,1326801,"Meta Platforms, Inc.",https://github.com/deeleeramone/sec-company-facts/releases/download/parquet-latest/primary_tickers.parquet,DOLTHUB_SEC_PARQUET_MIRROR,YAHOO_CHART,2021-06-30,347.7099914550781,,,https://query1.finance.yahoo.com/v8/finance/chart/META?period1=1577836800&period2=1783296000&interval=1d&events=history&includeAdjustedClose=true,SKIPPED_IN_CORE_SMOKE,26171000000.0,2021-04-29,2021-03-31,,,,9497000000.0,2021-04-29,2021-03-31,12242000000.0,2021-04-29,2021-03-31,4272000000.0,2021-04-29,2021-03-31,133657000000.0,2021-04-29,2021-03-31,19513000000.0,2021-04-29,2021-03-31,163523000000.0,2021-04-29,2021-03-31,29866000000.0,2021-04-29,2021-03-31,0.0,2014-01-31,2013-12-31,2882000000.0,2021-04-29,2021-03-31,3.3,2021-04-29,2021-03-31,2021-04-29,https://github.com/deeleeramone/sec-company-facts/releases/download/parquet-latest/facts_enc-b00017.parquet,True
META,Communication,2021-09-30,1326801,"Meta Platforms, Inc.",https://github.com/deeleeramone/sec-company-facts/releases/download/parquet-latest/primary_tickers.parquet,DOLTHUB_SEC_PARQUET_MIRROR,YAHOO_CHART,2021-09-30,339.3900146484375,,,https://query1.finance.yahoo.com/v8/finance/chart/META?period1=1577836800&period2=1783296000&interval=1d&events=history&includeAdjustedClose=true,SKIPPED_IN_CORE_SMOKE,55248000000.0,2021-07-29,2021-06-30,,,,19892000000.0,2021-07-29,2021-06-30,25489000000.0,2021-07-29,2021-06-30,8884000000.0,2021-07-29,2021-06-30,138227000000.0,2021-07-29,2021-06-30,16511000000.0,2021-07-29,2021-06-30,170609000000.0,2021-07-29,2021-06-30,32382000000.0,2021-07-29,2021-06-30,0.0,2014-01-31,2013-12-31,2877000000.0,2021-07-29,2021-06-30,3.61,2021-07-29,2021-06-30,2021-07-29,https://github.com/deeleeramone/sec-company-facts/releases/download/parquet-latest/facts_enc-b00017.parquet,True
META,Communication,2021-12-31,1326801,"Meta Platforms, Inc.",https://github.com/deeleeramone/sec-company-facts/releases/download/parquet-latest/primary_tickers.parquet,DOLTHUB_SEC_PARQUET_MIRROR,YAHOO_CHART,2021-12-31,336.3500061035156,,,https://query1.finance.yahoo.com/v8/finance/chart/META?period1=1577836800&period2=1783296000&interval=1d&events=history&includeAdjustedClose=true,SKIPPED_IN_CORE_SMOKE,84258000000.0,2021-10-26,2021-09-30,,,,29085000000.0,2021-10-26,2021-09-30,39579000000.0,2021-10-26,2021-09-30,13198000000.0,2021-10-26,2021-09-30,133360000000.0,2021-10-26,2021-09-30,14496000000.0,2021-10-26,2021-09-30,169585000000.0,2021-10-26,2021-09-30,36225000000.0,2021-10-26,2021-09-30,0.0,2014-01-31,2013-12-31,2859000000.0,2021-10-26,2021-09-30,10.11,2021-10-26,2021-09-30,2021-10-26,https://github.com/deeleeramone/sec-company-facts/releases/download/parquet-latest/facts_enc-b00017.parquet,True
META,Communication,2022-03-31,1326801,"Meta Platforms, Inc.",https://github.com/deeleeramone/sec-company-facts/releases/download/parquet-latest/primary_tickers.parquet,DOLTHUB_SEC_PARQUET_MIRROR,YAHOO_CHART,2022-03-31,222.36000061035156,,,https://query1.finance.yahoo.com/v8/finance/chart/META?period1=1577836800&period2=1783296000&interval=1d&events=history&includeAdjustedClose=true,SKIPPED_IN_CORE_SMOKE,117929000000.0,2022-02-03,2021-12-31,,,,39370000000.0,2022-02-03,2021-12-31,57683000000.0,2022-02-03,2021-12-31,18567000000.0,2022-02-03,2021-12-31,124879000000.0,2022-02-03,2021-12-31,16865000000.0,2022-02-03,2021-12-31,165987000000.0,2022-02-03,2021-12-31,41108000000.0,2022-02-03,2021-12-31,0.0,2014-01-31,2013-12-31,2859000000.0,2022-02-03,2021-12-31,13.77,2022-02-03,2021-12-31,2022-02-03,https://github.com/deeleeramone/sec-company-facts/releases/download/parquet-latest/facts_enc-b00017.parquet,True
META,Communication,2022-06-30,1326801,"Meta Platforms, Inc.",https://github.com/deeleeramone/sec-company-facts/releases/download/parquet-latest/primary_tickers.parquet,DOLTHUB_SEC_PARQUET_MIRROR,YAHOO_CHART,2022-06-30,161.25,,,https://query1.finance.yahoo.com/v8/finance/chart/META?period1=1577836800&period2=1783296000&interval=1d&events=history&includeAdjustedClose=true,SKIPPED_IN_CORE_SMOKE,27908000000.0,2022-04-28,2022-03-31,,,,7465000000.0,2022-04-28,2022-03-31,14076000000.0,2022-04-28,2022-03-31,5441000000.0,2022-04-28,2022-03-31,123228000000.0,2022-04-28,2022-03-31,15353000000.0,2022-04-28,2022-03-31,164218000000.0,2022-04-28,2022-03-31,40990000000.0,2022-04-28,2022-03-31,0.0,2014-01-31,2013-12-31,2742000000.0,2022-04-28,2022-03-31,2.72,2022-04-28,2022-03-31,2022-04-28,https://github.com/deeleeramone/sec-company-facts/releases/download/parquet-latest/facts_enc-b00017.parquet,True
META,Communication,2022-09-30,1326801,"Meta Platforms, Inc.",https://github.com/deeleeramone/sec-company-facts/releases/download/parquet-latest/primary_tickers.parquet,DOLTHUB_SEC_PARQUET_MIRROR,YAHOO_CHART,2022-09-30,135.67999267578125,,,https://query1.finance.yahoo.com/v8/finance/chart/META?period1=1577836800&period2=1783296000&interval=1d&events=history&includeAdjustedClose=true,SKIPPED_IN_CORE_SMOKE,56729000000.0,2022-07-28,2022-06-30,,,,6687000000.0,2022-07-28,2022-06-30,26272000000.0,2022-07-28,2022-06-30,13013000000.0,2022-07-28,2022-06-30,125767000000.0,2022-07-28,2022-06-30,13478000000.0,2022-07-28,2022-06-30,169779000000.0,2022-07-28,2022-06-30,44012000000.0,2022-07-28,2022-06-30,0.0,2014-01-31,2013-12-31,2729000000.0,2022-07-28,2022-06-30,5.19,2022-07-28,2022-06-30,2022-07-28,https://github.com/deeleeramone/sec-company-facts/releases/download/parquet-latest/facts_enc-b00017.parquet,True
META,Communication,2022-12-31,1326801,"Meta Platforms, Inc.",https://github.com/deeleeramone/sec-company-facts/releases/download/parquet-latest/primary_tickers.parquet,DOLTHUB_SEC_PARQUET_MIRROR,YAHOO_CHART,2022-12-30,120.33999633789062,,,https://query1.finance.yahoo.com/v8/finance/chart/META?period1=1577836800&period2=1783296000&interval=1d&events=history&includeAdjustedClose=true,SKIPPED_IN_CORE_SMOKE,27714000000.0,2022-10-27,2022-09-30,,,,4395000000.0,2022-10-27,2022-09-30,35964000000.0,2022-10-27,2022-09-30,22388000000.0,2022-10-27,2022-09-30,124094000000.0,2022-10-27,2022-09-30,15251000000.0,2022-10-27,2022-09-30,178894000000.0,2022-10-27,2022-09-30,54800000000.0,2022-10-27,2022-09-30,9922000000.0,2022-10-27,2022-09-30,2687000000.0,2022-10-27,2022-09-30,6.82,2022-10-27,2022-09-30,2022-10-27,https://github.com/deeleeramone/sec-company-facts/releases/download/parquet-latest/facts_enc-b00017.parquet,True
META,Communication,2023-03-31,1326801,"Meta Platforms, Inc.",https://github.com/deeleeramone/sec-company-facts/releases/download/parquet-latest/primary_tickers.parquet,DOLTHUB_SEC_PARQUET_MIRROR,YAHOO_CHART,2023-03-31,211.94000244140625,,,https://query1.finance.yahoo.com/v8/finance/chart/META?period1=1577836800&period2=1783296000&interval=1d&events=history&includeAdjustedClose=true,SKIPPED_IN_CORE_SMOKE,116609000000.0,2023-02-02,2022-12-31,,,,23200000000.0,2023-02-02,2022-12-31,50475000000.0,2023-02-02,2022-12-31,31431000000.0,2023-02-02,2022-12-31,125713000000.0,2023-02-02,2022-12-31,15596000000.0,2023-02-02,2022-12-31,185727000000.0,2023-02-02,2022-12-31,60014000000.0,2023-02-02,2022-12-31,9923000000.0,2023-02-02,2022-12-31,2702000000.0,2023-02-02,2022-12-31,8.59,2023-02-02,2022-12-31,2023-02-02,https://github.com/deeleeramone/sec-company-facts/releases/download/parquet-latest/facts_enc-b00017.parquet,True
META,Communication,2023-06-30,1326801,"Meta Platforms, Inc.",https://github.com/deeleeramone/sec-company-facts/releases/download/parquet-latest/primary_tickers.parquet,DOLTHUB_SEC_PARQUET_MIRROR,YAHOO_CHART,2023-06-30,286.9800109863281,,,https://query1.finance.yahoo.com/v8/finance/chart/META?period1=1577836800&period2=1783296000&interval=1d&events=history&includeAdjustedClose=true,SKIPPED_IN_CORE_SMOKE,28645000000.0,2023-04-27,2023-03-31,,,,5709000000.0,2023-04-27,2023-03-31,13998000000.0,2023-04-27,2023-03-31,6842000000.0,2023-04-27,2023-03-31,124795000000.0,2023-04-27,2023-03-31,12420000000.0,2023-04-27,2023-03-31,184491000000.0,2023-04-27,2023-03-31,59696000000.0,2023-04-27,2023-03-31,9925000000.0,2023-04-27,2023-03-31,2596000000.0,2023-04-27,2023-03-31,2.2,2023-04-27,2023-03-31,2023-04-27,https://github.com/deeleeramone/sec-company-facts/releases/download/parquet-latest/facts_enc-b00017.parquet,True
META,Communication,2023-09-30,1326801,"Meta Platforms, Inc.",https://github.com/deeleeramone/sec-company-facts/releases/download/parquet-latest/primary_tickers.parquet,DOLTHUB_SEC_PARQUET_MIRROR,YAHOO_CHART,2023-09-29,300.2099914550781,,,https://query1.finance.yahoo.com/v8/finance/chart/META?period1=1577836800&period2=1783296000&interval=1d&events=history&includeAdjustedClose=true,SKIPPED_IN_CORE_SMOKE,60645000000.0,2023-07-27,2023-06-30,,,,13498000000.0,2023-07-27,2023-06-30,31307000000.0,2023-07-27,2023-06-30,13058000000.0,2023-07-27,2023-06-30,134033000000.0,2023-07-27,2023-06-30,28785000000.0,2023-07-27,2023-06-30,206688000000.0,2023-07-27,2023-06-30,72655000000.0,2023-07-27,2023-06-30,18382000000.0,2023-07-27,2023-06-30,2604000000.0,2023-07-27,2023-06-30,5.18,2023-07-27,2023-06-30,2023-07-27,https://github.com/deeleeramone/sec-company-facts/releases/download/parquet-latest/facts_enc-b00017.parquet,True
META,Communication,2023-12-31,1326801,"Meta Platforms, Inc.",https://github.com/deeleeramone/sec-company-facts/releases/download/parquet-latest/primary_tickers.parquet,DOLTHUB_SEC_PARQUET_MIRROR,YAHOO_CHART,2023-12-29,353.9599914550781,,,https://query1.finance.yahoo.com/v8/finance/chart/META?period1=1577836800&period2=1783296000&interval=1d&events=history&includeAdjustedClose=true,SKIPPED_IN_CORE_SMOKE,34146000000.0,2023-10-26,2023-09-30,,,,11583000000.0,2023-10-26,2023-09-30,51709000000.0,2023-10-26,2023-09-30,19601000000.0,2023-10-26,2023-09-30,142873000000.0,2023-10-26,2023-09-30,37900000000.0,2023-10-26,2023-09-30,216274000000.0,2023-10-26,2023-09-30,73401000000.0,2023-10-26,2023-09-30,18383000000.0,2023-10-26,2023-09-30,2623000000.0,2023-10-26,2023-09-30,9.56,2023-10-26,2023-09-30,2023-10-26,https://github.com/deeleeramone/sec-company-facts/releases/download/parquet-latest/facts_enc-b00017.parquet,True
META,Communication,2024-03-31,1326801,"Meta Platforms, Inc.",https://github.com/deeleeramone/sec-company-facts/releases/download/parquet-latest/primary_tickers.parquet,DOLTHUB_SEC_PARQUET_MIRROR,YAHOO_CHART,2024-03-28,485.5799865722656,,,https://query1.finance.yahoo.com/v8/finance/chart/META?period1=1577836800&period2=1783296000&interval=1d&events=history&includeAdjustedClose=true,SKIPPED_IN_CORE_SMOKE,134902000000.0,2024-02-02,2023-12-31,,,,39098000000.0,2024-02-02,2023-12-31,71113000000.0,2024-02-02,2023-12-31,27266000000.0,2024-02-02,2023-12-31,153168000000.0,2024-02-02,2023-12-31,41862000000.0,2024-02-02,2023-12-31,229623000000.0,2024-02-02,2023-12-31,76455000000.0,2024-02-02,2023-12-31,18385000000.0,2024-02-02,2023-12-31,2629000000.0,2024-02-02,2023-12-31,14.87,2024-02-02,2023-12-31,2024-02-02,https://github.com/deeleeramone/sec-company-facts/releases/download/parquet-latest/facts_enc-b00017.parquet,True
META,Communication,2024-06-30,1326801,"Meta Platforms, Inc.",https://github.com/deeleeramone/sec-company-facts/releases/download/parquet-latest/primary_tickers.parquet,DOLTHUB_SEC_PARQUET_MIRROR,YAHOO_CHART,2024-06-28,504.2200012207031,,,https://query1.finance.yahoo.com/v8/finance/chart/META?period1=1577836800&period2=1783296000&interval=1d&events=history&includeAdjustedClose=true,SKIPPED_IN_CORE_SMOKE,36455000000.0,2024-04-25,2024-03-31,,,,12369000000.0,2024-04-25,2024-03-31,19246000000.0,2024-04-25,2024-03-31,6400000000.0,2024-04-25,2024-03-31,149529000000.0,2024-04-25,2024-03-31,32307000000.0,2024-04-25,2024-03-31,222844000000.0,2024-04-25,2024-03-31,73315000000.0,2024-04-25,2024-03-31,18387000000.0,2024-04-25,2024-03-31,2625000000.0,2024-04-25,2024-03-31,4.71,2024-04-25,2024-03-31,2024-04-25,https://github.com/deeleeramone/sec-company-facts/releases/download/parquet-latest/facts_enc-b00017.parquet,True
META,Communication,2024-09-30,1326801,"Meta Platforms, Inc.",https://github.com/deeleeramone/sec-company-facts/releases/download/parquet-latest/primary_tickers.parquet,DOLTHUB_SEC_PARQUET_MIRROR,YAHOO_CHART,2024-09-30,572.4400024414062,,,https://query1.finance.yahoo.com/v8/finance/chart/META?period1=1577836800&period2=1783296000&interval=1d&events=history&includeAdjustedClose=true,SKIPPED_IN_CORE_SMOKE,39071000000.0,2024-08-01,2024-06-30,,,,13465000000.0,2024-08-01,2024-06-30,38616000000.0,2024-08-01,2024-06-30,14573000000.0,2024-08-01,2024-06-30,156763000000.0,2024-08-01,2024-06-30,32045000000.0,2024-08-01,2024-06-30,230238000000.0,2024-08-01,2024-06-30,73475000000.0,2024-08-01,2024-06-30,18389000000.0,2024-08-01,2024-06-30,2619000000.0,2024-08-01,2024-06-30,9.86,2024-08-01,2024-06-30,2024-08-01,https://github.com/deeleeramone/sec-company-facts/releases/download/parquet-latest/facts_enc-b00017.parquet,True
META,Communication,2024-12-31,1326801,"Meta Platforms, Inc.",https://github.com/deeleeramone/sec-company-facts/releases/download/parquet-latest/primary_tickers.parquet,DOLTHUB_SEC_PARQUET_MIRROR,YAHOO_CHART,2024-12-31,585.510009765625,,,https://query1.finance.yahoo.com/v8/finance/chart/META?period1=1577836800&period2=1783296000&interval=1d&events=history&includeAdjustedClose=true,SKIPPED_IN_CORE_SMOKE,116116000000.0,2024-10-31,2024-09-30,,,,15688000000.0,2024-10-31,2024-09-30,63340000000.0,2024-10-31,2024-09-30,22831000000.0,2024-10-31,2024-09-30,164529000000.0,2024-10-31,2024-09-30,45127000000.0,2024-10-31,2024-09-30,256408000000.0,2024-10-31,2024-09-30,91879000000.0,2024-10-31,2024-09-30,28823000000.0,2024-10-31,2024-09-30,2600000000.0,2024-10-31,2024-09-30,6.03,2024-10-31,2024-09-30,2024-10-31,https://github.com/deeleeramone/sec-company-facts/releases/download/parquet-latest/facts_enc-b00017.parquet,True
META,Communication,2025-03-31,1326801,"Meta Platforms, Inc.",https://github.com/deeleeramone/sec-company-facts/releases/download/parquet-latest/primary_tickers.parquet,DOLTHUB_SEC_PARQUET_MIRROR,YAHOO_CHART,2025-03-31,576.3599853515625,,,https://query1.finance.yahoo.com/v8/finance/chart/META?period1=1577836800&period2=1783296000&interval=1d&events=history&includeAdjustedClose=true,SKIPPED_IN_CORE_SMOKE,164501000000.0,2025-01-30,2024-12-31,,,,62360000000.0,2025-01-30,2024-12-31,91328000000.0,2025-01-30,2024-12-31,37256000000.0,2025-01-30,2024-12-31,182637000000.0,2025-01-30,2024-12-31,43889000000.0,2025-01-30,2024-12-31,276054000000.0,2025-01-30,2024-12-31,93417000000.0,2025-01-30,2024-12-31,28826000000.0,2025-01-30,2024-12-31,2614000000.0,2025-01-30,2024-12-31,23.86,2025-01-30,2024-12-31,2025-01-30,https://github.com/deeleeramone/sec-company-facts/releases/download/parquet-latest/facts_enc-b00017.parquet,True
META,Communication,2025-06-30,1326801,"Meta Platforms, Inc.",https://github.com/deeleeramone/sec-company-facts/releases/download/parquet-latest/primary_tickers.parquet,DOLTHUB_SEC_PARQUET_MIRROR,YAHOO_CHART,2025-06-30,738.0900268554688,,,https://query1.finance.yahoo.com/v8/finance/chart/META?period1=1577836800&period2=1783296000&interval=1d&events=history&includeAdjustedClose=true,SKIPPED_IN_CORE_SMOKE,42314000000.0,2025-05-01,2025-03-31,,,,16644000000.0,2025-05-01,2025-03-31,24026000000.0,2025-05-01,2025-03-31,12941000000.0,2025-05-01,2025-03-31,185029000000.0,2025-05-01,2025-03-31,28750000000.0,2025-05-01,2025-03-31,280213000000.0,2025-05-01,2025-03-31,95184000000.0,2025-05-01,2025-03-31,28829000000.0,2025-05-01,2025-03-31,2590000000.0,2025-05-01,2025-03-31,6.43,2025-05-01,2025-03-31,2025-05-01,https://github.com/deeleeramone/sec-company-facts/releases/download/parquet-latest/facts_enc-b00017.parquet,True
META,Communication,2025-09-30,1326801,"Meta Platforms, Inc.",https://github.com/deeleeramone/sec-company-facts/releases/download/parquet-latest/primary_tickers.parquet,DOLTHUB_SEC_PARQUET_MIRROR,YAHOO_CHART,2025-09-30,734.3800048828125,,,https://query1.finance.yahoo.com/v8/finance/chart/META?period1=1577836800&period2=1783296000&interval=1d&events=history&includeAdjustedClose=true,SKIPPED_IN_CORE_SMOKE,89830000000.0,2025-07-31,2025-06-30,,,,18337000000.0,2025-07-31,2025-06-30,49587000000.0,2025-07-31,2025-06-30,29479000000.0,2025-07-31,2025-06-30,195070000000.0,2025-07-31,2025-06-30,13828000000.0,2025-07-31,2025-06-30,294744000000.0,2025-07-31,2025-06-30,99674000000.0,2025-07-31,2025-06-30,28832000000.0,2025-07-31,2025-06-30,2570000000.0,2025-07-31,2025-06-30,7.14,2025-07-31,2025-06-30,2025-07-31,https://github.com/deeleeramone/sec-company-facts/releases/download/parquet-latest/facts_enc-b00017.parquet,True
META,Communication,2025-12-31,1326801,"Meta Platforms, Inc.",https://github.com/deeleeramone/sec-company-facts/releases/download/parquet-latest/primary_tickers.parquet,DOLTHUB_SEC_PARQUET_MIRROR,YAHOO_CHART,2025-12-31,660.0900268554688,,,https://query1.finance.yahoo.com/v8/finance/chart/META?period1=1577836800&period2=1783296000&interval=1d&events=history&includeAdjustedClose=true,SKIPPED_IN_CORE_SMOKE,51242000000.0,2025-10-30,2025-09-30,,,,2709000000.0,2025-10-30,2025-09-30,79586000000.0,2025-10-30,2025-09-30,48308000000.0,2025-10-30,2025-09-30,194066000000.0,2025-10-30,2025-09-30,10187000000.0,2025-10-30,2025-09-30,303844000000.0,2025-10-30,2025-09-30,109778000000.0,2025-10-30,2025-09-30,28834000000.0,2025-10-30,2025-09-30,2578000000.0,2025-10-30,2025-09-30,14.62,2025-10-30,2025-09-30,2025-10-30,https://github.com/deeleeramone/sec-company-facts/releases/download/parquet-latest/facts_enc-b00017.parquet,True
META,Communication,2026-03-31,1326801,"Meta Platforms, Inc.",https://github.com/deeleeramone/sec-company-facts/releases/download/parquet-latest/primary_tickers.parquet,DOLTHUB_SEC_PARQUET_MIRROR,YAHOO_CHART,2026-03-31,572.1300048828125,,,https://query1.finance.yahoo.com/v8/finance/chart/META?period1=1577836800&period2=1783296000&interval=1d&events=history&includeAdjustedClose=true,SKIPPED_IN_CORE_SMOKE,200966000000.0,2026-01-29,2025-12-31,,,,60458000000.0,2026-01-29,2025-12-31,115800000000.0,2026-01-29,2025-12-31,69691000000.0,2026-01-29,2025-12-31,217243000000.0,2026-01-29,2025-12-31,35873000000.0,2026-01-29,2025-12-31,366021000000.0,2026-01-29,2025-12-31,148778000000.0,2026-01-29,2025-12-31,58744000000.0,2026-01-29,2025-12-31,2574000000.0,2026-01-29,2025-12-31,23.49,2026-01-29,2025-12-31,2026-01-29,https://github.com/deeleeramone/sec-company-facts/releases/download/parquet-latest/facts_enc-b00017.parquet,True
META,Communication,2026-06-30,1326801,"Meta Platforms, Inc.",https://github.com/deeleeramone/sec-company-facts/releases/download/parquet-latest/primary_tickers.parquet,DOLTHUB_SEC_PARQUET_MIRROR,YAHOO_CHART,2026-06-30,563.2899780273438,,,https://query1.finance.yahoo.com/v8/finance/chart/META?period1=1577836800&period2=1783296000&interval=1d&events=history&includeAdjustedClose=true,SKIPPED_IN_CORE_SMOKE,56311000000.0,2026-04-30,2026-03-31,,,,26773000000.0,2026-04-30,2026-03-31,32226000000.0,2026-04-30,2026-03-31,18997000000.0,2026-04-30,2026-03-31,243681000000.0,2026-04-30,2026-03-31,23426000000.0,2026-04-30,2026-03-31,395250000000.0,2026-04-30,2026-03-31,151569000000.0,2026-04-30,2026-03-31,58748000000.0,2026-04-30,2026-03-31,2564000000.0,2026-04-30,2026-03-31,10.44,2026-04-30,2026-03-31,2026-04-30,https://github.com/deeleeramone/sec-company-facts/releases/download/parquet-latest/facts_enc-b00017.parquet,True
GOOGL,Communication,2021-03-31,1652044,Alphabet Inc.,https://github.com/deeleeramone/sec-company-facts/releases/download/parquet-latest/primary_tickers.parquet,DOLTHUB_SEC_PARQUET_MIRROR,YAHOO_CHART,2021-03-31,103.1259994506836,,,https://query1.finance.yahoo.com/v8/finance/chart/GOOGL?period1=1577836800&period2=1783296000&interval=1d&events=history&includeAdjustedClose=true,SKIPPED_IN_CORE_SMOKE,182527000000.0,2021-02-03,2020-12-31,,,,40269000000.0,2021-02-03,2020-12-31,65124000000.0,2021-02-03,2020-12-31,22281000000.0,2021-02-03,2020-12-31,222544000000.0,2021-02-03,2020-12-31,26465000000.0,2021-02-03,2020-12-31,319616000000.0,2021-02-03,2020-12-31,97072000000.0,2021-02-03,2020-12-31,999000000.0,2021-02-03,2020-12-31,,,,58.61,2021-02-03,2020-12-31,2021-02-03,https://github.com/deeleeramone/sec-company-facts/releases/download/parquet-latest/facts_enc-b00012.parquet,True
GOOGL,Communication,2021-06-30,1652044,Alphabet Inc.,https://github.com/deeleeramone/sec-company-facts/releases/download/parquet-latest/primary_tickers.parquet,DOLTHUB_SEC_PARQUET_MIRROR,YAHOO_CHART,2021-06-30,122.0895004272461,,,https://query1.finance.yahoo.com/v8/finance/chart/GOOGL?period1=1577836800&period2=1783296000&interval=1d&events=history&includeAdjustedClose=true,SKIPPED_IN_CORE_SMOKE,55314000000.0,2021-04-28,2021-03-31,,,,17930000000.0,2021-04-28,2021-03-31,19289000000.0,2021-04-28,2021-03-31,5942000000.0,2021-04-28,2021-03-31,230013000000.0,2021-04-28,2021-03-31,26622000000.0,2021-04-28,2021-03-31,327095000000.0,2021-04-28,2021-03-31,97082000000.0,2021-04-28,2021-03-31,1000000000.0,2021-04-28,2021-03-31,,,,26.29,2021-04-28,2021-03-31,2021-04-28,https://github.com/deeleeramone/sec-company-facts/releases/download/parquet-latest/facts_enc-b00012.parquet,True
GOOGL,Communication,2021-09-30,1652044,Alphabet Inc.,https://github.com/deeleeramone/sec-company-facts/releases/download/parquet-latest/primary_tickers.parquet,DOLTHUB_SEC_PARQUET_MIRROR,YAHOO_CHART,2021-09-30,133.67599487304688,,,https://query1.finance.yahoo.com/v8/finance/chart/GOOGL?period1=1577836800&period2=1783296000&interval=1d&events=history&includeAdjustedClose=true,SKIPPED_IN_CORE_SMOKE,117194000000.0,2021-07-28,2021-06-30,,,,36455000000.0,2021-07-28,2021-06-30,41179000000.0,2021-07-28,2021-06-30,11438000000.0,2021-07-28,2021-06-30,237565000000.0,2021-07-28,2021-06-30,23630000000.0,2021-07-28,2021-06-30,335387000000.0,2021-07-28,2021-06-30,97822000000.0,2021-07-28,2021-06-30,0.0,2021-07-28,2021-06-30,,,,53.54,2021-07-28,2021-06-30,2021-07-28,https://github.com/deeleeramone/sec-company-facts/releases/download/parquet-latest/facts_enc-b00012.parquet,True
GOOGL,Communication,2021-12-31,1652044,Alphabet Inc.,https://github.com/deeleeramone/sec-company-facts/releases/download/parquet-latest/primary_tickers.parquet,DOLTHUB_SEC_PARQUET_MIRROR,YAHOO_CHART,2021-12-31,144.8520050048828,,,https://query1.finance.yahoo.com/v8/finance/chart/GOOGL?period1=1577836800&period2=1783296000&interval=1d&events=history&includeAdjustedClose=true,SKIPPED_IN_CORE_SMOKE,182312000000.0,2021-10-27,2021-09-30,,,,55391000000.0,2021-10-27,2021-09-30,66718000000.0,2021-10-27,2021-09-30,18257000000.0,2021-10-27,2021-09-30,244567000000.0,2021-10-27,2021-09-30,23719000000.0,2021-10-27,2021-09-30,347403000000.0,2021-10-27,2021-09-30,102836000000.0,2021-10-27,2021-09-30,0.0,2021-10-27,2021-09-30,,,,27.99,2021-10-27,2021-09-30,2021-10-27,https://github.com/deeleeramone/sec-company-facts/releases/download/parquet-latest/facts_enc-b00012.parquet,True
GOOGL,Communication,2022-03-31,1652044,Alphabet Inc.,https://github.com/deeleeramone/sec-company-facts/releases/download/parquet-latest/primary_tickers.parquet,DOLTHUB_SEC_PARQUET_MIRROR,YAHOO_CHART,2022-03-31,139.0675048828125,,,https://query1.finance.yahoo.com/v8/finance/chart/GOOGL?period1=1577836800&period2=1783296000&interval=1d&events=history&includeAdjustedClose=true,SKIPPED_IN_CORE_SMOKE,257637000000.0,2022-02-02,2021-12-31,,,,76033000000.0,2022-02-02,2021-12-31,91652000000.0,2022-02-02,2021-12-31,24640000000.0,2022-02-02,2021-12-31,251635000000.0,2022-02-02,2021-12-31,20945000000.0,2022-02-02,2021-12-31,359268000000.0,2022-02-02,2021-12-31,107633000000.0,2022-02-02,2021-12-31,0.0,2022-02-02,2021-12-31,,,,112.2,2022-02-02,2021-12-31,2022-02-02,https://github.com/deeleeramone/sec-company-facts/releases/download/parquet-latest/facts_enc-b00012.parquet,True
GOOGL,Communication,2022-06-30,1652044,Alphabet Inc.,https://github.com/deeleeramone/sec-company-facts/releases/download/parquet-latest/primary_tickers.parquet,DOLTHUB_SEC_PARQUET_MIRROR,YAHOO_CHART,2022-06-30,108.96299743652344,,,https://query1.finance.yahoo.com/v8/finance/chart/GOOGL?period1=1577836800&period2=1783296000&interval=1d&events=history&includeAdjustedClose=true,SKIPPED_IN_CORE_SMOKE,68011000000.0,2022-04-27,2022-03-31,,,,16436000000.0,2022-04-27,2022-03-31,25106000000.0,2022-04-27,2022-03-31,9786000000.0,2022-04-27,2022-03-31,254004000000.0,2022-04-27,2022-03-31,20886000000.0,2022-04-27,2022-03-31,357096000000.0,2022-04-27,2022-03-31,103092000000.0,2022-04-27,2022-03-31,0.0,2022-02-02,2021-12-31,,,,24.62,2022-04-27,2022-03-31,2022-04-27,https://github.com/deeleeramone/sec-company-facts/releases/download/parquet-latest/facts_enc-b00012.parquet,True
GOOGL,Communication,2022-09-30,1652044,Alphabet Inc.,https://github.com/deeleeramone/sec-company-facts/releases/download/parquet-latest/primary_tickers.parquet,DOLTHUB_SEC_PARQUET_MIRROR,YAHOO_CHART,2022-09-30,95.6500015258789,,,https://query1.finance.yahoo.com/v8/finance/chart/GOOGL?period1=1577836800&period2=1783296000&interval=1d&events=history&includeAdjustedClose=true,SKIPPED_IN_CORE_SMOKE,137696000000.0,2022-07-27,2022-06-30,,,,16002000000.0,2022-07-27,2022-06-30,44528000000.0,2022-07-27,2022-06-30,16614000000.0,2022-07-27,2022-06-30,255419000000.0,2022-07-27,2022-06-30,17936000000.0,2022-07-27,2022-06-30,355185000000.0,2022-07-27,2022-06-30,99766000000.0,2022-07-27,2022-06-30,0.0,2022-02-02,2021-12-31,,,,1.21,2022-07-27,2022-06-30,2022-07-27,https://github.com/deeleeramone/sec-company-facts/releases/download/parquet-latest/facts_enc-b00012.parquet,True
GOOGL,Communication,2022-12-31,1652044,Alphabet Inc.,https://github.com/deeleeramone/sec-company-facts/releases/download/parquet-latest/primary_tickers.parquet,DOLTHUB_SEC_PARQUET_MIRROR,YAHOO_CHART,2022-12-30,88.2300033569336,,,https://query1.finance.yahoo.com/v8/finance/chart/GOOGL?period1=1577836800&period2=1783296000&interval=1d&events=history&includeAdjustedClose=true,SKIPPED_IN_CORE_SMOKE,206788000000.0,2022-10-26,2022-09-30,,,,13910000000.0,2022-10-26,2022-09-30,67881000000.0,2022-10-26,2022-09-30,23890000000.0,2022-10-26,2022-09-30,253626000000.0,2022-10-26,2022-09-30,21984000000.0,2022-10-26,2022-09-30,358255000000.0,2022-10-26,2022-09-30,104629000000.0,2022-10-26,2022-09-30,0.0,2022-02-02,2021-12-31,,,,3.5,2022-10-26,2022-09-30,2022-10-26,https://github.com/deeleeramone/sec-company-facts/releases/download/parquet-latest/facts_enc-b00012.parquet,True
GOOGL,Communication,2023-03-31,1652044,Alphabet Inc.,https://github.com/deeleeramone/sec-company-facts/releases/download/parquet-latest/primary_tickers.parquet,DOLTHUB_SEC_PARQUET_MIRROR,YAHOO_CHART,2023-03-31,103.7300033569336,,,https://query1.finance.yahoo.com/v8/finance/chart/GOOGL?period1=1577836800&period2=1783296000&interval=1d&events=history&includeAdjustedClose=true,SKIPPED_IN_CORE_SMOKE,282836000000.0,2023-02-03,2022-12-31,,,,59972000000.0,2023-02-03,2022-12-31,91495000000.0,2023-02-03,2022-12-31,31485000000.0,2023-02-03,2022-12-31,256144000000.0,2023-02-03,2022-12-31,21879000000.0,2023-02-03,2022-12-31,365264000000.0,2023-02-03,2022-12-31,109120000000.0,2023-02-03,2022-12-31,0.0,2022-02-02,2021-12-31,,,,4.56,2023-02-03,2022-12-31,2023-02-03,https://github.com/deeleeramone/sec-company-facts/releases/download/parquet-latest/facts_enc-b00012.parquet,True
GOOGL,Communication,2023-06-30,1652044,Alphabet Inc.,https://github.com/deeleeramone/sec-company-facts/releases/download/parquet-latest/primary_tickers.parquet,DOLTHUB_SEC_PARQUET_MIRROR,YAHOO_CHART,2023-06-30,119.69999694824219,,,https://query1.finance.yahoo.com/v8/finance/chart/GOOGL?period1=1577836800&period2=1783296000&interval=1d&events=history&includeAdjustedClose=true,SKIPPED_IN_CORE_SMOKE,69787000000.0,2023-04-26,2023-03-31,,,,15051000000.0,2023-04-26,2023-03-31,23509000000.0,2023-04-26,2023-03-31,6289000000.0,2023-04-26,2023-03-31,260894000000.0,2023-04-26,2023-03-31,25924000000.0,2023-04-26,2023-03-31,369491000000.0,2023-04-26,2023-03-31,108597000000.0,2023-04-26,2023-03-31,999000000.0,2023-04-26,2023-03-31,,,,1.17,2023-04-26,2023-03-31,2023-04-26,https://github.com/deeleeramone/sec-company-facts/releases/download/parquet-latest/facts_enc-b00012.parquet,True
GOOGL,Communication,2023-09-30,1652044,Alphabet Inc.,https://github.com/deeleeramone/sec-company-facts/releases/download/parquet-latest/primary_tickers.parquet,DOLTHUB_SEC_PARQUET_MIRROR,YAHOO_CHART,2023-09-29,130.86000061035156,,,https://query1.finance.yahoo.com/v8/finance/chart/GOOGL?period1=1577836800&period2=1783296000&interval=1d&events=history&includeAdjustedClose=true,SKIPPED_IN_CORE_SMOKE,74604000000.0,2023-07-26,2023-06-30,,,,18368000000.0,2023-07-26,2023-06-30,52175000000.0,2023-07-26,2023-06-30,13177000000.0,2023-07-26,2023-06-30,267141000000.0,2023-07-26,2023-06-30,25929000000.0,2023-07-26,2023-06-30,383044000000.0,2023-07-26,2023-06-30,115903000000.0,2023-07-26,2023-06-30,999000000.0,2023-07-26,2023-06-30,,,,1.44,2023-07-26,2023-06-30,2023-07-26,https://github.com/deeleeramone/sec-company-facts/releases/download/parquet-latest/facts_enc-b00012.parquet,True
GOOGL,Communication,2023-12-31,1652044,Alphabet Inc.,https://github.com/deeleeramone/sec-company-facts/releases/download/parquet-latest/primary_tickers.parquet,DOLTHUB_SEC_PARQUET_MIRROR,YAHOO_CHART,2023-12-29,139.69000244140625,,,https://query1.finance.yahoo.com/v8/finance/chart/GOOGL?period1=1577836800&period2=1783296000&interval=1d&events=history&includeAdjustedClose=true,SKIPPED_IN_CORE_SMOKE,221084000000.0,2023-10-25,2023-09-30,,,,19689000000.0,2023-10-25,2023-09-30,82831000000.0,2023-10-25,2023-09-30,21232000000.0,2023-10-25,2023-09-30,273202000000.0,2023-10-25,2023-09-30,30702000000.0,2023-10-25,2023-09-30,396711000000.0,2023-10-25,2023-09-30,123509000000.0,2023-10-25,2023-09-30,1000000000.0,2023-10-25,2023-09-30,,,,1.55,2023-10-25,2023-09-30,2023-10-25,https://github.com/deeleeramone/sec-company-facts/releases/download/parquet-latest/facts_enc-b00012.parquet,True
GOOGL,Communication,2024-03-31,1652044,Alphabet Inc.,https://github.com/deeleeramone/sec-company-facts/releases/download/parquet-latest/primary_tickers.parquet,DOLTHUB_SEC_PARQUET_MIRROR,YAHOO_CHART,2024-03-28,150.92999267578125,,,https://query1.finance.yahoo.com/v8/finance/chart/GOOGL?period1=1577836800&period2=1783296000&interval=1d&events=history&includeAdjustedClose=true,SKIPPED_IN_CORE_SMOKE,307394000000.0,2024-01-31,2023-12-31,,,,73795000000.0,2024-01-31,2023-12-31,101746000000.0,2024-01-31,2023-12-31,32251000000.0,2024-01-31,2023-12-31,283379000000.0,2024-01-31,2023-12-31,24048000000.0,2024-01-31,2023-12-31,402392000000.0,2024-01-31,2023-12-31,119013000000.0,2024-01-31,2023-12-31,1000000000.0,2024-01-31,2023-12-31,,,,5.8,2024-01-31,2023-12-31,2024-01-31,https://github.com/deeleeramone/sec-company-facts/releases/download/parquet-latest/facts_enc-b00012.parquet,True
GOOGL,Communication,2024-06-30,1652044,Alphabet Inc.,https://github.com/deeleeramone/sec-company-facts/releases/download/parquet-latest/primary_tickers.parquet,DOLTHUB_SEC_PARQUET_MIRROR,YAHOO_CHART,2024-06-28,182.14999389648438,,,https://query1.finance.yahoo.com/v8/finance/chart/GOOGL?period1=1577836800&period2=1783296000&interval=1d&events=history&includeAdjustedClose=true,SKIPPED_IN_CORE_SMOKE,80539000000.0,2024-04-26,2024-03-31,,,,23662000000.0,2024-04-26,2024-03-31,28848000000.0,2024-04-26,2024-03-31,12012000000.0,2024-04-26,2024-03-31,292844000000.0,2024-04-26,2024-03-31,24493000000.0,2024-04-26,2024-03-31,407350000000.0,2024-04-26,2024-03-31,114506000000.0,2024-04-26,2024-03-31,0.0,2024-04-26,2024-03-31,,,,1.89,2024-04-26,2024-03-31,2024-04-26,https://github.com/deeleeramone/sec-company-facts/releases/download/parquet-latest/facts_enc-b00012.parquet,True
GOOGL,Communication,2024-09-30,1652044,Alphabet Inc.,https://github.com/deeleeramone/sec-company-facts/releases/download/parquet-latest/primary_tickers.parquet,DOLTHUB_SEC_PARQUET_MIRROR,YAHOO_CHART,2024-09-30,165.85000610351562,,,https://query1.finance.yahoo.com/v8/finance/chart/GOOGL?period1=1577836800&period2=1783296000&interval=1d&events=history&includeAdjustedClose=true,SKIPPED_IN_CORE_SMOKE,84742000000.0,2024-07-24,2024-06-30,,,,23619000000.0,2024-07-24,2024-06-30,55488000000.0,2024-07-24,2024-06-30,25198000000.0,2024-07-24,2024-06-30,300753000000.0,2024-07-24,2024-06-30,27225000000.0,2024-07-24,2024-06-30,414770000000.0,2024-07-24,2024-06-30,114017000000.0,2024-07-24,2024-06-30,0.0,2024-07-24,2024-06-30,12511000000.0,2024-07-24,2024-06-30,1.89,2024-07-24,2024-06-30,2024-07-24,https://github.com/deeleeramone/sec-company-facts/releases/download/parquet-latest/facts_enc-b00012.parquet,True
GOOGL,Communication,2024-12-31,1652044,Alphabet Inc.,https://github.com/deeleeramone/sec-company-facts/releases/download/parquet-latest/primary_tickers.parquet,DOLTHUB_SEC_PARQUET_MIRROR,YAHOO_CHART,2024-12-31,189.3000030517578,,,https://query1.finance.yahoo.com/v8/finance/chart/GOOGL?period1=1577836800&period2=1783296000&interval=1d&events=history&includeAdjustedClose=true,SKIPPED_IN_CORE_SMOKE,253549000000.0,2024-10-30,2024-09-30,,,,26301000000.0,2024-10-30,2024-09-30,86186000000.0,2024-10-30,2024-09-30,38259000000.0,2024-10-30,2024-09-30,314119000000.0,2024-10-30,2024-09-30,19959000000.0,2024-10-30,2024-09-30,430266000000.0,2024-10-30,2024-09-30,116147000000.0,2024-10-30,2024-09-30,999000000.0,2024-10-30,2024-09-30,12480000000.0,2024-10-30,2024-09-30,2.12,2024-10-30,2024-09-30,2024-10-30,https://github.com/deeleeramone/sec-company-facts/releases/download/parquet-latest/facts_enc-b00012.parquet,True
GOOGL,Communication,2025-03-31,1652044,Alphabet Inc.,https://github.com/deeleeramone/sec-company-facts/releases/download/parquet-latest/primary_tickers.parquet,DOLTHUB_SEC_PARQUET_MIRROR,YAHOO_CHART,2025-03-31,154.63999938964844,,,https://query1.finance.yahoo.com/v8/finance/chart/GOOGL?period1=1577836800&period2=1783296000&interval=1d&events=history&includeAdjustedClose=true,SKIPPED_IN_CORE_SMOKE,350018000000.0,2025-02-05,2024-12-31,,,,100118000000.0,2025-02-05,2024-12-31,125299000000.0,2025-02-05,2024-12-31,52535000000.0,2025-02-05,2024-12-31,325084000000.0,2025-02-05,2024-12-31,23466000000.0,2025-02-05,2024-12-31,450256000000.0,2025-02-05,2024-12-31,125172000000.0,2025-02-05,2024-12-31,999000000.0,2025-02-05,2024-12-31,12447000000.0,2025-02-05,2024-12-31,8.04,2025-02-05,2024-12-31,2025-02-05,https://github.com/deeleeramone/sec-company-facts/releases/download/parquet-latest/facts_enc-b00012.parquet,True
GOOGL,Communication,2025-06-30,1652044,Alphabet Inc.,https://github.com/deeleeramone/sec-company-facts/releases/download/parquet-latest/primary_tickers.parquet,DOLTHUB_SEC_PARQUET_MIRROR,YAHOO_CHART,2025-06-30,176.22999572753906,,,https://query1.finance.yahoo.com/v8/finance/chart/GOOGL?period1=1577836800&period2=1783296000&interval=1d&events=history&includeAdjustedClose=true,SKIPPED_IN_CORE_SMOKE,90234000000.0,2025-04-25,2025-03-31,,,,34540000000.0,2025-04-25,2025-03-31,36150000000.0,2025-04-25,2025-03-31,17197000000.0,2025-04-25,2025-03-31,345267000000.0,2025-04-25,2025-03-31,23264000000.0,2025-04-25,2025-03-31,475374000000.0,2025-04-25,2025-03-31,130107000000.0,2025-04-25,2025-03-31,1000000000.0,2025-04-25,2025-03-31,12291000000.0,2025-04-25,2025-03-31,2.81,2025-04-25,2025-03-31,2025-04-25,https://github.com/deeleeramone/sec-company-facts/releases/download/parquet-latest/facts_enc-b00012.parquet,True
GOOGL,Communication,2025-09-30,1652044,Alphabet Inc.,https://github.com/deeleeramone/sec-company-facts/releases/download/parquet-latest/primary_tickers.parquet,DOLTHUB_SEC_PARQUET_MIRROR,YAHOO_CHART,2025-09-30,243.10000610351562,,,https://query1.finance.yahoo.com/v8/finance/chart/GOOGL?period1=1577836800&period2=1783296000&interval=1d&events=history&includeAdjustedClose=true,SKIPPED_IN_CORE_SMOKE,96428000000.0,2025-07-24,2025-06-30,,,,28196000000.0,2025-07-24,2025-06-30,63897000000.0,2025-07-24,2025-06-30,39643000000.0,2025-07-24,2025-06-30,362916000000.0,2025-07-24,2025-06-30,21036000000.0,2025-07-24,2025-06-30,502053000000.0,2025-07-24,2025-06-30,139137000000.0,2025-07-24,2025-06-30,1000000000.0,2025-07-24,2025-06-30,12245000000.0,2025-07-24,2025-06-30,2.31,2025-07-24,2025-06-30,2025-07-24,https://github.com/deeleeramone/sec-company-facts/releases/download/parquet-latest/facts_enc-b00012.parquet,True
GOOGL,Communication,2025-12-31,1652044,Alphabet Inc.,https://github.com/deeleeramone/sec-company-facts/releases/download/parquet-latest/primary_tickers.parquet,DOLTHUB_SEC_PARQUET_MIRROR,YAHOO_CHART,2025-12-31,313.0,,,https://query1.finance.yahoo.com/v8/finance/chart/GOOGL?period1=1577836800&period2=1783296000&interval=1d&events=history&includeAdjustedClose=true,SKIPPED_IN_CORE_SMOKE,102346000000.0,2025-10-30,2025-09-30,,,,97715000000.0,2025-10-30,2025-09-30,112311000000.0,2025-10-30,2025-09-30,63596000000.0,2025-10-30,2025-09-30,386867000000.0,2025-10-30,2025-09-30,23090000000.0,2025-10-30,2025-09-30,536469000000.0,2025-10-30,2025-09-30,149602000000.0,2025-10-30,2025-09-30,1995000000.0,2025-10-30,2025-09-30,12203000000.0,2025-10-30,2025-09-30,7.99,2025-10-30,2025-09-30,2025-10-30,https://github.com/deeleeramone/sec-company-facts/releases/download/parquet-latest/facts_enc-b00012.parquet,True
GOOGL,Communication,2026-03-31,1652044,Alphabet Inc.,https://github.com/deeleeramone/sec-company-facts/releases/download/parquet-latest/primary_tickers.parquet,DOLTHUB_SEC_PARQUET_MIRROR,YAHOO_CHART,2026-03-31,287.55999755859375,,,https://query1.finance.yahoo.com/v8/finance/chart/GOOGL?period1=1577836800&period2=1783296000&interval=1d&events=history&includeAdjustedClose=true,SKIPPED_IN_CORE_SMOKE,402836000000.0,2026-02-05,2025-12-31,,,,132170000000.0,2026-02-05,2025-12-31,164713000000.0,2026-02-05,2025-12-31,91447000000.0,2026-02-05,2025-12-31,415265000000.0,2026-02-05,2025-12-31,30708000000.0,2026-02-05,2025-12-31,595281000000.0,2026-02-05,2025-12-31,180016000000.0,2026-02-05,2025-12-31,46547000000.0,2026-02-05,2025-12-31,12230000000.0,2026-02-05,2025-12-31,10.81,2026-02-05,2025-12-31,2026-02-05,https://github.com/deeleeramone/sec-company-facts/releases/download/parquet-latest/facts_enc-b00012.parquet,True
GOOGL,Communication,2026-06-30,1652044,Alphabet Inc.,https://github.com/deeleeramone/sec-company-facts/releases/download/parquet-latest/primary_tickers.parquet,DOLTHUB_SEC_PARQUET_MIRROR,YAHOO_CHART,2026-06-30,357.3699951171875,,,https://query1.finance.yahoo.com/v8/finance/chart/GOOGL?period1=1577836800&period2=1783296000&interval=1d&events=history&includeAdjustedClose=true,SKIPPED_IN_CORE_SMOKE,109896000000.0,2026-04-30,2026-03-31,,,,62578000000.0,2026-04-30,2026-03-31,45790000000.0,2026-04-30,2026-03-31,35674000000.0,2026-04-30,2026-03-31,478746000000.0,2026-04-30,2026-03-31,38063000000.0,2026-04-30,2026-03-31,703919000000.0,2026-04-30,2026-03-31,225173000000.0,2026-04-30,2026-03-31,1998000000.0,2026-04-30,2026-03-31,12238000000.0,2026-04-30,2026-03-31,5.11,2026-04-30,2026-03-31,2026-04-30,https://github.com/deeleeramone/sec-company-facts/releases/download/parquet-latest/facts_enc-b00012.parquet,True
AMZN,Consumer,2021-03-31,1018724,AMAZON COM INC,https://github.com/deeleeramone/sec-company-facts/releases/download/parquet-latest/primary_tickers.parquet,DOLTHUB_SEC_PARQUET_MIRROR,YAHOO_CHART,2021-03-31,154.70399475097656,,,https://query1.finance.yahoo.com/v8/finance/chart/AMZN?period1=1577836800&period2=1783296000&interval=1d&events=history&includeAdjustedClose=true,SKIPPED_IN_CORE_SMOKE,125555000000.0,2021-02-03,2020-12-31,5531000000.0,2010-01-29,2009-12-31,21331000000.0,2021-02-03,2020-12-31,66064000000.0,2021-02-03,2020-12-31,1861000000.0,2017-04-28,2017-03-31,93404000000.0,2021-02-03,2020-12-31,42122000000.0,2021-02-03,2020-12-31,321195000000.0,2021-02-03,2020-12-31,,,,1155000000.0,2021-02-03,2020-12-31,513000000.0,2021-02-03,2020-12-31,14.09,2021-02-03,2020-12-31,2021-02-03,https://github.com/deeleeramone/sec-company-facts/releases/download/parquet-latest/facts_enc-b00036.parquet,True
AMZN,Consumer,2021-06-30,1018724,AMAZON COM INC,https://github.com/deeleeramone/sec-company-facts/releases/download/parquet-latest/primary_tickers.parquet,DOLTHUB_SEC_PARQUET_MIRROR,YAHOO_CHART,2021-06-30,172.00799560546875,,,https://query1.finance.yahoo.com/v8/finance/chart/AMZN?period1=1577836800&period2=1783296000&interval=1d&events=history&includeAdjustedClose=true,SKIPPED_IN_CORE_SMOKE,108518000000.0,2021-04-30,2021-03-31,5531000000.0,2010-01-29,2009-12-31,8107000000.0,2021-04-30,2021-03-31,4213000000.0,2021-04-30,2021-03-31,1861000000.0,2017-04-28,2017-03-31,103320000000.0,2021-04-30,2021-03-31,33834000000.0,2021-04-30,2021-03-31,323077000000.0,2021-04-30,2021-03-31,,,,31868000000.0,2021-04-30,2021-03-31,513000000.0,2021-04-30,2021-03-31,15.79,2021-04-30,2021-03-31,2021-04-30,https://github.com/deeleeramone/sec-company-facts/releases/download/parquet-latest/facts_enc-b00036.parquet,True
AMZN,Consumer,2021-09-30,1018724,AMAZON COM INC,https://github.com/deeleeramone/sec-company-facts/releases/download/parquet-latest/primary_tickers.parquet,DOLTHUB_SEC_PARQUET_MIRROR,YAHOO_CHART,2021-09-30,164.2519989013672,,,https://query1.finance.yahoo.com/v8/finance/chart/AMZN?period1=1577836800&period2=1783296000&interval=1d&events=history&includeAdjustedClose=true,SKIPPED_IN_CORE_SMOKE,221598000000.0,2021-07-30,2021-06-30,5531000000.0,2010-01-29,2009-12-31,29438000000.0,2021-07-30,2021-06-30,12715000000.0,2021-07-30,2021-06-30,1861000000.0,2017-04-28,2017-03-31,114803000000.0,2021-07-30,2021-06-30,40380000000.0,2021-07-30,2021-06-30,360319000000.0,2021-07-30,2021-06-30,,,,1158000000.0,2021-07-30,2021-06-30,514000000.0,2021-07-30,2021-06-30,15.12,2021-07-30,2021-06-30,2021-07-30,https://github.com/deeleeramone/sec-company-facts/releases/download/parquet-latest/facts_enc-b00036.parquet,True
AMZN,Consumer,2021-12-31,1018724,AMAZON COM INC,https://github.com/deeleeramone/sec-company-facts/releases/download/parquet-latest/primary_tickers.parquet,DOLTHUB_SEC_PARQUET_MIRROR,YAHOO_CHART,2021-12-31,166.7169952392578,,,https://query1.finance.yahoo.com/v8/finance/chart/AMZN?period1=1577836800&period2=1783296000&interval=1d&events=history&includeAdjustedClose=true,SKIPPED_IN_CORE_SMOKE,110812000000.0,2021-10-29,2021-09-30,5531000000.0,2010-01-29,2009-12-31,26263000000.0,2021-10-29,2021-09-30,7313000000.0,2021-10-29,2021-09-30,1861000000.0,2017-04-28,2017-03-31,120564000000.0,2021-10-29,2021-09-30,30177000000.0,2021-10-29,2021-09-30,382406000000.0,2021-10-29,2021-09-30,,,,50055000000.0,2021-10-29,2021-09-30,515000000.0,2021-10-29,2021-09-30,37.02,2021-10-29,2021-09-30,2021-10-29,https://github.com/deeleeramone/sec-company-facts/releases/download/parquet-latest/facts_enc-b00036.parquet,True
AMZN,Consumer,2022-03-31,1018724,AMAZON COM INC,https://github.com/deeleeramone/sec-company-facts/releases/download/parquet-latest/primary_tickers.parquet,DOLTHUB_SEC_PARQUET_MIRROR,YAHOO_CHART,2022-03-31,162.99749755859375,,,https://query1.finance.yahoo.com/v8/finance/chart/AMZN?period1=1577836800&period2=1783296000&interval=1d&events=history&includeAdjustedClose=true,SKIPPED_IN_CORE_SMOKE,469822000000.0,2022-02-04,2021-12-31,5531000000.0,2010-01-29,2009-12-31,33364000000.0,2022-02-04,2021-12-31,46327000000.0,2022-02-04,2021-12-31,1861000000.0,2017-04-28,2017-03-31,138245000000.0,2022-02-04,2021-12-31,36220000000.0,2022-02-04,2021-12-31,420549000000.0,2022-02-04,2021-12-31,,,,48744000000.0,2022-02-04,2021-12-31,515000000.0,2022-02-04,2021-12-31,64.81,2022-02-04,2021-12-31,2022-02-04,https://github.com/deeleeramone/sec-company-facts/releases/download/parquet-latest/facts_enc-b00036.parquet,True
AMZN,Consumer,2022-06-30,1018724,AMAZON COM INC,https://github.com/deeleeramone/sec-company-facts/releases/download/parquet-latest/primary_tickers.parquet,DOLTHUB_SEC_PARQUET_MIRROR,YAHOO_CHART,2022-06-30,106.20999908447266,,,https://query1.finance.yahoo.com/v8/finance/chart/AMZN?period1=1577836800&period2=1783296000&interval=1d&events=history&includeAdjustedClose=true,SKIPPED_IN_CORE_SMOKE,116444000000.0,2022-04-29,2022-03-31,5531000000.0,2010-01-29,2009-12-31,-3844000000.0,2022-04-29,2022-03-31,-2790000000.0,2022-04-29,2022-03-31,1861000000.0,2017-04-28,2017-03-31,134001000000.0,2022-04-29,2022-03-31,36393000000.0,2022-04-29,2022-03-31,410767000000.0,2022-04-29,2022-03-31,,,,47556000000.0,2022-04-29,2022-03-31,509000000.0,2022-04-29,2022-03-31,-7.56,2022-04-29,2022-03-31,2022-04-29,https://github.com/deeleeramone/sec-company-facts/releases/download/parquet-latest/facts_enc-b00036.parquet,True
AMZN,Consumer,2022-09-30,1018724,AMAZON COM INC,https://github.com/deeleeramone/sec-company-facts/releases/download/parquet-latest/primary_tickers.parquet,DOLTHUB_SEC_PARQUET_MIRROR,YAHOO_CHART,2022-09-30,113.0,,,https://query1.finance.yahoo.com/v8/finance/chart/AMZN?period1=1577836800&period2=1783296000&interval=1d&events=history&includeAdjustedClose=true,SKIPPED_IN_CORE_SMOKE,237678000000.0,2022-07-29,2022-06-30,5531000000.0,2010-01-29,2009-12-31,-5872000000.0,2022-07-29,2022-06-30,6175000000.0,2022-07-29,2022-06-30,1861000000.0,2017-04-28,2017-03-31,131402000000.0,2022-07-29,2022-06-30,37700000000.0,2022-07-29,2022-06-30,419728000000.0,2022-07-29,2022-06-30,,,,4998000000.0,2022-07-29,2022-06-30,10173000000.0,2022-07-29,2022-06-30,-0.58,2022-07-29,2022-06-30,2022-07-29,https://github.com/deeleeramone/sec-company-facts/releases/download/parquet-latest/facts_enc-b00036.parquet,True
AMZN,Consumer,2022-12-31,1018724,AMAZON COM INC,https://github.com/deeleeramone/sec-company-facts/releases/download/parquet-latest/primary_tickers.parquet,DOLTHUB_SEC_PARQUET_MIRROR,YAHOO_CHART,2022-12-30,84.0,,,https://query1.finance.yahoo.com/v8/finance/chart/AMZN?period1=1577836800&period2=1783296000&interval=1d&events=history&includeAdjustedClose=true,SKIPPED_IN_CORE_SMOKE,364779000000.0,2022-10-28,2022-09-30,5531000000.0,2010-01-29,2009-12-31,-3000000000.0,2022-10-28,2022-09-30,11404000000.0,2022-10-28,2022-09-30,1861000000.0,2017-04-28,2017-03-31,137489000000.0,2022-10-28,2022-09-30,34947000000.0,2022-10-28,2022-09-30,428362000000.0,2022-10-28,2022-09-30,,,,58919000000.0,2022-10-28,2022-09-30,10331000000.0,2022-10-28,2022-09-30,0.28,2022-10-28,2022-09-30,2022-10-28,https://github.com/deeleeramone/sec-company-facts/releases/download/parquet-latest/facts_enc-b00036.parquet,True
AMZN,Consumer,2023-03-31,1018724,AMAZON COM INC,https://github.com/deeleeramone/sec-company-facts/releases/download/parquet-latest/primary_tickers.parquet,DOLTHUB_SEC_PARQUET_MIRROR,YAHOO_CHART,2023-03-31,103.29000091552734,,,https://query1.finance.yahoo.com/v8/finance/chart/AMZN?period1=1577836800&period2=1783296000&interval=1d&events=history&includeAdjustedClose=true,SKIPPED_IN_CORE_SMOKE,513983000000.0,2023-02-03,2022-12-31,5531000000.0,2010-01-29,2009-12-31,-2722000000.0,2023-02-03,2022-12-31,46752000000.0,2023-02-03,2022-12-31,1861000000.0,2017-04-28,2017-03-31,146043000000.0,2023-02-03,2022-12-31,54253000000.0,2023-02-03,2022-12-31,462675000000.0,2023-02-03,2022-12-31,,,,2999000000.0,2023-02-03,2022-12-31,10189000000.0,2023-02-03,2022-12-31,-0.27,2023-02-03,2022-12-31,2023-02-03,https://github.com/deeleeramone/sec-company-facts/releases/download/parquet-latest/facts_enc-b00036.parquet,True
AMZN,Consumer,2023-06-30,1018724,AMAZON COM INC,https://github.com/deeleeramone/sec-company-facts/releases/download/parquet-latest/primary_tickers.parquet,DOLTHUB_SEC_PARQUET_MIRROR,YAHOO_CHART,2023-06-30,130.36000061035156,,,https://query1.finance.yahoo.com/v8/finance/chart/AMZN?period1=1577836800&period2=1783296000&interval=1d&events=history&includeAdjustedClose=true,SKIPPED_IN_CORE_SMOKE,127358000000.0,2023-04-28,2023-03-31,5531000000.0,2010-01-29,2009-12-31,4294000000.0,2023-04-28,2023-03-31,4788000000.0,2023-04-28,2023-03-31,1861000000.0,2017-04-28,2017-03-31,154526000000.0,2023-04-28,2023-03-31,49343000000.0,2023-04-28,2023-03-31,464378000000.0,2023-04-28,2023-03-31,,,,67084000000.0,2023-04-28,2023-03-31,10347000000.0,2023-04-28,2023-03-31,0.31,2023-04-28,2023-03-31,2023-04-28,https://github.com/deeleeramone/sec-company-facts/releases/download/parquet-latest/facts_enc-b00036.parquet,True
AMZN,Consumer,2023-09-30,1018724,AMAZON COM INC,https://github.com/deeleeramone/sec-company-facts/releases/download/parquet-latest/primary_tickers.parquet,DOLTHUB_SEC_PARQUET_MIRROR,YAHOO_CHART,2023-09-29,127.12000274658203,,,https://query1.finance.yahoo.com/v8/finance/chart/AMZN?period1=1577836800&period2=1783296000&interval=1d&events=history&includeAdjustedClose=true,SKIPPED_IN_CORE_SMOKE,134383000000.0,2023-08-04,2023-06-30,5531000000.0,2010-01-29,2009-12-31,6750000000.0,2023-08-04,2023-06-30,16476000000.0,2023-08-04,2023-06-30,1861000000.0,2017-04-28,2017-03-31,168602000000.0,2023-08-04,2023-06-30,49529000000.0,2023-08-04,2023-06-30,477607000000.0,2023-08-04,2023-06-30,,,,63092000000.0,2023-08-04,2023-06-30,10398000000.0,2023-08-04,2023-06-30,0.65,2023-08-04,2023-06-30,2023-08-04,https://github.com/deeleeramone/sec-company-facts/releases/download/parquet-latest/facts_enc-b00036.parquet,True
AMZN,Consumer,2023-12-31,1018724,AMAZON COM INC,https://github.com/deeleeramone/sec-company-facts/releases/download/parquet-latest/primary_tickers.parquet,DOLTHUB_SEC_PARQUET_MIRROR,YAHOO_CHART,2023-12-29,151.94000244140625,,,https://query1.finance.yahoo.com/v8/finance/chart/AMZN?period1=1577836800&period2=1783296000&interval=1d&events=history&includeAdjustedClose=true,SKIPPED_IN_CORE_SMOKE,143083000000.0,2023-10-27,2023-09-30,5531000000.0,2010-01-29,2009-12-31,19801000000.0,2023-10-27,2023-09-30,21217000000.0,2023-10-27,2023-09-30,1861000000.0,2017-04-28,2017-03-31,182973000000.0,2023-10-27,2023-09-30,49605000000.0,2023-10-27,2023-09-30,486883000000.0,2023-10-27,2023-09-30,,,,5995000000.0,2023-10-27,2023-09-30,10558000000.0,2023-10-27,2023-09-30,0.94,2023-10-27,2023-09-30,2023-10-27,https://github.com/deeleeramone/sec-company-facts/releases/download/parquet-latest/facts_enc-b00036.parquet,True
AMZN,Consumer,2024-03-31,1018724,AMAZON COM INC,https://github.com/deeleeramone/sec-company-facts/releases/download/parquet-latest/primary_tickers.parquet,DOLTHUB_SEC_PARQUET_MIRROR,YAHOO_CHART,2024-03-28,180.3800048828125,,,https://query1.finance.yahoo.com/v8/finance/chart/AMZN?period1=1577836800&period2=1783296000&interval=1d&events=history&includeAdjustedClose=true,SKIPPED_IN_CORE_SMOKE,574785000000.0,2024-02-02,2023-12-31,5531000000.0,2010-01-29,2009-12-31,30425000000.0,2024-02-02,2023-12-31,84946000000.0,2024-02-02,2023-12-31,1861000000.0,2017-04-28,2017-03-31,201875000000.0,2024-02-02,2023-12-31,73387000000.0,2024-02-02,2023-12-31,527854000000.0,2024-02-02,2023-12-31,,,,8494000000.0,2024-02-02,2023-12-31,10492000000.0,2024-02-02,2023-12-31,2.9,2024-02-02,2023-12-31,2024-02-02,https://github.com/deeleeramone/sec-company-facts/releases/download/parquet-latest/facts_enc-b00036.parquet,True
AMZN,Consumer,2024-06-30,1018724,AMAZON COM INC,https://github.com/deeleeramone/sec-company-facts/releases/download/parquet-latest/primary_tickers.parquet,DOLTHUB_SEC_PARQUET_MIRROR,YAHOO_CHART,2024-06-28,193.25,,,https://query1.finance.yahoo.com/v8/finance/chart/AMZN?period1=1577836800&period2=1783296000&interval=1d&events=history&includeAdjustedClose=true,SKIPPED_IN_CORE_SMOKE,143313000000.0,2024-05-01,2024-03-31,5531000000.0,2010-01-29,2009-12-31,10431000000.0,2024-05-01,2024-03-31,18989000000.0,2024-05-01,2024-03-31,1861000000.0,2017-04-28,2017-03-31,216661000000.0,2024-05-01,2024-03-31,72852000000.0,2024-05-01,2024-03-31,530969000000.0,2024-05-01,2024-03-31,,,,8848000000.0,2024-05-01,2024-03-31,10670000000.0,2024-05-01,2024-03-31,0.98,2024-05-01,2024-03-31,2024-05-01,https://github.com/deeleeramone/sec-company-facts/releases/download/parquet-latest/facts_enc-b00036.parquet,True
AMZN,Consumer,2024-09-30,1018724,AMAZON COM INC,https://github.com/deeleeramone/sec-company-facts/releases/download/parquet-latest/primary_tickers.parquet,DOLTHUB_SEC_PARQUET_MIRROR,YAHOO_CHART,2024-09-30,186.3300018310547,,,https://query1.finance.yahoo.com/v8/finance/chart/AMZN?period1=1577836800&period2=1783296000&interval=1d&events=history&includeAdjustedClose=true,SKIPPED_IN_CORE_SMOKE,147977000000.0,2024-08-02,2024-06-30,5531000000.0,2010-01-29,2009-12-31,23916000000.0,2024-08-02,2024-06-30,25281000000.0,2024-08-02,2024-06-30,1861000000.0,2017-04-28,2017-03-31,236447000000.0,2024-08-02,2024-06-30,71178000000.0,2024-08-02,2024-06-30,554818000000.0,2024-08-02,2024-06-30,,,,7429000000.0,2024-08-02,2024-06-30,10708000000.0,2024-08-02,2024-06-30,1.26,2024-08-02,2024-06-30,2024-08-02,https://github.com/deeleeramone/sec-company-facts/releases/download/parquet-latest/facts_enc-b00036.parquet,True
AMZN,Consumer,2024-12-31,1018724,AMAZON COM INC,https://github.com/deeleeramone/sec-company-facts/releases/download/parquet-latest/primary_tickers.parquet,DOLTHUB_SEC_PARQUET_MIRROR,YAHOO_CHART,2024-12-31,219.38999938964844,,,https://query1.finance.yahoo.com/v8/finance/chart/AMZN?period1=1577836800&period2=1783296000&interval=1d&events=history&includeAdjustedClose=true,SKIPPED_IN_CORE_SMOKE,450167000000.0,2024-11-01,2024-09-30,5531000000.0,2010-01-29,2009-12-31,39244000000.0,2024-11-01,2024-09-30,25971000000.0,2024-11-01,2024-09-30,1861000000.0,2017-04-28,2017-03-31,259151000000.0,2024-11-01,2024-09-30,75091000000.0,2024-11-01,2024-09-30,584626000000.0,2024-11-01,2024-09-30,,,,5248000000.0,2024-11-01,2024-09-30,10735000000.0,2024-11-01,2024-09-30,3.67,2024-11-01,2024-09-30,2024-11-01,https://github.com/deeleeramone/sec-company-facts/releases/download/parquet-latest/facts_enc-b00036.parquet,True
AMZN,Consumer,2025-03-31,1018724,AMAZON COM INC,https://github.com/deeleeramone/sec-company-facts/releases/download/parquet-latest/primary_tickers.parquet,DOLTHUB_SEC_PARQUET_MIRROR,YAHOO_CHART,2025-03-31,190.25999450683594,,,https://query1.finance.yahoo.com/v8/finance/chart/AMZN?period1=1577836800&period2=1783296000&interval=1d&events=history&includeAdjustedClose=true,SKIPPED_IN_CORE_SMOKE,637959000000.0,2025-02-07,2024-12-31,5531000000.0,2010-01-29,2009-12-31,59248000000.0,2025-02-07,2024-12-31,115877000000.0,2025-02-07,2024-12-31,1861000000.0,2017-04-28,2017-03-31,285970000000.0,2025-02-07,2024-12-31,78779000000.0,2025-02-07,2024-12-31,624894000000.0,2025-02-07,2024-12-31,,,,5017000000.0,2025-02-07,2024-12-31,10721000000.0,2025-02-07,2024-12-31,5.53,2025-02-07,2024-12-31,2025-02-07,https://github.com/deeleeramone/sec-company-facts/releases/download/parquet-latest/facts_enc-b00036.parquet,True
AMZN,Consumer,2025-06-30,1018724,AMAZON COM INC,https://github.com/deeleeramone/sec-company-facts/releases/download/parquet-latest/primary_tickers.parquet,DOLTHUB_SEC_PARQUET_MIRROR,YAHOO_CHART,2025-06-30,219.38999938964844,,,https://query1.finance.yahoo.com/v8/finance/chart/AMZN?period1=1577836800&period2=1783296000&interval=1d&events=history&includeAdjustedClose=true,SKIPPED_IN_CORE_SMOKE,155667000000.0,2025-05-02,2025-03-31,5531000000.0,2010-01-29,2009-12-31,65944000000.0,2025-05-02,2025-03-31,17015000000.0,2025-05-02,2025-03-31,1861000000.0,2017-04-28,2017-03-31,305867000000.0,2025-05-02,2025-03-31,69893000000.0,2025-05-02,2025-03-31,643256000000.0,2025-05-02,2025-03-31,,,,53374000000.0,2025-05-02,2025-03-31,10793000000.0,2025-05-02,2025-03-31,1.59,2025-05-02,2025-03-31,2025-05-02,https://github.com/deeleeramone/sec-company-facts/releases/download/parquet-latest/facts_enc-b00036.parquet,True
AMZN,Consumer,2025-09-30,1018724,AMAZON COM INC,https://github.com/deeleeramone/sec-company-facts/releases/download/parquet-latest/primary_tickers.parquet,DOLTHUB_SEC_PARQUET_MIRROR,YAHOO_CHART,2025-09-30,219.57000732421875,,,https://query1.finance.yahoo.com/v8/finance/chart/AMZN?period1=1577836800&period2=1783296000&interval=1d&events=history&includeAdjustedClose=true,SKIPPED_IN_CORE_SMOKE,323369000000.0,2025-08-01,2025-06-30,5531000000.0,2010-01-29,2009-12-31,35291000000.0,2025-08-01,2025-06-30,49530000000.0,2025-08-01,2025-06-30,1861000000.0,2017-04-28,2017-03-31,333775000000.0,2025-08-01,2025-06-30,61453000000.0,2025-08-01,2025-06-30,682170000000.0,2025-08-01,2025-06-30,,,,5005000000.0,2025-08-01,2025-06-30,10806000000.0,2025-08-01,2025-06-30,3.27,2025-08-01,2025-06-30,2025-08-01,https://github.com/deeleeramone/sec-company-facts/releases/download/parquet-latest/facts_enc-b00036.parquet,True
AMZN,Consumer,2025-12-31,1018724,AMAZON COM INC,https://github.com/deeleeramone/sec-company-facts/releases/download/parquet-latest/primary_tickers.parquet,DOLTHUB_SEC_PARQUET_MIRROR,YAHOO_CHART,2025-12-31,230.82000732421875,,,https://query1.finance.yahoo.com/v8/finance/chart/AMZN?period1=1577836800&period2=1783296000&interval=1d&events=history&includeAdjustedClose=true,SKIPPED_IN_CORE_SMOKE,180169000000.0,2025-10-31,2025-09-30,5531000000.0,2010-01-29,2009-12-31,56478000000.0,2025-10-31,2025-09-30,35525000000.0,2025-10-31,2025-09-30,1861000000.0,2017-04-28,2017-03-31,369631000000.0,2025-10-31,2025-09-30,66922000000.0,2025-10-31,2025-09-30,727921000000.0,2025-10-31,2025-09-30,,,,3997000000.0,2025-10-31,2025-09-30,10845000000.0,2025-10-31,2025-09-30,1.95,2025-10-31,2025-09-30,2025-10-31,https://github.com/deeleeramone/sec-company-facts/releases/download/parquet-latest/facts_enc-b00036.parquet,True
AMZN,Consumer,2026-03-31,1018724,AMAZON COM INC,https://github.com/deeleeramone/sec-company-facts/releases/download/parquet-latest/primary_tickers.parquet,DOLTHUB_SEC_PARQUET_MIRROR,YAHOO_CHART,2026-03-31,208.27000427246094,,,https://query1.finance.yahoo.com/v8/finance/chart/AMZN?period1=1577836800&period2=1783296000&interval=1d&events=history&includeAdjustedClose=true,SKIPPED_IN_CORE_SMOKE,716924000000.0,2026-02-06,2025-12-31,5531000000.0,2010-01-29,2009-12-31,77670000000.0,2026-02-06,2025-12-31,139514000000.0,2026-02-06,2025-12-31,1861000000.0,2017-04-28,2017-03-31,411065000000.0,2026-02-06,2025-12-31,90106000000.0,2026-02-06,2025-12-31,818042000000.0,2026-02-06,2025-12-31,,,,2748000000.0,2026-02-06,2025-12-31,10827000000.0,2026-02-06,2025-12-31,7.17,2026-02-06,2025-12-31,2026-02-06,https://github.com/deeleeramone/sec-company-facts/releases/download/parquet-latest/facts_enc-b00036.parquet,True
AMZN,Consumer,2026-06-30,1018724,AMAZON COM INC,https://github.com/deeleeramone/sec-company-facts/releases/download/parquet-latest/primary_tickers.parquet,DOLTHUB_SEC_PARQUET_MIRROR,YAHOO_CHART,2026-06-30,238.33999633789062,,,https://query1.finance.yahoo.com/v8/finance/chart/AMZN?period1=1577836800&period2=1783296000&interval=1d&events=history&includeAdjustedClose=true,SKIPPED_IN_CORE_SMOKE,181519000000.0,2026-04-30,2026-03-31,5531000000.0,2010-01-29,2009-12-31,90798000000.0,2026-04-30,2026-03-31,26032000000.0,2026-04-30,2026-03-31,1861000000.0,2017-04-28,2017-03-31,441914000000.0,2026-04-30,2026-03-31,104692000000.0,2026-04-30,2026-03-31,916630000000.0,2026-04-30,2026-03-31,,,,119074000000.0,2026-04-30,2026-03-31,10874000000.0,2026-04-30,2026-03-31,2.78,2026-04-30,2026-03-31,2026-04-30,https://github.com/deeleeramone/sec-company-facts/releases/download/parquet-latest/facts_enc-b00036.parquet,True
MELI,Consumer,2021-03-31,1099590,MERCADOLIBRE INC,https://github.com/deeleeramone/sec-company-facts/releases/download/parquet-latest/primary_tickers.parquet,DOLTHUB_SEC_PARQUET_MIRROR,YAHOO_CHART,2021-03-31,1472.1400146484375,,,https://query1.finance.yahoo.com/v8/finance/chart/MELI?period1=1577836800&period2=1783296000&interval=1d&events=history&includeAdjustedClose=true,SKIPPED_IN_CORE_SMOKE,1327304000.0,2021-03-01,2020-12-31,1709210000.0,2021-03-01,2020-12-31,-50580000.0,2021-03-01,2020-12-31,1182552000.0,2021-03-01,2020-12-31,247048000.0,2021-03-01,2020-12-31,1651578000.0,2021-03-01,2020-12-31,1856394000.0,2021-03-01,2020-12-31,6526332000.0,2021-03-01,2020-12-31,4874754000.0,2021-03-01,2020-12-31,,,,49820185.0,2021-03-01,2020-12-31,-1.02,2021-03-01,2020-12-31,2021-03-01,https://github.com/deeleeramone/sec-company-facts/releases/download/parquet-latest/facts_enc-b00006.parquet,True
MELI,Consumer,2021-06-30,1099590,MERCADOLIBRE INC,https://github.com/deeleeramone/sec-company-facts/releases/download/parquet-latest/primary_tickers.parquet,DOLTHUB_SEC_PARQUET_MIRROR,YAHOO_CHART,2021-06-30,1557.7900390625,,,https://query1.finance.yahoo.com/v8/finance/chart/MELI?period1=1577836800&period2=1783296000&interval=1d&events=history&includeAdjustedClose=true,SKIPPED_IN_CORE_SMOKE,1378441000.0,2021-05-06,2021-03-31,591377000.0,2021-05-06,2021-03-31,-34012000.0,2021-05-06,2021-03-31,-262997000.0,2021-05-06,2021-03-31,112672000.0,2021-05-06,2021-03-31,-30404000.0,2021-05-06,2021-03-31,862720000.0,2021-05-06,2021-03-31,5197855000.0,2021-05-06,2021-03-31,5228259000.0,2021-05-06,2021-03-31,,,,49867625.0,2021-05-06,2021-03-31,-0.68,2021-05-06,2021-03-31,2021-05-06,https://github.com/deeleeramone/sec-company-facts/releases/download/parquet-latest/facts_enc-b00006.parquet,True
MELI,Consumer,2021-09-30,1099590,MERCADOLIBRE INC,https://github.com/deeleeramone/sec-company-facts/releases/download/parquet-latest/primary_tickers.parquet,DOLTHUB_SEC_PARQUET_MIRROR,YAHOO_CHART,2021-09-30,1679.4000244140625,,,https://query1.finance.yahoo.com/v8/finance/chart/MELI?period1=1577836800&period2=1783296000&interval=1d&events=history&includeAdjustedClose=true,SKIPPED_IN_CORE_SMOKE,3081191000.0,2021-08-05,2021-06-30,753920000.0,2021-08-05,2021-06-30,34183000.0,2021-08-05,2021-06-30,-959000.0,2021-08-05,2021-06-30,262780000.0,2021-08-05,2021-06-30,81030000.0,2021-08-05,2021-06-30,1069909000.0,2021-08-05,2021-06-30,6142694000.0,2021-08-05,2021-06-30,6061664000.0,2021-08-05,2021-06-30,,,,49844823.0,2021-08-05,2021-06-30,1.37,2021-08-05,2021-06-30,2021-08-05,https://github.com/deeleeramone/sec-company-facts/releases/download/parquet-latest/facts_enc-b00006.parquet,True
MELI,Consumer,2021-12-31,1099590,MERCADOLIBRE INC,https://github.com/deeleeramone/sec-company-facts/releases/download/parquet-latest/primary_tickers.parquet,DOLTHUB_SEC_PARQUET_MIRROR,YAHOO_CHART,2021-12-31,1348.4000244140625,,,https://query1.finance.yahoo.com/v8/finance/chart/MELI?period1=1577836800&period2=1783296000&interval=1d&events=history&includeAdjustedClose=true,SKIPPED_IN_CORE_SMOKE,1857452000.0,2021-11-05,2021-09-30,2151887000.0,2021-11-05,2021-09-30,95225000.0,2021-11-05,2021-09-30,264347000.0,2021-11-05,2021-09-30,424646000.0,2021-11-05,2021-09-30,122976000.0,2021-11-05,2021-09-30,987213000.0,2021-11-05,2021-09-30,6800017000.0,2021-11-05,2021-09-30,6677041000.0,2021-11-05,2021-09-30,,,,49597157.0,2021-11-05,2021-09-30,2.6,2021-11-05,2021-09-30,2021-11-05,https://github.com/deeleeramone/sec-company-facts/releases/download/parquet-latest/facts_enc-b00006.parquet,True
MELI,Consumer,2022-03-31,1099590,MERCADOLIBRE INC,https://github.com/deeleeramone/sec-company-facts/releases/download/parquet-latest/primary_tickers.parquet,DOLTHUB_SEC_PARQUET_MIRROR,YAHOO_CHART,2022-03-31,1189.47998046875,,,https://query1.finance.yahoo.com/v8/finance/chart/MELI?period1=1577836800&period2=1783296000&interval=1d&events=history&includeAdjustedClose=true,SKIPPED_IN_CORE_SMOKE,7069409000.0,2022-02-23,2021-12-31,853165000.0,2022-02-23,2021-12-31,-46104000.0,2022-02-23,2021-12-31,965043000.0,2022-02-23,2021-12-31,572929000.0,2022-02-23,2021-12-31,1531691000.0,2022-02-23,2021-12-31,2584586000.0,2022-02-23,2021-12-31,10101158000.0,2022-02-23,2021-12-31,8569467000.0,2022-02-23,2021-12-31,,,,49802993.0,2022-02-23,2021-12-31,1.67,2022-02-23,2021-12-31,2022-02-23,https://github.com/deeleeramone/sec-company-facts/releases/download/parquet-latest/facts_enc-b00006.parquet,True
MELI,Consumer,2022-06-30,1099590,MERCADOLIBRE INC,https://github.com/deeleeramone/sec-company-facts/releases/download/parquet-latest/primary_tickers.parquet,DOLTHUB_SEC_PARQUET_MIRROR,YAHOO_CHART,2022-06-30,636.8699951171875,,,https://query1.finance.yahoo.com/v8/finance/chart/MELI?period1=1577836800&period2=1783296000&interval=1d&events=history&includeAdjustedClose=true,SKIPPED_IN_CORE_SMOKE,2248000000.0,2022-05-06,2022-03-31,1073000000.0,2022-05-06,2022-03-31,65000000.0,2022-05-06,2022-03-31,-233000000.0,2022-05-06,2022-03-31,137000000.0,2022-05-06,2022-03-31,1589000000.0,2022-05-06,2022-03-31,2414000000.0,2022-05-06,2022-03-31,11023000000.0,2022-05-06,2022-03-31,9434000000.0,2022-05-06,2022-03-31,,,,50408754.0,2022-05-06,2022-03-31,1.3,2022-05-06,2022-03-31,2022-05-06,https://github.com/deeleeramone/sec-company-facts/releases/download/parquet-latest/facts_enc-b00006.parquet,True
MELI,Consumer,2022-09-30,1099590,MERCADOLIBRE INC,https://github.com/deeleeramone/sec-company-facts/releases/download/parquet-latest/primary_tickers.parquet,DOLTHUB_SEC_PARQUET_MIRROR,YAHOO_CHART,2022-09-30,827.780029296875,,,https://query1.finance.yahoo.com/v8/finance/chart/MELI?period1=1577836800&period2=1783296000&interval=1d&events=history&includeAdjustedClose=true,SKIPPED_IN_CORE_SMOKE,4845000000.0,2022-08-04,2022-06-30,1284000000.0,2022-08-04,2022-06-30,123000000.0,2022-08-04,2022-06-30,674000000.0,2022-08-04,2022-06-30,236000000.0,2022-08-04,2022-06-30,1580000000.0,2022-08-04,2022-06-30,1329000000.0,2022-08-04,2022-06-30,11447000000.0,2022-08-04,2022-06-30,9867000000.0,2022-08-04,2022-06-30,,,,50364529.0,2022-08-04,2022-06-30,3.73,2022-08-04,2022-06-30,2022-08-04,https://github.com/deeleeramone/sec-company-facts/releases/download/parquet-latest/facts_enc-b00006.parquet,True
MELI,Consumer,2022-12-31,1099590,MERCADOLIBRE INC,https://github.com/deeleeramone/sec-company-facts/releases/download/parquet-latest/primary_tickers.parquet,DOLTHUB_SEC_PARQUET_MIRROR,YAHOO_CHART,2022-12-30,846.239990234375,,,https://query1.finance.yahoo.com/v8/finance/chart/MELI?period1=1577836800&period2=1783296000&interval=1d&events=history&includeAdjustedClose=true,SKIPPED_IN_CORE_SMOKE,2690000000.0,2022-11-04,2022-09-30,3705000000.0,2022-11-04,2022-09-30,129000000.0,2022-11-04,2022-09-30,1398000000.0,2022-11-04,2022-09-30,342000000.0,2022-11-04,2022-09-30,1631000000.0,2022-11-04,2022-09-30,2528000000.0,2022-11-04,2022-09-30,11962000000.0,2022-11-04,2022-09-30,10331000000.0,2022-11-04,2022-09-30,,,,51356081.0,2022-11-04,2022-09-30,6.29,2022-11-04,2022-09-30,2022-11-04,https://github.com/deeleeramone/sec-company-facts/releases/download/parquet-latest/facts_enc-b00006.parquet,True
MELI,Consumer,2023-03-31,1099590,MERCADOLIBRE INC,https://github.com/deeleeramone/sec-company-facts/releases/download/parquet-latest/primary_tickers.parquet,DOLTHUB_SEC_PARQUET_MIRROR,YAHOO_CHART,2023-03-31,1318.06005859375,,,https://query1.finance.yahoo.com/v8/finance/chart/MELI?period1=1577836800&period2=1783296000&interval=1d&events=history&includeAdjustedClose=true,SKIPPED_IN_CORE_SMOKE,10537000000.0,2023-02-24,2022-12-31,1458000000.0,2023-02-24,2022-12-31,165000000.0,2023-02-24,2022-12-31,2940000000.0,2023-02-24,2022-12-31,454000000.0,2023-02-24,2022-12-31,1827000000.0,2023-02-24,2022-12-31,3363000000.0,2023-02-24,2022-12-31,13736000000.0,2023-02-24,2022-12-31,11909000000.0,2023-02-24,2022-12-31,,,,51274909.0,2023-02-24,2022-12-31,9.53,2023-02-24,2022-12-31,2023-02-24,https://github.com/deeleeramone/sec-company-facts/releases/download/parquet-latest/facts_enc-b00006.parquet,True
MELI,Consumer,2023-06-30,1099590,MERCADOLIBRE INC,https://github.com/deeleeramone/sec-company-facts/releases/download/parquet-latest/primary_tickers.parquet,DOLTHUB_SEC_PARQUET_MIRROR,YAHOO_CHART,2023-06-30,1184.5999755859375,,,https://query1.finance.yahoo.com/v8/finance/chart/MELI?period1=1577836800&period2=1783296000&interval=1d&events=history&includeAdjustedClose=true,SKIPPED_IN_CORE_SMOKE,3037000000.0,2023-05-04,2023-03-31,1536000000.0,2023-05-04,2023-03-31,201000000.0,2023-05-04,2023-03-31,859000000.0,2023-05-04,2023-03-31,89000000.0,2023-05-04,2023-03-31,2040000000.0,2023-05-04,2023-03-31,2143000000.0,2023-05-04,2023-03-31,14201000000.0,2023-05-04,2023-03-31,12161000000.0,2023-05-04,2023-03-31,,,,51235341.0,2023-05-04,2023-03-31,3.97,2023-05-04,2023-03-31,2023-05-04,https://github.com/deeleeramone/sec-company-facts/releases/download/parquet-latest/facts_enc-b00006.parquet,True
MELI,Consumer,2023-09-30,1099590,MERCADOLIBRE INC,https://github.com/deeleeramone/sec-company-facts/releases/download/parquet-latest/primary_tickers.parquet,DOLTHUB_SEC_PARQUET_MIRROR,YAHOO_CHART,2023-09-29,1267.8800048828125,,,https://query1.finance.yahoo.com/v8/finance/chart/MELI?period1=1577836800&period2=1783296000&interval=1d&events=history&includeAdjustedClose=true,SKIPPED_IN_CORE_SMOKE,6452000000.0,2023-08-03,2023-06-30,3256000000.0,2023-08-03,2023-06-30,463000000.0,2023-08-03,2023-06-30,2271000000.0,2023-08-03,2023-06-30,203000000.0,2023-08-03,2023-06-30,2252000000.0,2023-08-03,2023-06-30,1860000000.0,2023-08-03,2023-06-30,15243000000.0,2023-08-03,2023-06-30,12991000000.0,2023-08-03,2023-06-30,,,,51152955.0,2023-08-03,2023-06-30,9.12,2023-08-03,2023-06-30,2023-08-03,https://github.com/deeleeramone/sec-company-facts/releases/download/parquet-latest/facts_enc-b00006.parquet,True
MELI,Consumer,2023-12-31,1099590,MERCADOLIBRE INC,https://github.com/deeleeramone/sec-company-facts/releases/download/parquet-latest/primary_tickers.parquet,DOLTHUB_SEC_PARQUET_MIRROR,YAHOO_CHART,2023-12-29,1571.5400390625,,,https://query1.finance.yahoo.com/v8/finance/chart/MELI?period1=1577836800&period2=1783296000&interval=1d&events=history&includeAdjustedClose=true,SKIPPED_IN_CORE_SMOKE,10212000000.0,2023-11-02,2023-09-30,1995000000.0,2023-11-02,2023-09-30,822000000.0,2023-11-02,2023-09-30,3212000000.0,2023-11-02,2023-09-30,329000000.0,2023-11-02,2023-09-30,2741000000.0,2023-11-02,2023-09-30,3256000000.0,2023-11-02,2023-09-30,16124000000.0,2023-11-02,2023-09-30,13383000000.0,2023-11-02,2023-09-30,,,,50338945.0,2023-11-02,2023-09-30,16.36,2023-11-02,2023-09-30,2023-11-02,https://github.com/deeleeramone/sec-company-facts/releases/download/parquet-latest/facts_enc-b00006.parquet,True
MELI,Consumer,2024-03-31,1099590,MERCADOLIBRE INC,https://github.com/deeleeramone/sec-company-facts/releases/download/parquet-latest/primary_tickers.parquet,DOLTHUB_SEC_PARQUET_MIRROR,YAHOO_CHART,2024-03-28,1511.9599609375,,,https://query1.finance.yahoo.com/v8/finance/chart/MELI?period1=1577836800&period2=1783296000&interval=1d&events=history&includeAdjustedClose=true,SKIPPED_IN_CORE_SMOKE,4261000000.0,2024-02-23,2023-12-31,1955000000.0,2024-02-23,2023-12-31,165000000.0,2024-02-23,2023-12-31,5140000000.0,2024-02-23,2023-12-31,509000000.0,2024-02-23,2023-12-31,3071000000.0,2024-02-23,2023-12-31,3848000000.0,2024-02-23,2023-12-31,17646000000.0,2024-02-23,2023-12-31,14575000000.0,2024-02-23,2023-12-31,,,,51006860.0,2024-02-23,2023-12-31,3.25,2024-02-23,2023-12-31,2024-02-23,https://github.com/deeleeramone/sec-company-facts/releases/download/parquet-latest/facts_enc-b00006.parquet,True
MELI,Consumer,2024-06-30,1099590,MERCADOLIBRE INC,https://github.com/deeleeramone/sec-company-facts/releases/download/parquet-latest/primary_tickers.parquet,DOLTHUB_SEC_PARQUET_MIRROR,YAHOO_CHART,2024-06-28,1643.4000244140625,,,https://query1.finance.yahoo.com/v8/finance/chart/MELI?period1=1577836800&period2=1783296000&interval=1d&events=history&includeAdjustedClose=true,SKIPPED_IN_CORE_SMOKE,3099000000.0,2024-05-03,2024-03-31,2024000000.0,2024-05-03,2024-03-31,344000000.0,2024-05-03,2024-03-31,1512000000.0,2024-05-03,2024-03-31,146000000.0,2024-05-03,2024-03-31,3390000000.0,2024-05-03,2024-03-31,3818000000.0,2024-05-03,2024-03-31,19062000000.0,2024-05-03,2024-03-31,15672000000.0,2024-05-03,2024-03-31,,,,50697442.0,2024-05-03,2024-03-31,6.78,2024-05-03,2024-03-31,2024-05-03,https://github.com/deeleeramone/sec-company-facts/releases/download/parquet-latest/facts_enc-b00006.parquet,True
MELI,Consumer,2024-09-30,1099590,MERCADOLIBRE INC,https://github.com/deeleeramone/sec-company-facts/releases/download/parquet-latest/primary_tickers.parquet,DOLTHUB_SEC_PARQUET_MIRROR,YAHOO_CHART,2024-09-30,2051.9599609375,,,https://query1.finance.yahoo.com/v8/finance/chart/MELI?period1=1577836800&period2=1783296000&interval=1d&events=history&includeAdjustedClose=true,SKIPPED_IN_CORE_SMOKE,3765000000.0,2024-08-02,2024-06-30,2365000000.0,2024-08-02,2024-06-30,875000000.0,2024-08-02,2024-06-30,3394000000.0,2024-08-02,2024-06-30,329000000.0,2024-08-02,2024-06-30,3656000000.0,2024-08-02,2024-06-30,3823000000.0,2024-08-02,2024-06-30,20030000000.0,2024-08-02,2024-06-30,16374000000.0,2024-08-02,2024-06-30,,,,50697447.0,2024-08-02,2024-06-30,10.48,2024-08-02,2024-06-30,2024-08-02,https://github.com/deeleeramone/sec-company-facts/releases/download/parquet-latest/facts_enc-b00006.parquet,True
MELI,Consumer,2024-12-31,1099590,MERCADOLIBRE INC,https://github.com/deeleeramone/sec-company-facts/releases/download/parquet-latest/primary_tickers.parquet,DOLTHUB_SEC_PARQUET_MIRROR,YAHOO_CHART,2024-12-31,1700.43994140625,,,https://query1.finance.yahoo.com/v8/finance/chart/MELI?period1=1577836800&period2=1783296000&interval=1d&events=history&includeAdjustedClose=true,SKIPPED_IN_CORE_SMOKE,10701000000.0,2024-11-07,2024-09-30,6828000000.0,2024-11-07,2024-09-30,1272000000.0,2024-11-07,2024-09-30,4994000000.0,2024-11-07,2024-09-30,551000000.0,2024-11-07,2024-09-30,4002000000.0,2024-11-07,2024-09-30,2162000000.0,2024-11-07,2024-09-30,22623000000.0,2024-11-07,2024-09-30,18621000000.0,2024-11-07,2024-09-30,,,,50697438.0,2024-11-07,2024-09-30,7.83,2024-11-07,2024-09-30,2024-11-07,https://github.com/deeleeramone/sec-company-facts/releases/download/parquet-latest/facts_enc-b00006.parquet,True
MELI,Consumer,2025-03-31,1099590,MERCADOLIBRE INC,https://github.com/deeleeramone/sec-company-facts/releases/download/parquet-latest/primary_tickers.parquet,DOLTHUB_SEC_PARQUET_MIRROR,YAHOO_CHART,2025-03-31,1950.8699951171875,,,https://query1.finance.yahoo.com/v8/finance/chart/MELI?period1=1577836800&period2=1783296000&interval=1d&events=history&includeAdjustedClose=true,SKIPPED_IN_CORE_SMOKE,20777000000.0,2025-02-21,2024-12-31,9577000000.0,2025-02-21,2024-12-31,1911000000.0,2025-02-21,2024-12-31,7918000000.0,2025-02-21,2024-12-31,551000000.0,2024-11-07,2024-09-30,4351000000.0,2025-02-21,2024-12-31,4699000000.0,2025-02-21,2024-12-31,25196000000.0,2025-02-21,2024-12-31,20845000000.0,2025-02-21,2024-12-31,,,,50697428.0,2025-02-21,2024-12-31,37.69,2025-02-21,2024-12-31,2025-02-21,https://github.com/deeleeramone/sec-company-facts/releases/download/parquet-latest/facts_enc-b00006.parquet,True
MELI,Consumer,2025-06-30,1099590,MERCADOLIBRE INC,https://github.com/deeleeramone/sec-company-facts/releases/download/parquet-latest/primary_tickers.parquet,DOLTHUB_SEC_PARQUET_MIRROR,YAHOO_CHART,2025-06-30,2613.6298828125,,,https://query1.finance.yahoo.com/v8/finance/chart/MELI?period1=1577836800&period2=1783296000&interval=1d&events=history&includeAdjustedClose=true,SKIPPED_IN_CORE_SMOKE,4191000000.0,2025-05-08,2025-03-31,2771000000.0,2025-05-08,2025-03-31,494000000.0,2025-05-08,2025-03-31,1031000000.0,2025-05-08,2025-03-31,551000000.0,2024-11-07,2024-09-30,5004000000.0,2025-05-08,2025-03-31,2977000000.0,2025-05-08,2025-03-31,27682000000.0,2025-05-08,2025-03-31,22678000000.0,2025-05-08,2025-03-31,,,,50697375.0,2025-05-08,2025-03-31,9.74,2025-05-08,2025-03-31,2025-05-08,https://github.com/deeleeramone/sec-company-facts/releases/download/parquet-latest/facts_enc-b00006.parquet,True
MELI,Consumer,2025-09-30,1099590,MERCADOLIBRE INC,https://github.com/deeleeramone/sec-company-facts/releases/download/parquet-latest/primary_tickers.parquet,DOLTHUB_SEC_PARQUET_MIRROR,YAHOO_CHART,2025-09-30,2336.93994140625,,,https://query1.finance.yahoo.com/v8/finance/chart/MELI?period1=1577836800&period2=1783296000&interval=1d&events=history&includeAdjustedClose=true,SKIPPED_IN_CORE_SMOKE,8994000000.0,2025-08-05,2025-06-30,5865000000.0,2025-08-05,2025-06-30,1017000000.0,2025-08-05,2025-06-30,3948000000.0,2025-08-05,2025-06-30,551000000.0,2024-11-07,2024-09-30,5713000000.0,2025-08-05,2025-06-30,3008000000.0,2025-08-05,2025-06-30,32948000000.0,2025-08-05,2025-06-30,27235000000.0,2025-08-05,2025-06-30,,,,50697375.0,2025-08-05,2025-06-30,10.31,2025-08-05,2025-06-30,2025-08-05,https://github.com/deeleeramone/sec-company-facts/releases/download/parquet-latest/facts_enc-b00006.parquet,True
MELI,Consumer,2025-12-31,1099590,MERCADOLIBRE INC,https://github.com/deeleeramone/sec-company-facts/releases/download/parquet-latest/primary_tickers.parquet,DOLTHUB_SEC_PARQUET_MIRROR,YAHOO_CHART,2025-12-31,2014.260009765625,,,https://query1.finance.yahoo.com/v8/finance/chart/MELI?period1=1577836800&period2=1783296000&interval=1d&events=history&includeAdjustedClose=true,SKIPPED_IN_CORE_SMOKE,5205000000.0,2025-10-30,2025-09-30,9074000000.0,2025-10-30,2025-09-30,1438000000.0,2025-10-30,2025-09-30,6907000000.0,2025-10-30,2025-09-30,551000000.0,2024-11-07,2024-09-30,6218000000.0,2025-10-30,2025-09-30,9199000000.0,2025-10-30,2025-09-30,36691000000.0,2025-10-30,2025-09-30,30473000000.0,2025-10-30,2025-09-30,,,,50697284.0,2025-10-30,2025-09-30,8.32,2025-10-30,2025-09-30,2025-10-30,https://github.com/deeleeramone/sec-company-facts/releases/download/parquet-latest/facts_enc-b00006.parquet,True
MELI,Consumer,2026-03-31,1099590,MERCADOLIBRE INC,https://github.com/deeleeramone/sec-company-facts/releases/download/parquet-latest/primary_tickers.parquet,DOLTHUB_SEC_PARQUET_MIRROR,YAHOO_CHART,2026-03-31,1729.02001953125,,,https://query1.finance.yahoo.com/v8/finance/chart/MELI?period1=1577836800&period2=1783296000&interval=1d&events=history&includeAdjustedClose=true,SKIPPED_IN_CORE_SMOKE,28893000000.0,2026-02-25,2025-12-31,12858000000.0,2026-02-25,2025-12-31,1997000000.0,2026-02-25,2025-12-31,12116000000.0,2026-02-25,2025-12-31,551000000.0,2024-11-07,2024-09-30,6748000000.0,2026-02-25,2025-12-31,13537000000.0,2026-02-25,2025-12-31,42667000000.0,2026-02-25,2025-12-31,35919000000.0,2026-02-25,2025-12-31,,,,50697320.0,2026-02-25,2025-12-31,39.4,2026-02-25,2025-12-31,2026-02-25,https://github.com/deeleeramone/sec-company-facts/releases/download/parquet-latest/facts_enc-b00006.parquet,True
MELI,Consumer,2026-06-30,1099590,MERCADOLIBRE INC,https://github.com/deeleeramone/sec-company-facts/releases/download/parquet-latest/primary_tickers.parquet,DOLTHUB_SEC_PARQUET_MIRROR,YAHOO_CHART,2026-06-30,1697.3900146484375,,,https://query1.finance.yahoo.com/v8/finance/chart/MELI?period1=1577836800&period2=1783296000&interval=1d&events=history&includeAdjustedClose=true,SKIPPED_IN_CORE_SMOKE,8845000000.0,2026-05-08,2026-03-31,3862000000.0,2026-05-08,2026-03-31,417000000.0,2026-05-08,2026-03-31,2075000000.0,2026-05-08,2026-03-31,551000000.0,2024-11-07,2024-09-30,7281000000.0,2026-05-08,2026-03-31,3677000000.0,2026-05-08,2026-03-31,46934000000.0,2026-05-08,2026-03-31,39653000000.0,2026-05-08,2026-03-31,,,,50697298.0,2026-05-08,2026-03-31,8.23,2026-05-08,2026-03-31,2026-05-08,https://github.com/deeleeramone/sec-company-facts/releases/download/parquet-latest/facts_enc-b00006.parquet,True
V,Financials,2021-03-31,1403161,VISA INC.,https://github.com/deeleeramone/sec-company-facts/releases/download/parquet-latest/primary_tickers.parquet,DOLTHUB_SEC_PARQUET_MIRROR,YAHOO_CHART,2021-03-31,211.72999572753906,,,https://query1.finance.yahoo.com/v8/finance/chart/V?period1=1577836800&period2=1783296000&interval=1d&events=history&includeAdjustedClose=true,SKIPPED_IN_CORE_SMOKE,5687000000.0,2021-01-29,2020-12-31,,,,3126000000.0,2021-01-29,2020-12-31,3513000000.0,2021-01-29,2020-12-31,,,,37679000000.0,2021-01-29,2020-12-31,18055000000.0,2021-01-29,2020-12-31,80426000000.0,2021-01-29,2020-12-31,42747000000.0,2021-01-29,2020-12-31,0.0,2021-01-29,2020-12-31,,,,,,,2021-01-29,https://github.com/deeleeramone/sec-company-facts/releases/download/parquet-latest/facts_enc-b00025.parquet,True
V,Financials,2021-06-30,1403161,VISA INC.,https://github.com/deeleeramone/sec-company-facts/releases/download/parquet-latest/primary_tickers.parquet,DOLTHUB_SEC_PARQUET_MIRROR,YAHOO_CHART,2021-06-30,233.82000732421875,,,https://query1.finance.yahoo.com/v8/finance/chart/V?period1=1577836800&period2=1783296000&interval=1d&events=history&includeAdjustedClose=true,SKIPPED_IN_CORE_SMOKE,5729000000.0,2021-04-29,2021-03-31,,,,6152000000.0,2021-04-29,2021-03-31,6842000000.0,2021-04-29,2021-03-31,,,,37696000000.0,2021-04-29,2021-03-31,16494000000.0,2021-04-29,2021-03-31,80195000000.0,2021-04-29,2021-03-31,42499000000.0,2021-04-29,2021-03-31,20974000000.0,2021-04-29,2021-03-31,,,,,,,2021-04-29,https://github.com/deeleeramone/sec-company-facts/releases/download/parquet-latest/facts_enc-b00025.parquet,True
V,Financials,2021-09-30,1403161,VISA INC.,https://github.com/deeleeramone/sec-company-facts/releases/download/parquet-latest/primary_tickers.parquet,DOLTHUB_SEC_PARQUET_MIRROR,YAHOO_CHART,2021-09-30,222.75,,,https://query1.finance.yahoo.com/v8/finance/chart/V?period1=1577836800&period2=1783296000&interval=1d&events=history&includeAdjustedClose=true,SKIPPED_IN_CORE_SMOKE,6130000000.0,2021-07-29,2021-06-30,,,,8727000000.0,2021-07-29,2021-06-30,11256000000.0,2021-07-29,2021-06-30,,,,37790000000.0,2021-07-29,2021-06-30,18034000000.0,2021-07-29,2021-06-30,82671000000.0,2021-07-29,2021-06-30,44881000000.0,2021-07-29,2021-06-30,20996000000.0,2021-07-29,2021-06-30,,,,,,,2021-07-29,https://github.com/deeleeramone/sec-company-facts/releases/download/parquet-latest/facts_enc-b00025.parquet,True
V,Financials,2021-12-31,1403161,VISA INC.,https://github.com/deeleeramone/sec-company-facts/releases/download/parquet-latest/primary_tickers.parquet,DOLTHUB_SEC_PARQUET_MIRROR,YAHOO_CHART,2021-12-31,216.7100067138672,,,https://query1.finance.yahoo.com/v8/finance/chart/V?period1=1577836800&period2=1783296000&interval=1d&events=history&includeAdjustedClose=true,SKIPPED_IN_CORE_SMOKE,24105000000.0,2021-11-18,2021-09-30,,,,12311000000.0,2021-11-18,2021-09-30,15227000000.0,2021-11-18,2021-09-30,,,,37589000000.0,2021-11-18,2021-09-30,16487000000.0,2021-11-18,2021-09-30,82896000000.0,2021-11-18,2021-09-30,45307000000.0,2021-11-18,2021-09-30,999000000.0,2021-11-18,2021-09-30,,,,,,,2021-11-18,https://github.com/deeleeramone/sec-company-facts/releases/download/parquet-latest/facts_enc-b00025.parquet,True
V,Financials,2022-03-31,1403161,VISA INC.,https://github.com/deeleeramone/sec-company-facts/releases/download/parquet-latest/primary_tickers.parquet,DOLTHUB_SEC_PARQUET_MIRROR,YAHOO_CHART,2022-03-31,221.77000427246094,,,https://query1.finance.yahoo.com/v8/finance/chart/V?period1=1577836800&period2=1783296000&interval=1d&events=history&includeAdjustedClose=true,SKIPPED_IN_CORE_SMOKE,7059000000.0,2022-01-28,2021-12-31,,,,3959000000.0,2022-01-28,2021-12-31,4232000000.0,2022-01-28,2021-12-31,,,,36194000000.0,2022-01-28,2021-12-31,14720000000.0,2022-01-28,2021-12-31,81929000000.0,2022-01-28,2021-12-31,45735000000.0,2022-01-28,2021-12-31,17673000000.0,2022-01-28,2021-12-31,,,,,,,2022-01-28,https://github.com/deeleeramone/sec-company-facts/releases/download/parquet-latest/facts_enc-b00025.parquet,True
V,Financials,2022-06-30,1403161,VISA INC.,https://github.com/deeleeramone/sec-company-facts/releases/download/parquet-latest/primary_tickers.parquet,DOLTHUB_SEC_PARQUET_MIRROR,YAHOO_CHART,2022-06-30,196.88999938964844,,,https://query1.finance.yahoo.com/v8/finance/chart/V?period1=1577836800&period2=1783296000&interval=1d&events=history&includeAdjustedClose=true,SKIPPED_IN_CORE_SMOKE,14248000000.0,2022-04-28,2022-03-31,,,,3647000000.0,2022-04-28,2022-03-31,7721000000.0,2022-04-28,2022-03-31,,,,35989000000.0,2022-04-28,2022-03-31,16516000000.0,2022-04-28,2022-03-31,81808000000.0,2022-04-28,2022-03-31,45819000000.0,2022-04-28,2022-03-31,17479000000.0,2022-04-28,2022-03-31,,,,,,,2022-04-28,https://github.com/deeleeramone/sec-company-facts/releases/download/parquet-latest/facts_enc-b00025.parquet,True
V,Financials,2022-09-30,1403161,VISA INC.,https://github.com/deeleeramone/sec-company-facts/releases/download/parquet-latest/primary_tickers.parquet,DOLTHUB_SEC_PARQUET_MIRROR,YAHOO_CHART,2022-09-30,177.64999389648438,,,https://query1.finance.yahoo.com/v8/finance/chart/V?period1=1577836800&period2=1783296000&interval=1d&events=history&includeAdjustedClose=true,SKIPPED_IN_CORE_SMOKE,21523000000.0,2022-07-28,2022-06-30,,,,3411000000.0,2022-07-28,2022-06-30,12973000000.0,2022-07-28,2022-06-30,,,,35483000000.0,2022-07-28,2022-06-30,14047000000.0,2022-07-28,2022-06-30,85410000000.0,2022-07-28,2022-06-30,49927000000.0,2022-07-28,2022-06-30,20546000000.0,2022-07-28,2022-06-30,,,,,,,2022-07-28,https://github.com/deeleeramone/sec-company-facts/releases/download/parquet-latest/facts_enc-b00025.parquet,True
V,Financials,2022-12-31,1403161,VISA INC.,https://github.com/deeleeramone/sec-company-facts/releases/download/parquet-latest/primary_tickers.parquet,DOLTHUB_SEC_PARQUET_MIRROR,YAHOO_CHART,2022-12-30,207.75999450683594,,,https://query1.finance.yahoo.com/v8/finance/chart/V?period1=1577836800&period2=1783296000&interval=1d&events=history&includeAdjustedClose=true,SKIPPED_IN_CORE_SMOKE,29310000000.0,2022-11-16,2022-09-30,,,,14957000000.0,2022-11-16,2022-09-30,18849000000.0,2022-11-16,2022-09-30,,,,35581000000.0,2022-11-16,2022-09-30,20377000000.0,2022-11-16,2022-09-30,85501000000.0,2022-11-16,2022-09-30,49920000000.0,2022-11-16,2022-09-30,20200000000.0,2022-11-16,2022-09-30,,,,,,,2022-11-16,https://github.com/deeleeramone/sec-company-facts/releases/download/parquet-latest/facts_enc-b00025.parquet,True
V,Financials,2023-03-31,1403161,VISA INC.,https://github.com/deeleeramone/sec-company-facts/releases/download/parquet-latest/primary_tickers.parquet,DOLTHUB_SEC_PARQUET_MIRROR,YAHOO_CHART,2023-03-31,225.4600067138672,,,https://query1.finance.yahoo.com/v8/finance/chart/V?period1=1577836800&period2=1783296000&interval=1d&events=history&includeAdjustedClose=true,SKIPPED_IN_CORE_SMOKE,7936000000.0,2023-01-27,2022-12-31,,,,4179000000.0,2023-01-27,2022-12-31,4171000000.0,2023-01-27,2022-12-31,,,,36924000000.0,2023-01-27,2022-12-31,13334000000.0,2023-01-27,2022-12-31,85387000000.0,2023-01-27,2022-12-31,48463000000.0,2023-01-27,2022-12-31,20487000000.0,2023-01-27,2022-12-31,,,,,,,2023-01-27,https://github.com/deeleeramone/sec-company-facts/releases/download/parquet-latest/facts_enc-b00025.parquet,True
V,Financials,2023-06-30,1403161,VISA INC.,https://github.com/deeleeramone/sec-company-facts/releases/download/parquet-latest/primary_tickers.parquet,DOLTHUB_SEC_PARQUET_MIRROR,YAHOO_CHART,2023-06-30,237.47999572753906,,,https://query1.finance.yahoo.com/v8/finance/chart/V?period1=1577836800&period2=1783296000&interval=1d&events=history&includeAdjustedClose=true,SKIPPED_IN_CORE_SMOKE,7985000000.0,2023-04-27,2023-03-31,,,,8436000000.0,2023-04-27,2023-03-31,8031000000.0,2023-04-27,2023-03-31,,,,38565000000.0,2023-04-27,2023-03-31,19128000000.0,2023-04-27,2023-03-31,86755000000.0,2023-04-27,2023-03-31,48190000000.0,2023-04-27,2023-03-31,0.0,2023-04-27,2023-03-31,,,,,,,2023-04-27,https://github.com/deeleeramone/sec-company-facts/releases/download/parquet-latest/facts_enc-b00025.parquet,True
V,Financials,2023-09-30,1403161,VISA INC.,https://github.com/deeleeramone/sec-company-facts/releases/download/parquet-latest/primary_tickers.parquet,DOLTHUB_SEC_PARQUET_MIRROR,YAHOO_CHART,2023-09-29,230.00999450683594,,,https://query1.finance.yahoo.com/v8/finance/chart/V?period1=1577836800&period2=1783296000&interval=1d&events=history&includeAdjustedClose=true,SKIPPED_IN_CORE_SMOKE,24044000000.0,2023-07-26,2023-06-30,,,,12592000000.0,2023-07-26,2023-06-30,13828000000.0,2023-07-26,2023-06-30,,,,38981000000.0,2023-07-26,2023-06-30,15590000000.0,2023-07-26,2023-06-30,89234000000.0,2023-07-26,2023-06-30,50253000000.0,2023-07-26,2023-06-30,20560000000.0,2023-07-26,2023-06-30,,,,,,,2023-07-26,https://github.com/deeleeramone/sec-company-facts/releases/download/parquet-latest/facts_enc-b00025.parquet,True
V,Financials,2023-12-31,1403161,VISA INC.,https://github.com/deeleeramone/sec-company-facts/releases/download/parquet-latest/primary_tickers.parquet,DOLTHUB_SEC_PARQUET_MIRROR,YAHOO_CHART,2023-12-29,260.3500061035156,,,https://query1.finance.yahoo.com/v8/finance/chart/V?period1=1577836800&period2=1783296000&interval=1d&events=history&includeAdjustedClose=true,SKIPPED_IN_CORE_SMOKE,32653000000.0,2023-11-15,2023-09-30,,,,17273000000.0,2023-11-15,2023-09-30,20755000000.0,2023-11-15,2023-09-30,,,,38733000000.0,2023-11-15,2023-09-30,21990000000.0,2023-11-15,2023-09-30,90499000000.0,2023-11-15,2023-09-30,51766000000.0,2023-11-15,2023-09-30,20463000000.0,2023-11-15,2023-09-30,,,,,,,2023-11-15,https://github.com/deeleeramone/sec-company-facts/releases/download/parquet-latest/facts_enc-b00025.parquet,True
V,Financials,2024-03-31,1403161,VISA INC.,https://github.com/deeleeramone/sec-company-facts/releases/download/parquet-latest/primary_tickers.parquet,DOLTHUB_SEC_PARQUET_MIRROR,YAHOO_CHART,2024-03-28,279.0799865722656,,,https://query1.finance.yahoo.com/v8/finance/chart/V?period1=1577836800&period2=1783296000&interval=1d&events=history&includeAdjustedClose=true,SKIPPED_IN_CORE_SMOKE,8634000000.0,2024-01-26,2023-12-31,,,,4890000000.0,2024-01-26,2023-12-31,3614000000.0,2024-01-26,2023-12-31,,,,39733000000.0,2024-01-26,2023-12-31,13591000000.0,2024-01-26,2023-12-31,91409000000.0,2024-01-26,2023-12-31,51676000000.0,2024-01-26,2023-12-31,20703000000.0,2024-01-26,2023-12-31,,,,,,,2024-01-26,https://github.com/deeleeramone/sec-company-facts/releases/download/parquet-latest/facts_enc-b00025.parquet,True
V,Financials,2024-06-30,1403161,VISA INC.,https://github.com/deeleeramone/sec-company-facts/releases/download/parquet-latest/primary_tickers.parquet,DOLTHUB_SEC_PARQUET_MIRROR,YAHOO_CHART,2024-06-28,262.4700012207031,,,https://query1.finance.yahoo.com/v8/finance/chart/V?period1=1577836800&period2=1783296000&interval=1d&events=history&includeAdjustedClose=true,SKIPPED_IN_CORE_SMOKE,17409000000.0,2024-04-24,2024-03-31,,,,9553000000.0,2024-04-24,2024-03-31,8152000000.0,2024-04-24,2024-03-31,,,,40485000000.0,2024-04-24,2024-03-31,18948000000.0,2024-04-24,2024-03-31,92399000000.0,2024-04-24,2024-03-31,51914000000.0,2024-04-24,2024-03-31,0.0,2024-04-24,2024-03-31,,,,,,,2024-04-24,https://github.com/deeleeramone/sec-company-facts/releases/download/parquet-latest/facts_enc-b00025.parquet,True
V,Financials,2024-09-30,1403161,VISA INC.,https://github.com/deeleeramone/sec-company-facts/releases/download/parquet-latest/primary_tickers.parquet,DOLTHUB_SEC_PARQUET_MIRROR,YAHOO_CHART,2024-09-30,274.95001220703125,,,https://query1.finance.yahoo.com/v8/finance/chart/V?period1=1577836800&period2=1783296000&interval=1d&events=history&includeAdjustedClose=true,SKIPPED_IN_CORE_SMOKE,8900000000.0,2024-07-24,2024-06-30,,,,4872000000.0,2024-07-24,2024-06-30,13286000000.0,2024-07-24,2024-06-30,,,,39729000000.0,2024-07-24,2024-06-30,12947000000.0,2024-07-24,2024-06-30,91040000000.0,2024-07-24,2024-06-30,51311000000.0,2024-07-24,2024-06-30,0.0,2024-07-24,2024-06-30,,,,,,,2024-07-24,https://github.com/deeleeramone/sec-company-facts/releases/download/parquet-latest/facts_enc-b00025.parquet,True
V,Financials,2024-12-31,1403161,VISA INC.,https://github.com/deeleeramone/sec-company-facts/releases/download/parquet-latest/primary_tickers.parquet,DOLTHUB_SEC_PARQUET_MIRROR,YAHOO_CHART,2024-12-31,316.0400085449219,,,https://query1.finance.yahoo.com/v8/finance/chart/V?period1=1577836800&period2=1783296000&interval=1d&events=history&includeAdjustedClose=true,SKIPPED_IN_CORE_SMOKE,35926000000.0,2024-11-13,2024-09-30,,,,19743000000.0,2024-11-13,2024-09-30,19950000000.0,2024-11-13,2024-09-30,,,,39137000000.0,2024-11-13,2024-09-30,19763000000.0,2024-11-13,2024-09-30,94511000000.0,2024-11-13,2024-09-30,55374000000.0,2024-11-13,2024-09-30,0.0,2024-11-13,2024-09-30,,,,,,,2024-11-13,https://github.com/deeleeramone/sec-company-facts/releases/download/parquet-latest/facts_enc-b00025.parquet,True
V,Financials,2025-03-31,1403161,VISA INC.,https://github.com/deeleeramone/sec-company-facts/releases/download/parquet-latest/primary_tickers.parquet,DOLTHUB_SEC_PARQUET_MIRROR,YAHOO_CHART,2025-03-31,350.4599914550781,,,https://query1.finance.yahoo.com/v8/finance/chart/V?period1=1577836800&period2=1783296000&interval=1d&events=history&includeAdjustedClose=true,SKIPPED_IN_CORE_SMOKE,9510000000.0,2025-01-31,2024-12-31,,,,5119000000.0,2025-01-31,2024-12-31,5396000000.0,2025-01-31,2024-12-31,,,,38296000000.0,2025-01-31,2024-12-31,12367000000.0,2025-01-31,2024-12-31,91888000000.0,2025-01-31,2024-12-31,53592000000.0,2025-01-31,2024-12-31,16680000000.0,2025-01-31,2024-12-31,,,,,,,2025-01-31,https://github.com/deeleeramone/sec-company-facts/releases/download/parquet-latest/facts_enc-b00025.parquet,True
V,Financials,2025-06-30,1403161,VISA INC.,https://github.com/deeleeramone/sec-company-facts/releases/download/parquet-latest/primary_tickers.parquet,DOLTHUB_SEC_PARQUET_MIRROR,YAHOO_CHART,2025-06-30,355.04998779296875,,,https://query1.finance.yahoo.com/v8/finance/chart/V?period1=1577836800&period2=1783296000&interval=1d&events=history&includeAdjustedClose=true,SKIPPED_IN_CORE_SMOKE,19104000000.0,2025-04-30,2025-03-31,,,,9696000000.0,2025-04-30,2025-03-31,10091000000.0,2025-04-30,2025-03-31,,,,38030000000.0,2025-04-30,2025-03-31,19136000000.0,2025-04-30,2025-03-31,92853000000.0,2025-04-30,2025-03-31,54823000000.0,2025-04-30,2025-03-31,16814000000.0,2025-04-30,2025-03-31,,,,,,,2025-04-30,https://github.com/deeleeramone/sec-company-facts/releases/download/parquet-latest/facts_enc-b00025.parquet,True
V,Financials,2025-09-30,1403161,VISA INC.,https://github.com/deeleeramone/sec-company-facts/releases/download/parquet-latest/primary_tickers.parquet,DOLTHUB_SEC_PARQUET_MIRROR,YAHOO_CHART,2025-09-30,341.3800048828125,,,https://query1.finance.yahoo.com/v8/finance/chart/V?period1=1577836800&period2=1783296000&interval=1d&events=history&includeAdjustedClose=true,SKIPPED_IN_CORE_SMOKE,29276000000.0,2025-07-30,2025-06-30,,,,5272000000.0,2025-07-30,2025-06-30,16821000000.0,2025-07-30,2025-06-30,,,,38664000000.0,2025-07-30,2025-06-30,17092000000.0,2025-07-30,2025-06-30,100024000000.0,2025-07-30,2025-06-30,61360000000.0,2025-07-30,2025-06-30,5548000000.0,2025-07-30,2025-06-30,,,,,,,2025-07-30,https://github.com/deeleeramone/sec-company-facts/releases/download/parquet-latest/facts_enc-b00025.parquet,True
V,Financials,2025-12-31,1403161,VISA INC.,https://github.com/deeleeramone/sec-company-facts/releases/download/parquet-latest/primary_tickers.parquet,DOLTHUB_SEC_PARQUET_MIRROR,YAHOO_CHART,2025-12-31,350.7099914550781,,,https://query1.finance.yahoo.com/v8/finance/chart/V?period1=1577836800&period2=1783296000&interval=1d&events=history&includeAdjustedClose=true,SKIPPED_IN_CORE_SMOKE,40000000000.0,2025-11-06,2025-09-30,,,,20058000000.0,2025-11-06,2025-09-30,23059000000.0,2025-11-06,2025-09-30,,,,37909000000.0,2025-11-06,2025-09-30,24987000000.0,2025-11-06,2025-09-30,99627000000.0,2025-11-06,2025-09-30,61718000000.0,2025-11-06,2025-09-30,5569000000.0,2025-11-06,2025-09-30,,,,,,,2025-11-06,https://github.com/deeleeramone/sec-company-facts/releases/download/parquet-latest/facts_enc-b00025.parquet,True
V,Financials,2026-03-31,1403161,VISA INC.,https://github.com/deeleeramone/sec-company-facts/releases/download/parquet-latest/primary_tickers.parquet,DOLTHUB_SEC_PARQUET_MIRROR,YAHOO_CHART,2026-03-31,302.239990234375,,,https://query1.finance.yahoo.com/v8/finance/chart/V?period1=1577836800&period2=1783296000&interval=1d&events=history&includeAdjustedClose=true,SKIPPED_IN_CORE_SMOKE,10901000000.0,2026-01-30,2025-12-31,,,,5853000000.0,2026-01-30,2025-12-31,6780000000.0,2026-01-30,2025-12-31,,,,38777000000.0,2026-01-30,2025-12-31,14756000000.0,2026-01-30,2025-12-31,96814000000.0,2026-01-30,2025-12-31,58037000000.0,2026-01-30,2025-12-31,1589000000.0,2026-01-30,2025-12-31,,,,,,,2026-01-30,https://github.com/deeleeramone/sec-company-facts/releases/download/parquet-latest/facts_enc-b00025.parquet,True
V,Financials,2026-06-30,1403161,VISA INC.,https://github.com/deeleeramone/sec-company-facts/releases/download/parquet-latest/primary_tickers.parquet,DOLTHUB_SEC_PARQUET_MIRROR,YAHOO_CHART,2026-06-30,343.0899963378906,,,https://query1.finance.yahoo.com/v8/finance/chart/V?period1=1577836800&period2=1783296000&interval=1d&events=history&includeAdjustedClose=true,SKIPPED_IN_CORE_SMOKE,11230000000.0,2026-04-29,2026-03-31,,,,11874000000.0,2026-04-29,2026-03-31,9788000000.0,2026-04-29,2026-03-31,,,,35661000000.0,2026-04-29,2026-03-31,12404000000.0,2026-04-29,2026-03-31,95049000000.0,2026-04-29,2026-03-31,59388000000.0,2026-04-29,2026-03-31,22417000000.0,2026-04-29,2026-03-31,,,,,,,2026-04-29,https://github.com/deeleeramone/sec-company-facts/releases/download/parquet-latest/facts_enc-b00025.parquet,True
MA,Financials,2021-03-31,1141391,Mastercard Inc,https://github.com/deeleeramone/sec-company-facts/releases/download/parquet-latest/primary_tickers.parquet,DOLTHUB_SEC_PARQUET_MIRROR,YAHOO_CHART,2021-03-31,356.04998779296875,,,https://query1.finance.yahoo.com/v8/finance/chart/MA?period1=1577836800&period2=1783296000&interval=1d&events=history&includeAdjustedClose=true,SKIPPED_IN_CORE_SMOKE,15301000000.0,2021-02-12,2020-12-31,,,,6411000000.0,2021-02-12,2020-12-31,7224000000.0,2021-02-12,2020-12-31,339000000.0,2021-02-12,2020-12-31,6391000000.0,2021-02-12,2020-12-31,10113000000.0,2021-02-12,2020-12-31,33584000000.0,2021-02-12,2020-12-31,27067000000.0,2021-02-12,2020-12-31,649000000.0,2021-02-12,2020-12-31,1006000000.0,2021-02-12,2020-12-31,6.37,2021-02-12,2020-12-31,2021-02-12,https://github.com/deeleeramone/sec-company-facts/releases/download/parquet-latest/facts_enc-b00015.parquet,True
MA,Financials,2021-06-30,1141391,Mastercard Inc,https://github.com/deeleeramone/sec-company-facts/releases/download/parquet-latest/primary_tickers.parquet,DOLTHUB_SEC_PARQUET_MIRROR,YAHOO_CHART,2021-06-30,365.0899963378906,,,https://query1.finance.yahoo.com/v8/finance/chart/MA?period1=1577836800&period2=1783296000&interval=1d&events=history&includeAdjustedClose=true,SKIPPED_IN_CORE_SMOKE,4155000000.0,2021-04-29,2021-03-31,,,,1828000000.0,2021-04-29,2021-03-31,1463000000.0,2021-04-29,2021-03-31,65000000.0,2021-04-29,2021-03-31,6327000000.0,2021-04-29,2021-03-31,9615000000.0,2021-04-29,2021-03-31,34800000000.0,2021-04-29,2021-03-31,28347000000.0,2021-04-29,2021-03-31,649000000.0,2021-04-29,2021-03-31,998000000.0,2021-04-29,2021-03-31,1.83,2021-04-29,2021-03-31,2021-04-29,https://github.com/deeleeramone/sec-company-facts/releases/download/parquet-latest/facts_enc-b00015.parquet,True
MA,Financials,2021-09-30,1141391,Mastercard Inc,https://github.com/deeleeramone/sec-company-facts/releases/download/parquet-latest/primary_tickers.parquet,DOLTHUB_SEC_PARQUET_MIRROR,YAHOO_CHART,2021-09-30,347.67999267578125,,,https://query1.finance.yahoo.com/v8/finance/chart/MA?period1=1577836800&period2=1783296000&interval=1d&events=history&includeAdjustedClose=true,SKIPPED_IN_CORE_SMOKE,8683000000.0,2021-07-29,2021-06-30,,,,3894000000.0,2021-07-29,2021-06-30,3731000000.0,2021-07-29,2021-06-30,146000000.0,2021-07-29,2021-06-30,6442000000.0,2021-07-29,2021-06-30,8623000000.0,2021-07-29,2021-06-30,34911000000.0,2021-07-29,2021-06-30,28342000000.0,2021-07-29,2021-06-30,13250000000.0,2021-07-29,2021-06-30,996000000.0,2021-07-29,2021-06-30,2.08,2021-07-29,2021-06-30,2021-07-29,https://github.com/deeleeramone/sec-company-facts/releases/download/parquet-latest/facts_enc-b00015.parquet,True
MA,Financials,2021-12-31,1141391,Mastercard Inc,https://github.com/deeleeramone/sec-company-facts/releases/download/parquet-latest/primary_tickers.parquet,DOLTHUB_SEC_PARQUET_MIRROR,YAHOO_CHART,2021-12-31,359.32000732421875,,,https://query1.finance.yahoo.com/v8/finance/chart/MA?period1=1577836800&period2=1783296000&interval=1d&events=history&includeAdjustedClose=true,SKIPPED_IN_CORE_SMOKE,21473000000.0,2021-10-28,2021-09-30,,,,2414000000.0,2021-10-28,2021-09-30,6274000000.0,2021-10-28,2021-09-30,285000000.0,2021-10-28,2021-09-30,6703000000.0,2021-10-28,2021-09-30,8841000000.0,2021-10-28,2021-09-30,35410000000.0,2021-10-28,2021-09-30,28608000000.0,2021-10-28,2021-09-30,13211000000.0,2021-10-28,2021-09-30,990000000.0,2021-10-28,2021-09-30,2.44,2021-10-28,2021-09-30,2021-10-28,https://github.com/deeleeramone/sec-company-facts/releases/download/parquet-latest/facts_enc-b00015.parquet,True
MA,Financials,2022-03-31,1141391,Mastercard Inc,https://github.com/deeleeramone/sec-company-facts/releases/download/parquet-latest/primary_tickers.parquet,DOLTHUB_SEC_PARQUET_MIRROR,YAHOO_CHART,2022-03-31,357.3800048828125,,,https://query1.finance.yahoo.com/v8/finance/chart/MA?period1=1577836800&period2=1783296000&interval=1d&events=history&includeAdjustedClose=true,SKIPPED_IN_CORE_SMOKE,18884000000.0,2022-02-11,2021-12-31,,,,8687000000.0,2022-02-11,2021-12-31,9463000000.0,2022-02-11,2021-12-31,407000000.0,2022-02-11,2021-12-31,7312000000.0,2022-02-11,2021-12-31,9902000000.0,2022-02-11,2021-12-31,37669000000.0,2022-02-11,2021-12-31,30257000000.0,2022-02-11,2021-12-31,13109000000.0,2022-02-11,2021-12-31,992000000.0,2022-02-11,2021-12-31,8.76,2022-02-11,2021-12-31,2022-02-11,https://github.com/deeleeramone/sec-company-facts/releases/download/parquet-latest/facts_enc-b00015.parquet,True
MA,Financials,2022-06-30,1141391,Mastercard Inc,https://github.com/deeleeramone/sec-company-facts/releases/download/parquet-latest/primary_tickers.parquet,DOLTHUB_SEC_PARQUET_MIRROR,YAHOO_CHART,2022-06-30,315.4800109863281,,,https://query1.finance.yahoo.com/v8/finance/chart/MA?period1=1577836800&period2=1783296000&interval=1d&events=history&includeAdjustedClose=true,SKIPPED_IN_CORE_SMOKE,8025000000.0,2022-04-28,2022-03-31,,,,2631000000.0,2022-04-28,2022-03-31,1782000000.0,2022-04-28,2022-03-31,146000000.0,2022-04-28,2022-03-31,7102000000.0,2022-04-28,2022-03-31,9215000000.0,2022-04-28,2022-03-31,37163000000.0,2022-04-28,2022-03-31,30033000000.0,2022-04-28,2022-03-31,778000000.0,2022-04-28,2022-03-31,981000000.0,2022-04-28,2022-03-31,2.68,2022-04-28,2022-03-31,2022-04-28,https://github.com/deeleeramone/sec-company-facts/releases/download/parquet-latest/facts_enc-b00015.parquet,True
MA,Financials,2022-09-30,1141391,Mastercard Inc,https://github.com/deeleeramone/sec-company-facts/releases/download/parquet-latest/primary_tickers.parquet,DOLTHUB_SEC_PARQUET_MIRROR,YAHOO_CHART,2022-09-30,284.3399963378906,,,https://query1.finance.yahoo.com/v8/finance/chart/MA?period1=1577836800&period2=1783296000&interval=1d&events=history&includeAdjustedClose=true,SKIPPED_IN_CORE_SMOKE,16729000000.0,2022-07-28,2022-06-30,,,,2275000000.0,2022-07-28,2022-06-30,4239000000.0,2022-07-28,2022-06-30,201000000.0,2022-07-28,2022-06-30,6236000000.0,2022-07-28,2022-06-30,5921000000.0,2022-07-28,2022-06-30,36231000000.0,2022-07-28,2022-06-30,29969000000.0,2022-07-28,2022-06-30,735000000.0,2022-07-28,2022-06-30,974000000.0,2022-07-28,2022-06-30,5.02,2022-07-28,2022-06-30,2022-07-28,https://github.com/deeleeramone/sec-company-facts/releases/download/parquet-latest/facts_enc-b00015.parquet,True
MA,Financials,2022-12-31,1141391,Mastercard Inc,https://github.com/deeleeramone/sec-company-facts/releases/download/parquet-latest/primary_tickers.parquet,DOLTHUB_SEC_PARQUET_MIRROR,YAHOO_CHART,2022-12-30,347.7300109863281,,,https://query1.finance.yahoo.com/v8/finance/chart/MA?period1=1577836800&period2=1783296000&interval=1d&events=history&includeAdjustedClose=true,SKIPPED_IN_CORE_SMOKE,5756000000.0,2022-10-27,2022-09-30,,,,2499000000.0,2022-10-27,2022-09-30,8095000000.0,2022-10-27,2022-09-30,312000000.0,2022-10-27,2022-09-30,6423000000.0,2022-10-27,2022-09-30,9776000000.0,2022-10-27,2022-09-30,37612000000.0,2022-10-27,2022-09-30,31169000000.0,2022-10-27,2022-09-30,13577000000.0,2022-10-27,2022-09-30,974000000.0,2022-10-27,2022-09-30,7.6,2022-10-27,2022-09-30,2022-10-27,https://github.com/deeleeramone/sec-company-facts/releases/download/parquet-latest/facts_enc-b00015.parquet,True
MA,Financials,2023-03-31,1141391,Mastercard Inc,https://github.com/deeleeramone/sec-company-facts/releases/download/parquet-latest/primary_tickers.parquet,DOLTHUB_SEC_PARQUET_MIRROR,YAHOO_CHART,2023-03-31,363.4100036621094,,,https://query1.finance.yahoo.com/v8/finance/chart/MA?period1=1577836800&period2=1783296000&interval=1d&events=history&includeAdjustedClose=true,SKIPPED_IN_CORE_SMOKE,22237000000.0,2023-02-14,2022-12-31,,,,9930000000.0,2023-02-14,2022-12-31,11195000000.0,2023-02-14,2022-12-31,442000000.0,2023-02-14,2022-12-31,6298000000.0,2023-02-14,2022-12-31,7008000000.0,2023-02-14,2022-12-31,38724000000.0,2023-02-14,2022-12-31,32347000000.0,2023-02-14,2022-12-31,274000000.0,2023-02-14,2022-12-31,971000000.0,2023-02-14,2022-12-31,10.22,2023-02-14,2022-12-31,2023-02-14,https://github.com/deeleeramone/sec-company-facts/releases/download/parquet-latest/facts_enc-b00015.parquet,True
MA,Financials,2023-06-30,1141391,Mastercard Inc,https://github.com/deeleeramone/sec-company-facts/releases/download/parquet-latest/primary_tickers.parquet,DOLTHUB_SEC_PARQUET_MIRROR,YAHOO_CHART,2023-06-30,393.29998779296875,,,https://query1.finance.yahoo.com/v8/finance/chart/MA?period1=1577836800&period2=1783296000&interval=1d&events=history&includeAdjustedClose=true,SKIPPED_IN_CORE_SMOKE,5748000000.0,2023-04-27,2023-03-31,,,,2361000000.0,2023-04-27,2023-03-31,1919000000.0,2023-04-27,2023-03-31,110000000.0,2023-04-27,2023-03-31,5386000000.0,2023-04-27,2023-03-31,8800000000.0,2023-04-27,2023-03-31,38936000000.0,2023-04-27,2023-03-31,33529000000.0,2023-04-27,2023-03-31,276000000.0,2023-04-27,2023-03-31,956000000.0,2023-04-27,2023-03-31,2.47,2023-04-27,2023-03-31,2023-04-27,https://github.com/deeleeramone/sec-company-facts/releases/download/parquet-latest/facts_enc-b00015.parquet,True
MA,Financials,2023-09-30,1141391,Mastercard Inc,https://github.com/deeleeramone/sec-company-facts/releases/download/parquet-latest/primary_tickers.parquet,DOLTHUB_SEC_PARQUET_MIRROR,YAHOO_CHART,2023-09-29,395.9100036621094,,,https://query1.finance.yahoo.com/v8/finance/chart/MA?period1=1577836800&period2=1783296000&interval=1d&events=history&includeAdjustedClose=true,SKIPPED_IN_CORE_SMOKE,6269000000.0,2023-07-27,2023-06-30,,,,2845000000.0,2023-07-27,2023-06-30,4617000000.0,2023-07-27,2023-06-30,190000000.0,2023-07-27,2023-06-30,5557000000.0,2023-07-27,2023-06-30,6170000000.0,2023-07-27,2023-06-30,39004000000.0,2023-07-27,2023-06-30,33425000000.0,2023-07-27,2023-06-30,14284000000.0,2023-07-27,2023-06-30,949000000.0,2023-07-27,2023-06-30,3.0,2023-07-27,2023-06-30,2023-07-27,https://github.com/deeleeramone/sec-company-facts/releases/download/parquet-latest/facts_enc-b00015.parquet,True
MA,Financials,2023-12-31,1141391,Mastercard Inc,https://github.com/deeleeramone/sec-company-facts/releases/download/parquet-latest/primary_tickers.parquet,DOLTHUB_SEC_PARQUET_MIRROR,YAHOO_CHART,2023-12-29,426.510009765625,,,https://query1.finance.yahoo.com/v8/finance/chart/MA?period1=1577836800&period2=1783296000&interval=1d&events=history&includeAdjustedClose=true,SKIPPED_IN_CORE_SMOKE,18550000000.0,2023-10-26,2023-09-30,,,,8404000000.0,2023-10-26,2023-09-30,7850000000.0,2023-10-26,2023-09-30,294000000.0,2023-10-26,2023-09-30,6311000000.0,2023-10-26,2023-09-30,8742000000.0,2023-10-26,2023-09-30,39674000000.0,2023-10-26,2023-09-30,33293000000.0,2023-10-26,2023-09-30,1337000000.0,2023-10-26,2023-09-30,943000000.0,2023-10-26,2023-09-30,8.85,2023-10-26,2023-09-30,2023-10-26,https://github.com/deeleeramone/sec-company-facts/releases/download/parquet-latest/facts_enc-b00015.parquet,True
MA,Financials,2024-03-31,1141391,Mastercard Inc,https://github.com/deeleeramone/sec-company-facts/releases/download/parquet-latest/primary_tickers.parquet,DOLTHUB_SEC_PARQUET_MIRROR,YAHOO_CHART,2024-03-28,481.57000732421875,,,https://query1.finance.yahoo.com/v8/finance/chart/MA?period1=1577836800&period2=1783296000&interval=1d&events=history&includeAdjustedClose=true,SKIPPED_IN_CORE_SMOKE,25098000000.0,2024-02-13,2023-12-31,,,,11195000000.0,2024-02-13,2023-12-31,11980000000.0,2024-02-13,2023-12-31,371000000.0,2024-02-13,2023-12-31,6929000000.0,2024-02-13,2023-12-31,10465000000.0,2024-02-13,2023-12-31,42448000000.0,2024-02-13,2023-12-31,35451000000.0,2024-02-13,2023-12-31,14344000000.0,2024-02-13,2023-12-31,946000000.0,2024-02-13,2023-12-31,11.83,2024-02-13,2023-12-31,2024-02-13,https://github.com/deeleeramone/sec-company-facts/releases/download/parquet-latest/facts_enc-b00015.parquet,True
MA,Financials,2024-06-30,1141391,Mastercard Inc,https://github.com/deeleeramone/sec-company-facts/releases/download/parquet-latest/primary_tickers.parquet,DOLTHUB_SEC_PARQUET_MIRROR,YAHOO_CHART,2024-06-28,441.1600036621094,,,https://query1.finance.yahoo.com/v8/finance/chart/MA?period1=1577836800&period2=1783296000&interval=1d&events=history&includeAdjustedClose=true,SKIPPED_IN_CORE_SMOKE,6348000000.0,2024-05-01,2024-03-31,,,,3011000000.0,2024-05-01,2024-03-31,1672000000.0,2024-05-01,2024-03-31,157000000.0,2024-05-01,2024-03-31,7243000000.0,2024-05-01,2024-03-31,9187000000.0,2024-05-01,2024-03-31,42602000000.0,2024-05-01,2024-03-31,35294000000.0,2024-05-01,2024-03-31,13543000000.0,2024-05-01,2024-03-31,935000000.0,2024-05-01,2024-03-31,3.22,2024-05-01,2024-03-31,2024-05-01,https://github.com/deeleeramone/sec-company-facts/releases/download/parquet-latest/facts_enc-b00015.parquet,True
MA,Financials,2024-09-30,1141391,Mastercard Inc,https://github.com/deeleeramone/sec-company-facts/releases/download/parquet-latest/primary_tickers.parquet,DOLTHUB_SEC_PARQUET_MIRROR,YAHOO_CHART,2024-09-30,493.79998779296875,,,https://query1.finance.yahoo.com/v8/finance/chart/MA?period1=1577836800&period2=1783296000&interval=1d&events=history&includeAdjustedClose=true,SKIPPED_IN_CORE_SMOKE,13309000000.0,2024-07-31,2024-06-30,,,,6269000000.0,2024-07-31,2024-06-30,4810000000.0,2024-07-31,2024-06-30,272000000.0,2024-07-31,2024-06-30,7460000000.0,2024-07-31,2024-06-30,6996000000.0,2024-07-31,2024-06-30,42333000000.0,2024-07-31,2024-06-30,34851000000.0,2024-07-31,2024-06-30,1086000000.0,2024-07-31,2024-06-30,930000000.0,2024-07-31,2024-06-30,6.72,2024-07-31,2024-06-30,2024-07-31,https://github.com/deeleeramone/sec-company-facts/releases/download/parquet-latest/facts_enc-b00015.parquet,True
MA,Financials,2024-12-31,1141391,Mastercard Inc,https://github.com/deeleeramone/sec-company-facts/releases/download/parquet-latest/primary_tickers.parquet,DOLTHUB_SEC_PARQUET_MIRROR,YAHOO_CHART,2024-12-31,526.5700073242188,,,https://query1.finance.yahoo.com/v8/finance/chart/MA?period1=1577836800&period2=1783296000&interval=1d&events=history&includeAdjustedClose=true,SKIPPED_IN_CORE_SMOKE,7369000000.0,2024-10-31,2024-09-30,,,,3263000000.0,2024-10-31,2024-09-30,9946000000.0,2024-10-31,2024-09-30,379000000.0,2024-10-31,2024-09-30,7440000000.0,2024-10-31,2024-09-30,11063000000.0,2024-10-31,2024-09-30,47237000000.0,2024-10-31,2024-09-30,39739000000.0,2024-10-31,2024-09-30,17608000000.0,2024-10-31,2024-09-30,930000000.0,2024-10-31,2024-09-30,10.25,2024-10-31,2024-09-30,2024-10-31,https://github.com/deeleeramone/sec-company-facts/releases/download/parquet-latest/facts_enc-b00015.parquet,True
MA,Financials,2025-03-31,1141391,Mastercard Inc,https://github.com/deeleeramone/sec-company-facts/releases/download/parquet-latest/primary_tickers.parquet,DOLTHUB_SEC_PARQUET_MIRROR,YAHOO_CHART,2025-03-31,548.1199951171875,,,https://query1.finance.yahoo.com/v8/finance/chart/MA?period1=1577836800&period2=1783296000&interval=1d&events=history&includeAdjustedClose=true,SKIPPED_IN_CORE_SMOKE,28167000000.0,2025-02-12,2024-12-31,,,,12874000000.0,2025-02-12,2024-12-31,14780000000.0,2025-02-12,2024-12-31,474000000.0,2025-02-12,2024-12-31,6485000000.0,2025-02-12,2024-12-31,10808000000.0,2025-02-12,2024-12-31,48081000000.0,2025-02-12,2024-12-31,41566000000.0,2025-02-12,2024-12-31,17476000000.0,2025-02-12,2024-12-31,927000000.0,2025-02-12,2024-12-31,13.89,2025-02-12,2024-12-31,2025-02-12,https://github.com/deeleeramone/sec-company-facts/releases/download/parquet-latest/facts_enc-b00015.parquet,True
MA,Financials,2025-06-30,1141391,Mastercard Inc,https://github.com/deeleeramone/sec-company-facts/releases/download/parquet-latest/primary_tickers.parquet,DOLTHUB_SEC_PARQUET_MIRROR,YAHOO_CHART,2025-06-30,561.9400024414062,,,https://query1.finance.yahoo.com/v8/finance/chart/MA?period1=1577836800&period2=1783296000&interval=1d&events=history&includeAdjustedClose=true,SKIPPED_IN_CORE_SMOKE,7250000000.0,2025-05-01,2025-03-31,,,,3280000000.0,2025-05-01,2025-03-31,2380000000.0,2025-05-01,2025-03-31,159000000.0,2025-05-01,2025-03-31,6671000000.0,2025-05-01,2025-03-31,9982000000.0,2025-05-01,2025-03-31,48470000000.0,2025-05-01,2025-03-31,41774000000.0,2025-05-01,2025-03-31,0.0,2025-05-01,2025-03-31,914000000.0,2025-05-01,2025-03-31,3.59,2025-05-01,2025-03-31,2025-05-01,https://github.com/deeleeramone/sec-company-facts/releases/download/parquet-latest/facts_enc-b00015.parquet,True
MA,Financials,2025-09-30,1141391,Mastercard Inc,https://github.com/deeleeramone/sec-company-facts/releases/download/parquet-latest/primary_tickers.parquet,DOLTHUB_SEC_PARQUET_MIRROR,YAHOO_CHART,2025-09-30,568.8099975585938,,,https://query1.finance.yahoo.com/v8/finance/chart/MA?period1=1577836800&period2=1783296000&interval=1d&events=history&includeAdjustedClose=true,SKIPPED_IN_CORE_SMOKE,15383000000.0,2025-07-31,2025-06-30,,,,6981000000.0,2025-07-31,2025-06-30,6983000000.0,2025-07-31,2025-06-30,199000000.0,2025-07-31,2025-06-30,7874000000.0,2025-07-31,2025-06-30,11572000000.0,2025-07-31,2025-06-30,51431000000.0,2025-07-31,2025-06-30,43557000000.0,2025-07-31,2025-06-30,18970000000.0,2025-07-31,2025-06-30,909000000.0,2025-07-31,2025-06-30,7.66,2025-07-31,2025-06-30,2025-07-31,https://github.com/deeleeramone/sec-company-facts/releases/download/parquet-latest/facts_enc-b00015.parquet,True
MA,Financials,2025-12-31,1141391,Mastercard Inc,https://github.com/deeleeramone/sec-company-facts/releases/download/parquet-latest/primary_tickers.parquet,DOLTHUB_SEC_PARQUET_MIRROR,YAHOO_CHART,2025-12-31,570.8800048828125,,,https://query1.finance.yahoo.com/v8/finance/chart/MA?period1=1577836800&period2=1783296000&interval=1d&events=history&includeAdjustedClose=true,SKIPPED_IN_CORE_SMOKE,8602000000.0,2025-10-30,2025-09-30,,,,3927000000.0,2025-10-30,2025-09-30,12646000000.0,2025-10-30,2025-09-30,377000000.0,2025-10-30,2025-09-30,7919000000.0,2025-10-30,2025-09-30,12845000000.0,2025-10-30,2025-09-30,53289000000.0,2025-10-30,2025-09-30,45370000000.0,2025-10-30,2025-09-30,18983000000.0,2025-10-30,2025-09-30,905000000.0,2025-10-30,2025-09-30,4.34,2025-10-30,2025-09-30,2025-10-30,https://github.com/deeleeramone/sec-company-facts/releases/download/parquet-latest/facts_enc-b00015.parquet,True
MA,Financials,2026-03-31,1141391,Mastercard Inc,https://github.com/deeleeramone/sec-company-facts/releases/download/parquet-latest/primary_tickers.parquet,DOLTHUB_SEC_PARQUET_MIRROR,YAHOO_CHART,2026-03-31,499.6600036621094,,,https://query1.finance.yahoo.com/v8/finance/chart/MA?period1=1577836800&period2=1783296000&interval=1d&events=history&includeAdjustedClose=true,SKIPPED_IN_CORE_SMOKE,32791000000.0,2026-02-11,2025-12-31,,,,14968000000.0,2026-02-11,2025-12-31,17648000000.0,2026-02-11,2025-12-31,489000000.0,2026-02-11,2025-12-31,7737000000.0,2026-02-11,2025-12-31,13248000000.0,2026-02-11,2025-12-31,54157000000.0,2026-02-11,2025-12-31,46411000000.0,2026-02-11,2025-12-31,749000000.0,2026-02-11,2025-12-31,906000000.0,2026-02-11,2025-12-31,16.52,2026-02-11,2025-12-31,2026-02-11,https://github.com/deeleeramone/sec-company-facts/releases/download/parquet-latest/facts_enc-b00015.parquet,True
MA,Financials,2026-06-30,1141391,Mastercard Inc,https://github.com/deeleeramone/sec-company-facts/releases/download/parquet-latest/primary_tickers.parquet,DOLTHUB_SEC_PARQUET_MIRROR,YAHOO_CHART,2026-06-30,513.5999755859375,,,https://query1.finance.yahoo.com/v8/finance/chart/MA?period1=1577836800&period2=1783296000&interval=1d&events=history&includeAdjustedClose=true,SKIPPED_IN_CORE_SMOKE,8398000000.0,2026-04-30,2026-03-31,,,,3882000000.0,2026-04-30,2026-03-31,2999000000.0,2026-04-30,2026-03-31,154000000.0,2026-04-30,2026-03-31,6719000000.0,2026-04-30,2026-03-31,10764000000.0,2026-04-30,2026-03-31,52449000000.0,2026-04-30,2026-03-31,45727000000.0,2026-04-30,2026-03-31,1748000000.0,2026-04-30,2026-03-31,893000000.0,2026-04-30,2026-03-31,4.35,2026-04-30,2026-03-31,2026-04-30,https://github.com/deeleeramone/sec-company-facts/releases/download/parquet-latest/facts_enc-b00015.parquet,True
ICE,Financials,2021-03-31,1571949,"Intercontinental Exchange, Inc.",https://github.com/deeleeramone/sec-company-facts/releases/download/parquet-latest/primary_tickers.parquet,DOLTHUB_SEC_PARQUET_MIRROR,YAHOO_CHART,2021-03-31,111.68000030517578,,,https://query1.finance.yahoo.com/v8/finance/chart/ICE?period1=1577836800&period2=1783296000&interval=1d&events=history&includeAdjustedClose=true,SKIPPED_IN_CORE_SMOKE,8244000000.0,2021-02-04,2020-12-31,4365000000.0,2020-10-29,2020-09-30,2089000000.0,2021-02-04,2020-12-31,2881000000.0,2021-02-04,2020-12-31,207000000.0,2021-02-04,2020-12-31,19498000000.0,2021-02-04,2020-12-31,1991000000.0,2021-02-04,2020-12-31,126200000000.0,2021-02-04,2020-12-31,106573000000.0,2021-02-04,2020-12-31,14126000000.0,2021-02-04,2020-12-31,555000000.0,2021-02-04,2020-12-31,3.77,2021-02-04,2020-12-31,2021-02-04,https://github.com/deeleeramone/sec-company-facts/releases/download/parquet-latest/facts_enc-b00045.parquet,True
ICE,Financials,2021-06-30,1571949,"Intercontinental Exchange, Inc.",https://github.com/deeleeramone/sec-company-facts/releases/download/parquet-latest/primary_tickers.parquet,DOLTHUB_SEC_PARQUET_MIRROR,YAHOO_CHART,2021-06-30,118.69999694824219,,,https://query1.finance.yahoo.com/v8/finance/chart/ICE?period1=1577836800&period2=1783296000&interval=1d&events=history&includeAdjustedClose=true,SKIPPED_IN_CORE_SMOKE,2429000000.0,2021-04-29,2021-03-31,4365000000.0,2020-10-29,2020-09-30,650000000.0,2021-04-29,2021-03-31,734000000.0,2021-04-29,2021-03-31,40000000.0,2021-04-29,2021-03-31,19994000000.0,2021-04-29,2021-03-31,562000000.0,2021-04-29,2021-03-31,128045000000.0,2021-04-29,2021-03-31,107960000000.0,2021-04-29,2021-03-31,14131000000.0,2021-04-29,2021-03-31,565000000.0,2021-04-29,2021-03-31,1.14,2021-04-29,2021-03-31,2021-04-29,https://github.com/deeleeramone/sec-company-facts/releases/download/parquet-latest/facts_enc-b00045.parquet,True
ICE,Financials,2021-09-30,1571949,"Intercontinental Exchange, Inc.",https://github.com/deeleeramone/sec-company-facts/releases/download/parquet-latest/primary_tickers.parquet,DOLTHUB_SEC_PARQUET_MIRROR,YAHOO_CHART,2021-09-30,114.81999969482422,,,https://query1.finance.yahoo.com/v8/finance/chart/ICE?period1=1577836800&period2=1783296000&interval=1d&events=history&includeAdjustedClose=true,SKIPPED_IN_CORE_SMOKE,2134000000.0,2021-07-29,2021-06-30,4365000000.0,2020-10-29,2020-09-30,1903000000.0,2021-07-29,2021-06-30,1607000000.0,2021-07-29,2021-06-30,95000000.0,2021-07-29,2021-06-30,21080000000.0,2021-07-29,2021-06-30,602000000.0,2021-07-29,2021-06-30,134190000000.0,2021-07-29,2021-06-30,112985000000.0,2021-07-29,2021-06-30,318000000.0,2021-07-29,2021-06-30,565000000.0,2021-07-29,2021-06-30,3.36,2021-07-29,2021-06-30,2021-07-29,https://github.com/deeleeramone/sec-company-facts/releases/download/parquet-latest/facts_enc-b00045.parquet,True
ICE,Financials,2021-12-31,1571949,"Intercontinental Exchange, Inc.",https://github.com/deeleeramone/sec-company-facts/releases/download/parquet-latest/primary_tickers.parquet,DOLTHUB_SEC_PARQUET_MIRROR,YAHOO_CHART,2021-12-31,136.77000427246094,,,https://query1.finance.yahoo.com/v8/finance/chart/ICE?period1=1577836800&period2=1783296000&interval=1d&events=history&includeAdjustedClose=true,SKIPPED_IN_CORE_SMOKE,6840000000.0,2021-10-28,2021-09-30,4365000000.0,2020-10-29,2020-09-30,633000000.0,2021-10-28,2021-09-30,2130000000.0,2021-10-28,2021-09-30,117000000.0,2021-10-28,2021-09-30,21559000000.0,2021-10-28,2021-09-30,2061000000.0,2021-10-28,2021-09-30,150662000000.0,2021-10-28,2021-09-30,128983000000.0,2021-10-28,2021-09-30,12394000000.0,2021-10-28,2021-09-30,566000000.0,2021-10-28,2021-09-30,1.12,2021-10-28,2021-09-30,2021-10-28,https://github.com/deeleeramone/sec-company-facts/releases/download/parquet-latest/facts_enc-b00045.parquet,True
ICE,Financials,2022-03-31,1571949,"Intercontinental Exchange, Inc.",https://github.com/deeleeramone/sec-company-facts/releases/download/parquet-latest/primary_tickers.parquet,DOLTHUB_SEC_PARQUET_MIRROR,YAHOO_CHART,2022-03-31,132.1199951171875,,,https://query1.finance.yahoo.com/v8/finance/chart/ICE?period1=1577836800&period2=1783296000&interval=1d&events=history&includeAdjustedClose=true,SKIPPED_IN_CORE_SMOKE,9168000000.0,2022-02-03,2021-12-31,4365000000.0,2020-10-29,2020-09-30,4058000000.0,2022-02-03,2021-12-31,3123000000.0,2022-02-03,2021-12-31,179000000.0,2022-02-03,2021-12-31,22709000000.0,2022-02-03,2021-12-31,147976000000.0,2022-02-03,2021-12-31,193502000000.0,2022-02-03,2021-12-31,170754000000.0,2022-02-03,2021-12-31,12397000000.0,2022-02-03,2021-12-31,565000000.0,2022-02-03,2021-12-31,7.18,2022-02-03,2021-12-31,2022-02-03,https://github.com/deeleeramone/sec-company-facts/releases/download/parquet-latest/facts_enc-b00045.parquet,True
ICE,Financials,2022-06-30,1571949,"Intercontinental Exchange, Inc.",https://github.com/deeleeramone/sec-company-facts/releases/download/parquet-latest/primary_tickers.parquet,DOLTHUB_SEC_PARQUET_MIRROR,YAHOO_CHART,2022-06-30,94.04000091552734,,,https://query1.finance.yahoo.com/v8/finance/chart/ICE?period1=1577836800&period2=1783296000&interval=1d&events=history&includeAdjustedClose=true,SKIPPED_IN_CORE_SMOKE,2459000000.0,2022-05-05,2022-03-31,4365000000.0,2020-10-29,2020-09-30,667000000.0,2022-05-05,2022-03-31,756000000.0,2022-05-05,2022-03-31,36000000.0,2022-05-05,2022-03-31,22703000000.0,2022-05-05,2022-03-31,163291000000.0,2022-05-05,2022-03-31,208488000000.0,2022-05-05,2022-03-31,185785000000.0,2022-05-05,2022-03-31,1777000000.0,2022-05-05,2022-03-31,564000000.0,2022-05-05,2022-03-31,1.16,2022-05-05,2022-03-31,2022-05-05,https://github.com/deeleeramone/sec-company-facts/releases/download/parquet-latest/facts_enc-b00045.parquet,True
ICE,Financials,2022-09-30,1571949,"Intercontinental Exchange, Inc.",https://github.com/deeleeramone/sec-company-facts/releases/download/parquet-latest/primary_tickers.parquet,DOLTHUB_SEC_PARQUET_MIRROR,YAHOO_CHART,2022-09-30,90.3499984741211,,,https://query1.finance.yahoo.com/v8/finance/chart/ICE?period1=1577836800&period2=1783296000&interval=1d&events=history&includeAdjustedClose=true,SKIPPED_IN_CORE_SMOKE,4872000000.0,2022-08-04,2022-06-30,4365000000.0,2020-10-29,2020-09-30,566000000.0,2022-08-04,2022-06-30,1725000000.0,2022-08-04,2022-06-30,70000000.0,2022-08-04,2022-06-30,22861000000.0,2022-08-04,2022-06-30,830000000.0,2022-08-04,2022-06-30,215207000000.0,2022-08-04,2022-06-30,192346000000.0,2022-08-04,2022-06-30,18109000000.0,2022-08-04,2022-06-30,560000000.0,2022-08-04,2022-06-30,2.16,2022-08-04,2022-06-30,2022-08-04,https://github.com/deeleeramone/sec-company-facts/releases/download/parquet-latest/facts_enc-b00045.parquet,True
ICE,Financials,2022-12-31,1571949,"Intercontinental Exchange, Inc.",https://github.com/deeleeramone/sec-company-facts/releases/download/parquet-latest/primary_tickers.parquet,DOLTHUB_SEC_PARQUET_MIRROR,YAHOO_CHART,2022-12-30,102.58999633789062,,,https://query1.finance.yahoo.com/v8/finance/chart/ICE?period1=1577836800&period2=1783296000&interval=1d&events=history&includeAdjustedClose=true,SKIPPED_IN_CORE_SMOKE,2387000000.0,2022-11-03,2022-09-30,4365000000.0,2020-10-29,2020-09-30,1021000000.0,2022-11-03,2022-09-30,2462000000.0,2022-11-03,2022-09-30,125000000.0,2022-11-03,2022-09-30,22420000000.0,2022-11-03,2022-09-30,164409000000.0,2022-11-03,2022-09-30,211292000000.0,2022-11-03,2022-09-30,188872000000.0,2022-11-03,2022-09-30,18113000000.0,2022-11-03,2022-09-30,560000000.0,2022-11-03,2022-09-30,1.82,2022-11-03,2022-09-30,2022-11-03,https://github.com/deeleeramone/sec-company-facts/releases/download/parquet-latest/facts_enc-b00045.parquet,True
ICE,Financials,2023-03-31,1571949,"Intercontinental Exchange, Inc.",https://github.com/deeleeramone/sec-company-facts/releases/download/parquet-latest/primary_tickers.parquet,DOLTHUB_SEC_PARQUET_MIRROR,YAHOO_CHART,2023-03-31,104.29000091552734,,,https://query1.finance.yahoo.com/v8/finance/chart/ICE?period1=1577836800&period2=1783296000&interval=1d&events=history&includeAdjustedClose=true,SKIPPED_IN_CORE_SMOKE,9636000000.0,2023-02-02,2022-12-31,4365000000.0,2020-10-29,2020-09-30,1446000000.0,2023-02-02,2022-12-31,3554000000.0,2023-02-02,2022-12-31,225000000.0,2023-02-02,2022-12-31,22706000000.0,2023-02-02,2022-12-31,150343000000.0,2023-02-02,2022-12-31,194338000000.0,2023-02-02,2022-12-31,171577000000.0,2023-02-02,2022-12-31,18118000000.0,2023-02-02,2022-12-31,561000000.0,2023-02-02,2022-12-31,2.58,2023-02-02,2022-12-31,2023-02-02,https://github.com/deeleeramone/sec-company-facts/releases/download/parquet-latest/facts_enc-b00045.parquet,True
ICE,Financials,2023-06-30,1571949,"Intercontinental Exchange, Inc.",https://github.com/deeleeramone/sec-company-facts/releases/download/parquet-latest/primary_tickers.parquet,DOLTHUB_SEC_PARQUET_MIRROR,YAHOO_CHART,2023-06-30,113.08000183105469,,,https://query1.finance.yahoo.com/v8/finance/chart/ICE?period1=1577836800&period2=1783296000&interval=1d&events=history&includeAdjustedClose=true,SKIPPED_IN_CORE_SMOKE,2472000000.0,2023-05-04,2023-03-31,4365000000.0,2020-10-29,2020-09-30,674000000.0,2023-05-04,2023-03-31,653000000.0,2023-05-04,2023-03-31,21000000.0,2023-05-04,2023-03-31,23167000000.0,2023-05-04,2023-03-31,2069000000.0,2023-05-04,2023-03-31,151550000000.0,2023-05-04,2023-03-31,128339000000.0,2023-05-04,2023-03-31,18123000000.0,2023-05-04,2023-03-31,561000000.0,2023-05-04,2023-03-31,1.17,2023-05-04,2023-03-31,2023-05-04,https://github.com/deeleeramone/sec-company-facts/releases/download/parquet-latest/facts_enc-b00045.parquet,True
ICE,Financials,2023-09-30,1571949,"Intercontinental Exchange, Inc.",https://github.com/deeleeramone/sec-company-facts/releases/download/parquet-latest/primary_tickers.parquet,DOLTHUB_SEC_PARQUET_MIRROR,YAHOO_CHART,2023-09-29,110.0199966430664,,,https://query1.finance.yahoo.com/v8/finance/chart/ICE?period1=1577836800&period2=1783296000&interval=1d&events=history&includeAdjustedClose=true,SKIPPED_IN_CORE_SMOKE,4808000000.0,2023-08-03,2023-06-30,4365000000.0,2020-10-29,2020-09-30,1489000000.0,2023-08-03,2023-06-30,1805000000.0,2023-08-03,2023-06-30,61000000.0,2023-08-03,2023-06-30,23820000000.0,2023-08-03,2023-06-30,95412000000.0,2023-08-03,2023-06-30,136283000000.0,2023-08-03,2023-06-30,112394000000.0,2023-08-03,2023-06-30,18128000000.0,2023-08-03,2023-06-30,561000000.0,2023-08-03,2023-06-30,2.59,2023-08-03,2023-06-30,2023-08-03,https://github.com/deeleeramone/sec-company-facts/releases/download/parquet-latest/facts_enc-b00045.parquet,True
ICE,Financials,2023-12-31,1571949,"Intercontinental Exchange, Inc.",https://github.com/deeleeramone/sec-company-facts/releases/download/parquet-latest/primary_tickers.parquet,DOLTHUB_SEC_PARQUET_MIRROR,YAHOO_CHART,2023-12-29,128.42999267578125,,,https://query1.finance.yahoo.com/v8/finance/chart/ICE?period1=1577836800&period2=1783296000&interval=1d&events=history&includeAdjustedClose=true,SKIPPED_IN_CORE_SMOKE,2429000000.0,2023-11-02,2023-09-30,4365000000.0,2020-10-29,2020-09-30,559000000.0,2023-11-02,2023-09-30,2573000000.0,2023-11-02,2023-09-30,104000000.0,2023-11-02,2023-09-30,25512000000.0,2023-11-02,2023-09-30,80795000000.0,2023-11-02,2023-09-30,137022000000.0,2023-11-02,2023-09-30,111510000000.0,2023-11-02,2023-09-30,2257000000.0,2023-11-02,2023-09-30,565000000.0,2023-11-02,2023-09-30,3.55,2023-11-02,2023-09-30,2023-11-02,https://github.com/deeleeramone/sec-company-facts/releases/download/parquet-latest/facts_enc-b00045.parquet,True
ICE,Financials,2024-03-31,1571949,"Intercontinental Exchange, Inc.",https://github.com/deeleeramone/sec-company-facts/releases/download/parquet-latest/primary_tickers.parquet,DOLTHUB_SEC_PARQUET_MIRROR,YAHOO_CHART,2024-03-28,137.42999267578125,,,https://query1.finance.yahoo.com/v8/finance/chart/ICE?period1=1577836800&period2=1783296000&interval=1d&events=history&includeAdjustedClose=true,SKIPPED_IN_CORE_SMOKE,9903000000.0,2024-02-08,2023-12-31,4365000000.0,2020-10-29,2020-09-30,2438000000.0,2024-02-08,2023-12-31,3542000000.0,2024-02-08,2023-12-31,190000000.0,2024-02-08,2023-12-31,25786000000.0,2024-02-08,2023-12-31,80750000000.0,2024-02-08,2023-12-31,136084000000.0,2024-02-08,2023-12-31,110298000000.0,2024-02-08,2023-12-31,20659000000.0,2024-02-08,2023-12-31,565000000.0,2024-02-08,2023-12-31,4.19,2024-02-08,2023-12-31,2024-02-08,https://github.com/deeleeramone/sec-company-facts/releases/download/parquet-latest/facts_enc-b00045.parquet,True
ICE,Financials,2024-06-30,1571949,"Intercontinental Exchange, Inc.",https://github.com/deeleeramone/sec-company-facts/releases/download/parquet-latest/primary_tickers.parquet,DOLTHUB_SEC_PARQUET_MIRROR,YAHOO_CHART,2024-06-28,136.88999938964844,,,https://query1.finance.yahoo.com/v8/finance/chart/ICE?period1=1577836800&period2=1783296000&interval=1d&events=history&includeAdjustedClose=true,SKIPPED_IN_CORE_SMOKE,2801000000.0,2024-05-02,2024-03-31,4365000000.0,2020-10-29,2020-09-30,783000000.0,2024-05-02,2024-03-31,1009000000.0,2024-05-02,2024-03-31,58000000.0,2024-05-02,2024-03-31,26239000000.0,2024-05-02,2024-03-31,863000000.0,2024-05-02,2024-03-31,131397000000.0,2024-05-02,2024-03-31,105108000000.0,2024-05-02,2024-03-31,20068000000.0,2024-05-02,2024-03-31,575000000.0,2024-05-02,2024-03-31,1.33,2024-05-02,2024-03-31,2024-05-02,https://github.com/deeleeramone/sec-company-facts/releases/download/parquet-latest/facts_enc-b00045.parquet,True
ICE,Financials,2024-09-30,1571949,"Intercontinental Exchange, Inc.",https://github.com/deeleeramone/sec-company-facts/releases/download/parquet-latest/primary_tickers.parquet,DOLTHUB_SEC_PARQUET_MIRROR,YAHOO_CHART,2024-09-30,160.63999938964844,,,https://query1.finance.yahoo.com/v8/finance/chart/ICE?period1=1577836800&period2=1783296000&interval=1d&events=history&includeAdjustedClose=true,SKIPPED_IN_CORE_SMOKE,2897000000.0,2024-08-01,2024-06-30,4365000000.0,2020-10-29,2020-09-30,1422000000.0,2024-08-01,2024-06-30,2205000000.0,2024-08-01,2024-06-30,133000000.0,2024-08-01,2024-06-30,26744000000.0,2024-08-01,2024-06-30,82636000000.0,2024-08-01,2024-06-30,137682000000.0,2024-08-01,2024-06-30,110938000000.0,2024-08-01,2024-06-30,18573000000.0,2024-08-01,2024-06-30,575000000.0,2024-08-01,2024-06-30,1.1,2024-08-01,2024-06-30,2024-08-01,https://github.com/deeleeramone/sec-company-facts/releases/download/parquet-latest/facts_enc-b00045.parquet,True
ICE,Financials,2024-12-31,1571949,"Intercontinental Exchange, Inc.",https://github.com/deeleeramone/sec-company-facts/releases/download/parquet-latest/primary_tickers.parquet,DOLTHUB_SEC_PARQUET_MIRROR,YAHOO_CHART,2024-12-31,149.00999450683594,,,https://query1.finance.yahoo.com/v8/finance/chart/ICE?period1=1577836800&period2=1783296000&interval=1d&events=history&includeAdjustedClose=true,SKIPPED_IN_CORE_SMOKE,8731000000.0,2024-10-31,2024-09-30,4365000000.0,2020-10-29,2020-09-30,2093000000.0,2024-10-31,2024-09-30,3103000000.0,2024-10-31,2024-09-30,212000000.0,2024-10-31,2024-09-30,27233000000.0,2024-10-31,2024-09-30,755000000.0,2024-10-31,2024-09-30,135201000000.0,2024-10-31,2024-09-30,107928000000.0,2024-10-31,2024-09-30,2619000000.0,2024-10-31,2024-09-30,577000000.0,2024-10-31,2024-09-30,3.57,2024-10-31,2024-09-30,2024-10-31,https://github.com/deeleeramone/sec-company-facts/releases/download/parquet-latest/facts_enc-b00045.parquet,True
ICE,Financials,2025-03-31,1571949,"Intercontinental Exchange, Inc.",https://github.com/deeleeramone/sec-company-facts/releases/download/parquet-latest/primary_tickers.parquet,DOLTHUB_SEC_PARQUET_MIRROR,YAHOO_CHART,2025-03-31,172.5,,,https://query1.finance.yahoo.com/v8/finance/chart/ICE?period1=1577836800&period2=1783296000&interval=1d&events=history&includeAdjustedClose=true,SKIPPED_IN_CORE_SMOKE,11761000000.0,2025-02-06,2024-12-31,4365000000.0,2020-10-29,2020-09-30,2754000000.0,2025-02-06,2024-12-31,4609000000.0,2025-02-06,2024-12-31,406000000.0,2025-02-06,2024-12-31,27698000000.0,2025-02-06,2024-12-31,84503000000.0,2025-02-06,2024-12-31,139428000000.0,2025-02-06,2024-12-31,111708000000.0,2025-02-06,2024-12-31,3027000000.0,2025-02-06,2024-12-31,576000000.0,2025-02-06,2024-12-31,4.78,2025-02-06,2024-12-31,2025-02-06,https://github.com/deeleeramone/sec-company-facts/releases/download/parquet-latest/facts_enc-b00045.parquet,True
ICE,Financials,2025-06-30,1571949,"Intercontinental Exchange, Inc.",https://github.com/deeleeramone/sec-company-facts/releases/download/parquet-latest/primary_tickers.parquet,DOLTHUB_SEC_PARQUET_MIRROR,YAHOO_CHART,2025-06-30,183.47000122070312,,,https://query1.finance.yahoo.com/v8/finance/chart/ICE?period1=1577836800&period2=1783296000&interval=1d&events=history&includeAdjustedClose=true,SKIPPED_IN_CORE_SMOKE,3229000000.0,2025-05-01,2025-03-31,4365000000.0,2020-10-29,2020-09-30,812000000.0,2025-05-01,2025-03-31,966000000.0,2025-05-01,2025-03-31,85000000.0,2025-05-01,2025-03-31,27974000000.0,2025-05-01,2025-03-31,85609000000.0,2025-05-01,2025-03-31,142870000000.0,2025-05-01,2025-03-31,114827000000.0,2025-05-01,2025-03-31,17349000000.0,2025-05-01,2025-03-31,577000000.0,2025-05-01,2025-03-31,1.38,2025-05-01,2025-03-31,2025-05-01,https://github.com/deeleeramone/sec-company-facts/releases/download/parquet-latest/facts_enc-b00045.parquet,True
ICE,Financials,2025-09-30,1571949,"Intercontinental Exchange, Inc.",https://github.com/deeleeramone/sec-company-facts/releases/download/parquet-latest/primary_tickers.parquet,DOLTHUB_SEC_PARQUET_MIRROR,YAHOO_CHART,2025-09-30,168.47999572753906,,,https://query1.finance.yahoo.com/v8/finance/chart/ICE?period1=1577836800&period2=1783296000&interval=1d&events=history&includeAdjustedClose=true,SKIPPED_IN_CORE_SMOKE,3262000000.0,2025-07-31,2025-06-30,4365000000.0,2020-10-29,2020-09-30,1677000000.0,2025-07-31,2025-06-30,2472000000.0,2025-07-31,2025-06-30,145000000.0,2025-07-31,2025-06-30,28505000000.0,2025-07-31,2025-06-30,88780000000.0,2025-07-31,2025-06-30,144175000000.0,2025-07-31,2025-06-30,115648000000.0,2025-07-31,2025-06-30,17358000000.0,2025-07-31,2025-06-30,575000000.0,2025-07-31,2025-06-30,2.86,2025-07-31,2025-06-30,2025-07-31,https://github.com/deeleeramone/sec-company-facts/releases/download/parquet-latest/facts_enc-b00045.parquet,True
ICE,Financials,2025-12-31,1571949,"Intercontinental Exchange, Inc.",https://github.com/deeleeramone/sec-company-facts/releases/download/parquet-latest/primary_tickers.parquet,DOLTHUB_SEC_PARQUET_MIRROR,YAHOO_CHART,2025-12-31,161.9600067138672,,,https://query1.finance.yahoo.com/v8/finance/chart/ICE?period1=1577836800&period2=1783296000&interval=1d&events=history&includeAdjustedClose=true,SKIPPED_IN_CORE_SMOKE,3007000000.0,2025-10-30,2025-09-30,4365000000.0,2020-10-29,2020-09-30,831000000.0,2025-10-30,2025-09-30,3387000000.0,2025-10-30,2025-09-30,207000000.0,2025-10-30,2025-09-30,28644000000.0,2025-10-30,2025-09-30,85821000000.0,2025-10-30,2025-09-30,140901000000.0,2025-10-30,2025-09-30,112192000000.0,2025-10-30,2025-09-30,17366000000.0,2025-10-30,2025-09-30,574000000.0,2025-10-30,2025-09-30,1.42,2025-10-30,2025-09-30,2025-10-30,https://github.com/deeleeramone/sec-company-facts/releases/download/parquet-latest/facts_enc-b00045.parquet,True
ICE,Financials,2026-03-31,1571949,"Intercontinental Exchange, Inc.",https://github.com/deeleeramone/sec-company-facts/releases/download/parquet-latest/primary_tickers.parquet,DOLTHUB_SEC_PARQUET_MIRROR,YAHOO_CHART,2026-03-31,157.27999877929688,,,https://query1.finance.yahoo.com/v8/finance/chart/ICE?period1=1577836800&period2=1783296000&interval=1d&events=history&includeAdjustedClose=true,SKIPPED_IN_CORE_SMOKE,12640000000.0,2026-02-05,2025-12-31,4365000000.0,2020-10-29,2020-09-30,3315000000.0,2026-02-05,2025-12-31,4662000000.0,2026-02-05,2025-12-31,373000000.0,2026-02-05,2025-12-31,28969000000.0,2026-02-05,2025-12-31,837000000.0,2026-02-05,2025-12-31,136887000000.0,2026-02-05,2025-12-31,107896000000.0,2026-02-05,2025-12-31,1035000000.0,2026-02-05,2025-12-31,575000000.0,2026-02-05,2025-12-31,5.77,2026-02-05,2025-12-31,2026-02-05,https://github.com/deeleeramone/sec-company-facts/releases/download/parquet-latest/facts_enc-b00045.parquet,True
ICE,Financials,2026-06-30,1571949,"Intercontinental Exchange, Inc.",https://github.com/deeleeramone/sec-company-facts/releases/download/parquet-latest/primary_tickers.parquet,DOLTHUB_SEC_PARQUET_MIRROR,YAHOO_CHART,2026-06-30,123.11000061035156,,,https://query1.finance.yahoo.com/v8/finance/chart/ICE?period1=1577836800&period2=1783296000&interval=1d&events=history&includeAdjustedClose=true,SKIPPED_IN_CORE_SMOKE,3666000000.0,2026-04-30,2026-03-31,4365000000.0,2020-10-29,2020-09-30,1413000000.0,2026-04-30,2026-03-31,1326000000.0,2026-04-30,2026-03-31,64000000.0,2026-04-30,2026-03-31,29478000000.0,2026-04-30,2026-03-31,119430000000.0,2026-04-30,2026-03-31,179177000000.0,2026-04-30,2026-03-31,149615000000.0,2026-04-30,2026-03-31,18619000000.0,2026-04-30,2026-03-31,570000000.0,2026-04-30,2026-03-31,2.48,2026-04-30,2026-03-31,2026-04-30,https://github.com/deeleeramone/sec-company-facts/releases/download/parquet-latest/facts_enc-b00045.parquet,True
SPGI,Financials,2021-03-31,64040,S&P Global Inc.,https://github.com/deeleeramone/sec-company-facts/releases/download/parquet-latest/primary_tickers.parquet,DOLTHUB_SEC_PARQUET_MIRROR,YAHOO_CHART,2021-03-31,333.841064453125,,,https://query1.finance.yahoo.com/v8/finance/chart/SPGI?period1=1577836800&period2=1783296000&interval=1d&events=history&includeAdjustedClose=true,SKIPPED_IN_CORE_SMOKE,7442000000.0,2021-02-09,2020-12-31,,,,2534000000.0,2021-02-09,2020-12-31,3567000000.0,2021-02-09,2020-12-31,38646000.0,2010-10-29,2010-09-30,509000000.0,2021-02-09,2020-12-31,4122000000.0,2021-02-09,2020-12-31,12537000000.0,2021-02-09,2020-12-31,9185000000.0,2021-02-09,2020-12-31,4110000000.0,2021-02-09,2020-12-31,242100000.0,2021-02-09,2020-12-31,9.66,2021-02-09,2020-12-31,2021-02-09,https://github.com/deeleeramone/sec-company-facts/releases/download/parquet-latest/facts_enc-b00040.parquet,True
SPGI,Financials,2021-06-30,64040,S&P Global Inc.,https://github.com/deeleeramone/sec-company-facts/releases/download/parquet-latest/primary_tickers.parquet,DOLTHUB_SEC_PARQUET_MIRROR,YAHOO_CHART,2021-06-30,388.31597900390625,,,https://query1.finance.yahoo.com/v8/finance/chart/SPGI?period1=1577836800&period2=1783296000&interval=1d&events=history&includeAdjustedClose=true,SKIPPED_IN_CORE_SMOKE,2016000000.0,2021-04-29,2021-03-31,,,,808000000.0,2021-04-29,2021-03-31,768000000.0,2021-04-29,2021-03-31,38646000.0,2010-10-29,2010-09-30,1098000000.0,2021-04-29,2021-03-31,4518000000.0,2021-04-29,2021-03-31,12830000000.0,2021-04-29,2021-03-31,8924000000.0,2021-04-29,2021-03-31,4111000000.0,2021-04-29,2021-03-31,241600000.0,2021-04-29,2021-03-31,3.12,2021-04-29,2021-03-31,2021-04-29,https://github.com/deeleeramone/sec-company-facts/releases/download/parquet-latest/facts_enc-b00040.parquet,True
SPGI,Financials,2021-09-30,64040,S&P Global Inc.,https://github.com/deeleeramone/sec-company-facts/releases/download/parquet-latest/primary_tickers.parquet,DOLTHUB_SEC_PARQUET_MIRROR,YAHOO_CHART,2021-09-30,401.977294921875,,,https://query1.finance.yahoo.com/v8/finance/chart/SPGI?period1=1577836800&period2=1783296000&interval=1d&events=history&includeAdjustedClose=true,SKIPPED_IN_CORE_SMOKE,4122000000.0,2021-07-29,2021-06-30,,,,1666000000.0,2021-07-29,2021-06-30,1691000000.0,2021-07-29,2021-06-30,38646000.0,2010-10-29,2010-09-30,1331000000.0,2021-07-29,2021-06-30,5213000000.0,2021-07-29,2021-06-30,13398000000.0,2021-07-29,2021-06-30,8962000000.0,2021-07-29,2021-06-30,4112000000.0,2021-07-29,2021-06-30,241700000.0,2021-07-29,2021-06-30,3.3,2021-07-29,2021-06-30,2021-07-29,https://github.com/deeleeramone/sec-company-facts/releases/download/parquet-latest/facts_enc-b00040.parquet,True
SPGI,Financials,2021-12-31,64040,S&P Global Inc.,https://github.com/deeleeramone/sec-company-facts/releases/download/parquet-latest/primary_tickers.parquet,DOLTHUB_SEC_PARQUET_MIRROR,YAHOO_CHART,2021-12-31,446.4805908203125,,,https://query1.finance.yahoo.com/v8/finance/chart/SPGI?period1=1577836800&period2=1783296000&interval=1d&events=history&includeAdjustedClose=true,SKIPPED_IN_CORE_SMOKE,2087000000.0,2021-10-26,2021-09-30,,,,2349000000.0,2021-10-26,2021-09-30,2658000000.0,2021-10-26,2021-09-30,38646000.0,2010-10-29,2010-09-30,1915000000.0,2021-10-26,2021-09-30,5907000000.0,2021-10-26,2021-09-30,14111000000.0,2021-10-26,2021-09-30,9010000000.0,2021-10-26,2021-09-30,4113000000.0,2021-10-26,2021-09-30,241700000.0,2021-10-26,2021-09-30,3.3,2021-10-26,2021-09-30,2021-10-26,https://github.com/deeleeramone/sec-company-facts/releases/download/parquet-latest/facts_enc-b00040.parquet,True
SPGI,Financials,2022-03-31,64040,S&P Global Inc.,https://github.com/deeleeramone/sec-company-facts/releases/download/parquet-latest/primary_tickers.parquet,DOLTHUB_SEC_PARQUET_MIRROR,YAHOO_CHART,2022-03-31,388.060546875,,,https://query1.finance.yahoo.com/v8/finance/chart/SPGI?period1=1577836800&period2=1783296000&interval=1d&events=history&includeAdjustedClose=true,SKIPPED_IN_CORE_SMOKE,8297000000.0,2022-02-08,2021-12-31,,,,3024000000.0,2022-02-08,2021-12-31,3598000000.0,2022-02-08,2021-12-31,38646000.0,2010-10-29,2010-09-30,2107000000.0,2022-02-08,2021-12-31,6505000000.0,2022-02-08,2021-12-31,15026000000.0,2022-02-08,2021-12-31,9490000000.0,2022-02-08,2021-12-31,4114000000.0,2022-02-08,2021-12-31,241800000.0,2022-02-08,2021-12-31,12.51,2022-02-08,2021-12-31,2022-02-08,https://github.com/deeleeramone/sec-company-facts/releases/download/parquet-latest/facts_enc-b00040.parquet,True
SPGI,Financials,2022-06-30,64040,S&P Global Inc.,https://github.com/deeleeramone/sec-company-facts/releases/download/parquet-latest/primary_tickers.parquet,DOLTHUB_SEC_PARQUET_MIRROR,YAHOO_CHART,2022-06-30,318.8836364746094,,,https://query1.finance.yahoo.com/v8/finance/chart/SPGI?period1=1577836800&period2=1783296000&interval=1d&events=history&includeAdjustedClose=true,SKIPPED_IN_CORE_SMOKE,2389000000.0,2022-05-04,2022-03-31,,,,1235000000.0,2022-05-04,2022-03-31,222000000.0,2022-05-04,2022-03-31,38646000.0,2010-10-29,2010-09-30,39702000000.0,2022-05-04,2022-03-31,4407000000.0,2022-05-04,2022-03-31,66092000000.0,2022-05-04,2022-03-31,22882000000.0,2022-05-04,2022-03-31,11326000000.0,2022-05-04,2022-03-31,276300000.0,2022-05-04,2022-03-31,4.47,2022-05-04,2022-03-31,2022-05-04,https://github.com/deeleeramone/sec-company-facts/releases/download/parquet-latest/facts_enc-b00040.parquet,True
SPGI,Financials,2022-09-30,64040,S&P Global Inc.,https://github.com/deeleeramone/sec-company-facts/releases/download/parquet-latest/primary_tickers.parquet,DOLTHUB_SEC_PARQUET_MIRROR,YAHOO_CHART,2022-09-30,288.8836364746094,,,https://query1.finance.yahoo.com/v8/finance/chart/SPGI?period1=1577836800&period2=1783296000&interval=1d&events=history&includeAdjustedClose=true,SKIPPED_IN_CORE_SMOKE,2993000000.0,2022-08-03,2022-06-30,,,,2350000000.0,2022-08-03,2022-06-30,676000000.0,2022-08-03,2022-06-30,38646000.0,2010-10-29,2010-09-30,39506000000.0,2022-08-03,2022-06-30,3571000000.0,2022-08-03,2022-06-30,64323000000.0,2022-08-03,2022-06-30,21523000000.0,2022-08-03,2022-06-30,10776000000.0,2022-08-03,2022-06-30,308000000.0,2022-08-03,2022-06-30,7.17,2022-08-03,2022-06-30,2022-08-03,https://github.com/deeleeramone/sec-company-facts/releases/download/parquet-latest/facts_enc-b00040.parquet,True
SPGI,Financials,2022-12-31,64040,S&P Global Inc.,https://github.com/deeleeramone/sec-company-facts/releases/download/parquet-latest/primary_tickers.parquet,DOLTHUB_SEC_PARQUET_MIRROR,YAHOO_CHART,2022-12-30,316.8779602050781,,,https://query1.finance.yahoo.com/v8/finance/chart/SPGI?period1=1577836800&period2=1783296000&interval=1d&events=history&includeAdjustedClose=true,SKIPPED_IN_CORE_SMOKE,8244000000.0,2022-10-28,2022-09-30,,,,3028000000.0,2022-10-28,2022-09-30,1490000000.0,2022-10-28,2022-09-30,38646000.0,2010-10-29,2010-09-30,37240000000.0,2022-10-28,2022-09-30,1387000000.0,2022-10-28,2022-09-30,61813000000.0,2022-10-28,2022-09-30,21414000000.0,2022-10-28,2022-09-30,10734000000.0,2022-10-28,2022-09-30,315700000.0,2022-10-28,2022-09-30,1.84,2022-10-28,2022-09-30,2022-10-28,https://github.com/deeleeramone/sec-company-facts/releases/download/parquet-latest/facts_enc-b00040.parquet,True
SPGI,Financials,2023-03-31,64040,S&P Global Inc.,https://github.com/deeleeramone/sec-company-facts/releases/download/parquet-latest/primary_tickers.parquet,DOLTHUB_SEC_PARQUET_MIRROR,YAHOO_CHART,2023-03-31,326.1778564453125,,,https://query1.finance.yahoo.com/v8/finance/chart/SPGI?period1=1577836800&period2=1783296000&interval=1d&events=history&includeAdjustedClose=true,SKIPPED_IN_CORE_SMOKE,11181000000.0,2023-02-10,2022-12-31,,,,3522000000.0,2023-02-10,2022-12-31,2603000000.0,2023-02-10,2022-12-31,38646000.0,2010-10-29,2010-09-30,36477000000.0,2023-02-10,2022-12-31,1287000000.0,2023-02-10,2022-12-31,61784000000.0,2023-02-10,2022-12-31,22040000000.0,2023-02-10,2022-12-31,10730000000.0,2023-02-10,2022-12-31,318500000.0,2023-02-10,2022-12-31,10.2,2023-02-10,2022-12-31,2023-02-10,https://github.com/deeleeramone/sec-company-facts/releases/download/parquet-latest/facts_enc-b00040.parquet,True
SPGI,Financials,2023-06-30,64040,S&P Global Inc.,https://github.com/deeleeramone/sec-company-facts/releases/download/parquet-latest/primary_tickers.parquet,DOLTHUB_SEC_PARQUET_MIRROR,YAHOO_CHART,2023-06-30,379.2715148925781,,,https://query1.finance.yahoo.com/v8/finance/chart/SPGI?period1=1577836800&period2=1783296000&interval=1d&events=history&includeAdjustedClose=true,SKIPPED_IN_CORE_SMOKE,3160000000.0,2023-04-27,2023-03-31,,,,860000000.0,2023-04-27,2023-03-31,594000000.0,2023-04-27,2023-03-31,38646000.0,2010-10-29,2010-09-30,36370000000.0,2023-04-27,2023-03-31,1405000000.0,2023-04-27,2023-03-31,62024000000.0,2023-04-27,2023-03-31,22252000000.0,2023-04-27,2023-03-31,10727000000.0,2023-04-27,2023-03-31,322100000.0,2023-04-27,2023-03-31,2.47,2023-04-27,2023-03-31,2023-04-27,https://github.com/deeleeramone/sec-company-facts/releases/download/parquet-latest/facts_enc-b00040.parquet,True
SPGI,Financials,2023-09-30,64040,S&P Global Inc.,https://github.com/deeleeramone/sec-company-facts/releases/download/parquet-latest/primary_tickers.parquet,DOLTHUB_SEC_PARQUET_MIRROR,YAHOO_CHART,2023-09-29,345.704833984375,,,https://query1.finance.yahoo.com/v8/finance/chart/SPGI?period1=1577836800&period2=1783296000&interval=1d&events=history&includeAdjustedClose=true,SKIPPED_IN_CORE_SMOKE,6261000000.0,2023-07-27,2023-06-30,,,,575000000.0,2023-07-27,2023-06-30,1363000000.0,2023-07-27,2023-06-30,38646000.0,2010-10-29,2010-09-30,35559000000.0,2023-07-27,2023-06-30,1561000000.0,2023-07-27,2023-06-30,60695000000.0,2023-07-27,2023-06-30,21626000000.0,2023-07-27,2023-06-30,10676000000.0,2023-07-27,2023-06-30,319800000.0,2023-07-27,2023-06-30,4.07,2023-07-27,2023-06-30,2023-07-27,https://github.com/deeleeramone/sec-company-facts/releases/download/parquet-latest/facts_enc-b00040.parquet,True
SPGI,Financials,2023-12-31,64040,S&P Global Inc.,https://github.com/deeleeramone/sec-company-facts/releases/download/parquet-latest/primary_tickers.parquet,DOLTHUB_SEC_PARQUET_MIRROR,YAHOO_CHART,2023-12-29,416.7644348144531,,,https://query1.finance.yahoo.com/v8/finance/chart/SPGI?period1=1577836800&period2=1783296000&interval=1d&events=history&includeAdjustedClose=true,SKIPPED_IN_CORE_SMOKE,9345000000.0,2023-11-02,2023-09-30,,,,814000000.0,2023-11-02,2023-09-30,2376000000.0,2023-11-02,2023-09-30,38646000.0,2010-10-29,2010-09-30,35419000000.0,2023-11-02,2023-09-30,1646000000.0,2023-11-02,2023-09-30,60561000000.0,2023-11-02,2023-09-30,21537000000.0,2023-11-02,2023-09-30,11415000000.0,2023-11-02,2023-09-30,319900000.0,2023-11-02,2023-09-30,6.4,2023-11-02,2023-09-30,2023-11-02,https://github.com/deeleeramone/sec-company-facts/releases/download/parquet-latest/facts_enc-b00040.parquet,True
SPGI,Financials,2024-03-31,64040,S&P Global Inc.,https://github.com/deeleeramone/sec-company-facts/releases/download/parquet-latest/primary_tickers.parquet,DOLTHUB_SEC_PARQUET_MIRROR,YAHOO_CHART,2024-03-28,402.5071105957031,,,https://query1.finance.yahoo.com/v8/finance/chart/SPGI?period1=1577836800&period2=1783296000&interval=1d&events=history&includeAdjustedClose=true,SKIPPED_IN_CORE_SMOKE,12497000000.0,2024-02-09,2023-12-31,,,,2893000000.0,2024-02-09,2023-12-31,3710000000.0,2024-02-09,2023-12-31,38646000.0,2010-10-29,2010-09-30,34300000000.0,2024-02-09,2023-12-31,1290000000.0,2024-02-09,2023-12-31,60589000000.0,2024-02-09,2023-12-31,22489000000.0,2024-02-09,2023-12-31,11412000000.0,2024-02-09,2023-12-31,318900000.0,2024-02-09,2023-12-31,8.23,2024-02-09,2023-12-31,2024-02-09,https://github.com/deeleeramone/sec-company-facts/releases/download/parquet-latest/facts_enc-b00040.parquet,True
SPGI,Financials,2024-06-30,64040,S&P Global Inc.,https://github.com/deeleeramone/sec-company-facts/releases/download/parquet-latest/primary_tickers.parquet,DOLTHUB_SEC_PARQUET_MIRROR,YAHOO_CHART,2024-06-28,421.94891357421875,,,https://query1.finance.yahoo.com/v8/finance/chart/SPGI?period1=1577836800&period2=1783296000&interval=1d&events=history&includeAdjustedClose=true,SKIPPED_IN_CORE_SMOKE,3491000000.0,2024-04-25,2024-03-31,,,,1068000000.0,2024-04-25,2024-03-31,948000000.0,2024-04-25,2024-03-31,38646000.0,2010-10-29,2010-09-30,34424000000.0,2024-04-25,2024-03-31,1544000000.0,2024-04-25,2024-03-31,60477000000.0,2024-04-25,2024-03-31,22228000000.0,2024-04-25,2024-03-31,11404000000.0,2024-04-25,2024-03-31,314000000.0,2024-04-25,2024-03-31,3.16,2024-04-25,2024-03-31,2024-04-25,https://github.com/deeleeramone/sec-company-facts/releases/download/parquet-latest/facts_enc-b00040.parquet,True
SPGI,Financials,2024-09-30,64040,S&P Global Inc.,https://github.com/deeleeramone/sec-company-facts/releases/download/parquet-latest/primary_tickers.parquet,DOLTHUB_SEC_PARQUET_MIRROR,YAHOO_CHART,2024-09-30,488.7606506347656,,,https://query1.finance.yahoo.com/v8/finance/chart/SPGI?period1=1577836800&period2=1783296000&interval=1d&events=history&includeAdjustedClose=true,SKIPPED_IN_CORE_SMOKE,7040000000.0,2024-07-30,2024-06-30,,,,2154000000.0,2024-07-30,2024-06-30,2504000000.0,2024-07-30,2024-06-30,38646000.0,2010-10-29,2010-09-30,34970000000.0,2024-07-30,2024-06-30,2038000000.0,2024-07-30,2024-06-30,60956000000.0,2024-07-30,2024-06-30,21972000000.0,2024-07-30,2024-06-30,11401000000.0,2024-07-30,2024-06-30,313200000.0,2024-07-30,2024-06-30,6.38,2024-07-30,2024-06-30,2024-07-30,https://github.com/deeleeramone/sec-company-facts/releases/download/parquet-latest/facts_enc-b00040.parquet,True
SPGI,Financials,2024-12-31,64040,S&P Global Inc.,https://github.com/deeleeramone/sec-company-facts/releases/download/parquet-latest/primary_tickers.parquet,DOLTHUB_SEC_PARQUET_MIRROR,YAHOO_CHART,2024-12-31,471.1731262207031,,,https://query1.finance.yahoo.com/v8/finance/chart/SPGI?period1=1577836800&period2=1783296000&interval=1d&events=history&includeAdjustedClose=true,SKIPPED_IN_CORE_SMOKE,10616000000.0,2024-10-25,2024-09-30,,,,2972000000.0,2024-10-25,2024-09-30,3949000000.0,2024-10-25,2024-09-30,38646000.0,2010-10-29,2010-09-30,34086000000.0,2024-10-25,2024-09-30,1697000000.0,2024-10-25,2024-09-30,60368000000.0,2024-10-25,2024-09-30,21977000000.0,2024-10-25,2024-09-30,11398000000.0,2024-10-25,2024-09-30,311500000.0,2024-10-25,2024-09-30,9.5,2024-10-25,2024-09-30,2024-10-25,https://github.com/deeleeramone/sec-company-facts/releases/download/parquet-latest/facts_enc-b00040.parquet,True
SPGI,Financials,2025-03-31,64040,S&P Global Inc.,https://github.com/deeleeramone/sec-company-facts/releases/download/parquet-latest/primary_tickers.parquet,DOLTHUB_SEC_PARQUET_MIRROR,YAHOO_CHART,2025-03-31,480.7001037597656,,,https://query1.finance.yahoo.com/v8/finance/chart/SPGI?period1=1577836800&period2=1783296000&interval=1d&events=history&includeAdjustedClose=true,SKIPPED_IN_CORE_SMOKE,10616000000.0,2024-10-25,2024-09-30,,,,2972000000.0,2024-10-25,2024-09-30,3949000000.0,2024-10-25,2024-09-30,38646000.0,2010-10-29,2010-09-30,34086000000.0,2024-10-25,2024-09-30,1697000000.0,2024-10-25,2024-09-30,60368000000.0,2024-10-25,2024-09-30,21977000000.0,2024-10-25,2024-09-30,11398000000.0,2024-10-25,2024-09-30,311500000.0,2024-10-25,2024-09-30,9.5,2024-10-25,2024-09-30,2024-10-25,https://github.com/deeleeramone/sec-company-facts/releases/download/parquet-latest/facts_enc-b00040.parquet,True
SPGI,Financials,2025-06-30,64040,S&P Global Inc.,https://github.com/deeleeramone/sec-company-facts/releases/download/parquet-latest/primary_tickers.parquet,DOLTHUB_SEC_PARQUET_MIRROR,YAHOO_CHART,2025-06-30,498.8552551269531,,,https://query1.finance.yahoo.com/v8/finance/chart/SPGI?period1=1577836800&period2=1783296000&interval=1d&events=history&includeAdjustedClose=true,SKIPPED_IN_CORE_SMOKE,3777000000.0,2025-04-29,2025-03-31,,,,1171000000.0,2025-04-29,2025-03-31,953000000.0,2025-04-29,2025-03-31,38646000.0,2010-10-29,2010-09-30,33473000000.0,2025-04-29,2025-03-31,1469000000.0,2025-04-29,2025-03-31,59889000000.0,2025-04-29,2025-03-31,22164000000.0,2025-04-29,2025-03-31,11388000000.0,2025-04-29,2025-03-31,307700000.0,2025-04-29,2025-03-31,3.54,2025-04-29,2025-03-31,2025-04-29,https://github.com/deeleeramone/sec-company-facts/releases/download/parquet-latest/facts_enc-b00040.parquet,True
SPGI,Financials,2025-09-30,64040,S&P Global Inc.,https://github.com/deeleeramone/sec-company-facts/releases/download/parquet-latest/primary_tickers.parquet,DOLTHUB_SEC_PARQUET_MIRROR,YAHOO_CHART,2025-09-30,460.46356201171875,,,https://query1.finance.yahoo.com/v8/finance/chart/SPGI?period1=1577836800&period2=1783296000&interval=1d&events=history&includeAdjustedClose=true,SKIPPED_IN_CORE_SMOKE,3755000000.0,2025-08-01,2025-06-30,,,,2161000000.0,2025-08-01,2025-06-30,2398000000.0,2025-08-01,2025-06-30,38646000.0,2010-10-29,2010-09-30,33496000000.0,2025-08-01,2025-06-30,1847000000.0,2025-08-01,2025-06-30,60395000000.0,2025-08-01,2025-06-30,22434000000.0,2025-08-01,2025-06-30,11385000000.0,2025-08-01,2025-06-30,306100000.0,2025-08-01,2025-06-30,7.04,2025-08-01,2025-06-30,2025-08-01,https://github.com/deeleeramone/sec-company-facts/releases/download/parquet-latest/facts_enc-b00040.parquet,True
SPGI,Financials,2025-12-31,64040,S&P Global Inc.,https://github.com/deeleeramone/sec-company-facts/releases/download/parquet-latest/primary_tickers.parquet,DOLTHUB_SEC_PARQUET_MIRROR,YAHOO_CHART,2025-12-31,494.40869140625,,,https://query1.finance.yahoo.com/v8/finance/chart/SPGI?period1=1577836800&period2=1783296000&interval=1d&events=history&includeAdjustedClose=true,SKIPPED_IN_CORE_SMOKE,11420000000.0,2025-10-30,2025-09-30,,,,1265000000.0,2025-10-30,2025-09-30,3903000000.0,2025-10-30,2025-09-30,38646000.0,2010-10-29,2010-09-30,33238000000.0,2025-10-30,2025-09-30,1672000000.0,2025-10-30,2025-09-30,59749000000.0,2025-10-30,2025-09-30,22051000000.0,2025-10-30,2025-09-30,11382000000.0,2025-10-30,2025-09-30,306100000.0,2025-10-30,2025-09-30,3.86,2025-10-30,2025-09-30,2025-10-30,https://github.com/deeleeramone/sec-company-facts/releases/download/parquet-latest/facts_enc-b00040.parquet,True
SPGI,Financials,2026-03-31,64040,S&P Global Inc.,https://github.com/deeleeramone/sec-company-facts/releases/download/parquet-latest/primary_tickers.parquet,DOLTHUB_SEC_PARQUET_MIRROR,YAHOO_CHART,2026-03-31,402.40301513671875,,,https://query1.finance.yahoo.com/v8/finance/chart/SPGI?period1=1577836800&period2=1783296000&interval=1d&events=history&includeAdjustedClose=true,SKIPPED_IN_CORE_SMOKE,15336000000.0,2026-02-11,2025-12-31,,,,4471000000.0,2026-02-11,2025-12-31,5651000000.0,2026-02-11,2025-12-31,38646000.0,2010-10-29,2010-09-30,31235000000.0,2026-02-11,2025-12-31,1745000000.0,2026-02-11,2025-12-31,61200000000.0,2026-02-11,2025-12-31,25048000000.0,2026-02-11,2025-12-31,12370000000.0,2026-02-11,2025-12-31,305100000.0,2026-02-11,2025-12-31,14.66,2026-02-11,2025-12-31,2026-02-11,https://github.com/deeleeramone/sec-company-facts/releases/download/parquet-latest/facts_enc-b00040.parquet,True
SPGI,Financials,2026-06-30,64040,S&P Global Inc.,https://github.com/deeleeramone/sec-company-facts/releases/download/parquet-latest/primary_tickers.parquet,DOLTHUB_SEC_PARQUET_MIRROR,YAHOO_CHART,2026-06-30,385.2980041503906,,,https://query1.finance.yahoo.com/v8/finance/chart/SPGI?period1=1577836800&period2=1783296000&interval=1d&events=history&includeAdjustedClose=true,SKIPPED_IN_CORE_SMOKE,4171000000.0,2026-04-28,2026-03-31,,,,1395000000.0,2026-04-28,2026-03-31,1037000000.0,2026-04-28,2026-03-31,38646000.0,2010-10-29,2010-09-30,31288000000.0,2026-04-28,2026-03-31,1810000000.0,2026-04-28,2026-03-31,60792000000.0,2026-04-28,2026-03-31,24587000000.0,2026-04-28,2026-03-31,10621000000.0,2026-04-28,2026-03-31,297600000.0,2026-04-28,2026-03-31,4.69,2026-04-28,2026-03-31,2026-04-28,https://github.com/deeleeramone/sec-company-facts/releases/download/parquet-latest/facts_enc-b00040.parquet,True
BRK-B,Financials,2021-03-31,1067983,BERKSHIRE HATHAWAY INC,https://github.com/deeleeramone/sec-company-facts/releases/download/parquet-latest/primary_tickers.parquet,DOLTHUB_SEC_PARQUET_MIRROR,YAHOO_CHART,2021-03-31,255.47000122070312,,,https://query1.finance.yahoo.com/v8/finance/chart/BRK-B?period1=1577836800&period2=1783296000&interval=1d&events=history&includeAdjustedClose=true,SKIPPED_IN_CORE_SMOKE,245510000000.0,2021-03-01,2020-12-31,,,,42521000000.0,2021-03-01,2020-12-31,39773000000.0,2021-03-01,2020-12-31,13012000000.0,2021-03-01,2020-12-31,451336000000.0,2021-03-01,2020-12-31,48396000000.0,2021-03-01,2020-12-31,873729000000.0,2021-03-01,2020-12-31,422393000000.0,2021-03-01,2020-12-31,,,,,,,,,,2021-03-01,https://github.com/deeleeramone/sec-company-facts/releases/download/parquet-latest/facts_enc-b00015.parquet,True
BRK-B,Financials,2021-06-30,1067983,BERKSHIRE HATHAWAY INC,https://github.com/deeleeramone/sec-company-facts/releases/download/parquet-latest/primary_tickers.parquet,DOLTHUB_SEC_PARQUET_MIRROR,YAHOO_CHART,2021-06-30,277.9200134277344,,,https://query1.finance.yahoo.com/v8/finance/chart/BRK-B?period1=1577836800&period2=1783296000&interval=1d&events=history&includeAdjustedClose=true,SKIPPED_IN_CORE_SMOKE,44623000000.0,2021-05-03,2021-03-31,,,,11840000000.0,2021-05-03,2021-03-31,9306000000.0,2021-05-03,2021-03-31,2519000000.0,2021-05-03,2021-03-31,447987000000.0,2021-05-03,2021-03-31,60488000000.0,2021-05-03,2021-03-31,884393000000.0,2021-05-03,2021-03-31,428217000000.0,2021-05-03,2021-03-31,,,,,,,,,,2021-05-03,https://github.com/deeleeramone/sec-company-facts/releases/download/parquet-latest/facts_enc-b00015.parquet,True
BRK-B,Financials,2021-09-30,1067983,BERKSHIRE HATHAWAY INC,https://github.com/deeleeramone/sec-company-facts/releases/download/parquet-latest/primary_tickers.parquet,DOLTHUB_SEC_PARQUET_MIRROR,YAHOO_CHART,2021-09-30,272.94000244140625,,,https://query1.finance.yahoo.com/v8/finance/chart/BRK-B?period1=1577836800&period2=1783296000&interval=1d&events=history&includeAdjustedClose=true,SKIPPED_IN_CORE_SMOKE,48110000000.0,2021-08-09,2021-06-30,,,,28425000000.0,2021-08-09,2021-06-30,19559000000.0,2021-08-09,2021-06-30,5663000000.0,2021-08-09,2021-06-30,470409000000.0,2021-08-09,2021-06-30,42832000000.0,2021-08-09,2021-06-30,912493000000.0,2021-08-09,2021-06-30,433693000000.0,2021-08-09,2021-06-30,,,,,,,,,,2021-08-09,https://github.com/deeleeramone/sec-company-facts/releases/download/parquet-latest/facts_enc-b00015.parquet,True
BRK-B,Financials,2021-12-31,1067983,BERKSHIRE HATHAWAY INC,https://github.com/deeleeramone/sec-company-facts/releases/download/parquet-latest/primary_tickers.parquet,DOLTHUB_SEC_PARQUET_MIRROR,YAHOO_CHART,2021-12-31,299.0,,,https://query1.finance.yahoo.com/v8/finance/chart/BRK-B?period1=1577836800&period2=1783296000&interval=1d&events=history&includeAdjustedClose=true,SKIPPED_IN_CORE_SMOKE,70583000000.0,2021-11-08,2021-09-30,,,,10344000000.0,2021-11-08,2021-09-30,31626000000.0,2021-11-08,2021-09-30,9244000000.0,2021-11-08,2021-09-30,481075000000.0,2021-11-08,2021-09-30,70641000000.0,2021-11-08,2021-09-30,920758000000.0,2021-11-08,2021-09-30,439683000000.0,2021-11-08,2021-09-30,,,,,,,,,,2021-11-08,https://github.com/deeleeramone/sec-company-facts/releases/download/parquet-latest/facts_enc-b00015.parquet,True
BRK-B,Financials,2022-03-31,1067983,BERKSHIRE HATHAWAY INC,https://github.com/deeleeramone/sec-company-facts/releases/download/parquet-latest/primary_tickers.parquet,DOLTHUB_SEC_PARQUET_MIRROR,YAHOO_CHART,2022-03-31,352.9100036621094,,,https://query1.finance.yahoo.com/v8/finance/chart/BRK-B?period1=1577836800&period2=1783296000&interval=1d&events=history&includeAdjustedClose=true,SKIPPED_IN_CORE_SMOKE,191252000000.0,2022-02-28,2021-12-31,,,,89795000000.0,2022-02-28,2021-12-31,39421000000.0,2022-02-28,2021-12-31,13276000000.0,2022-02-28,2021-12-31,514930000000.0,2022-02-28,2021-12-31,88706000000.0,2022-02-28,2021-12-31,958784000000.0,2022-02-28,2021-12-31,439683000000.0,2021-11-08,2021-09-30,,,,,,,,,,2022-02-28,https://github.com/deeleeramone/sec-company-facts/releases/download/parquet-latest/facts_enc-b00015.parquet,True
BRK-B,Financials,2022-06-30,1067983,BERKSHIRE HATHAWAY INC,https://github.com/deeleeramone/sec-company-facts/releases/download/parquet-latest/primary_tickers.parquet,DOLTHUB_SEC_PARQUET_MIRROR,YAHOO_CHART,2022-06-30,273.0199890136719,,,https://query1.finance.yahoo.com/v8/finance/chart/BRK-B?period1=1577836800&period2=1783296000&interval=1d&events=history&includeAdjustedClose=true,SKIPPED_IN_CORE_SMOKE,49426000000.0,2022-05-02,2022-03-31,,,,5460000000.0,2022-05-02,2022-03-31,6829000000.0,2022-05-02,2022-03-31,3090000000.0,2022-05-02,2022-03-31,508141000000.0,2022-05-02,2022-03-31,39662000000.0,2022-05-02,2022-03-31,969506000000.0,2022-05-02,2022-03-31,439683000000.0,2021-11-08,2021-09-30,,,,,,,,,,2022-05-02,https://github.com/deeleeramone/sec-company-facts/releases/download/parquet-latest/facts_enc-b00015.parquet,True
BRK-B,Financials,2022-09-30,1067983,BERKSHIRE HATHAWAY INC,https://github.com/deeleeramone/sec-company-facts/releases/download/parquet-latest/primary_tickers.parquet,DOLTHUB_SEC_PARQUET_MIRROR,YAHOO_CHART,2022-09-30,267.0199890136719,,,https://query1.finance.yahoo.com/v8/finance/chart/BRK-B?period1=1577836800&period2=1783296000&interval=1d&events=history&includeAdjustedClose=true,SKIPPED_IN_CORE_SMOKE,52933000000.0,2022-08-08,2022-06-30,,,,-38295000000.0,2022-08-08,2022-06-30,15361000000.0,2022-08-08,2022-06-30,6833000000.0,2022-08-08,2022-06-30,461229000000.0,2022-08-08,2022-06-30,31224000000.0,2022-08-08,2022-06-30,909860000000.0,2022-08-08,2022-06-30,439683000000.0,2021-11-08,2021-09-30,,,,,,,,,,2022-08-08,https://github.com/deeleeramone/sec-company-facts/releases/download/parquet-latest/facts_enc-b00015.parquet,True
BRK-B,Financials,2022-12-31,1067983,BERKSHIRE HATHAWAY INC,https://github.com/deeleeramone/sec-company-facts/releases/download/parquet-latest/primary_tickers.parquet,DOLTHUB_SEC_PARQUET_MIRROR,YAHOO_CHART,2022-12-30,308.8999938964844,,,https://query1.finance.yahoo.com/v8/finance/chart/BRK-B?period1=1577836800&period2=1783296000&interval=1d&events=history&includeAdjustedClose=true,SKIPPED_IN_CORE_SMOKE,155665000000.0,2022-11-07,2022-09-30,,,,-40983000000.0,2022-11-07,2022-09-30,27023000000.0,2022-11-07,2022-09-30,10907000000.0,2022-11-07,2022-09-30,463747000000.0,2022-11-07,2022-09-30,33356000000.0,2022-11-07,2022-09-30,902296000000.0,2022-11-07,2022-09-30,439683000000.0,2021-11-08,2021-09-30,,,,,,,,,,2022-11-07,https://github.com/deeleeramone/sec-company-facts/releases/download/parquet-latest/facts_enc-b00015.parquet,True
BRK-B,Financials,2023-03-31,1067983,BERKSHIRE HATHAWAY INC,https://github.com/deeleeramone/sec-company-facts/releases/download/parquet-latest/primary_tickers.parquet,DOLTHUB_SEC_PARQUET_MIRROR,YAHOO_CHART,2023-03-31,308.7699890136719,,,https://query1.finance.yahoo.com/v8/finance/chart/BRK-B?period1=1577836800&period2=1783296000&interval=1d&events=history&includeAdjustedClose=true,SKIPPED_IN_CORE_SMOKE,207771000000.0,2023-02-27,2022-12-31,,,,-22819000000.0,2023-02-27,2022-12-31,37224000000.0,2023-02-27,2022-12-31,15464000000.0,2023-02-27,2022-12-31,480617000000.0,2023-02-27,2022-12-31,36399000000.0,2023-02-27,2022-12-31,948452000000.0,2023-02-27,2022-12-31,439683000000.0,2021-11-08,2021-09-30,,,,,,,,,,2023-02-27,https://github.com/deeleeramone/sec-company-facts/releases/download/parquet-latest/facts_enc-b00015.parquet,True
BRK-B,Financials,2023-06-30,1067983,BERKSHIRE HATHAWAY INC,https://github.com/deeleeramone/sec-company-facts/releases/download/parquet-latest/primary_tickers.parquet,DOLTHUB_SEC_PARQUET_MIRROR,YAHOO_CHART,2023-06-30,341.0,,,https://query1.finance.yahoo.com/v8/finance/chart/BRK-B?period1=1577836800&period2=1783296000&interval=1d&events=history&includeAdjustedClose=true,SKIPPED_IN_CORE_SMOKE,59745000000.0,2023-05-08,2023-03-31,,,,35504000000.0,2023-05-08,2023-03-31,8693000000.0,2023-05-08,2023-03-31,3713000000.0,2023-05-08,2023-03-31,513077000000.0,2023-05-08,2023-03-31,27298000000.0,2023-05-08,2023-03-31,997072000000.0,2023-05-08,2023-03-31,439683000000.0,2021-11-08,2021-09-30,,,,,,,,,,2023-05-08,https://github.com/deeleeramone/sec-company-facts/releases/download/parquet-latest/facts_enc-b00015.parquet,True
BRK-B,Financials,2023-09-30,1067983,BERKSHIRE HATHAWAY INC,https://github.com/deeleeramone/sec-company-facts/releases/download/parquet-latest/primary_tickers.parquet,DOLTHUB_SEC_PARQUET_MIRROR,YAHOO_CHART,2023-09-29,350.29998779296875,,,https://query1.finance.yahoo.com/v8/finance/chart/BRK-B?period1=1577836800&period2=1783296000&interval=1d&events=history&includeAdjustedClose=true,SKIPPED_IN_CORE_SMOKE,177896000000.0,2023-08-07,2023-06-30,,,,71416000000.0,2023-08-07,2023-06-30,21127000000.0,2023-08-07,2023-06-30,8398000000.0,2023-08-07,2023-06-30,548551000000.0,2023-08-07,2023-06-30,50653000000.0,2023-08-07,2023-06-30,1041573000000.0,2023-08-07,2023-06-30,489812000000.0,2023-08-07,2023-06-30,,,,,,,,,,2023-08-07,https://github.com/deeleeramone/sec-company-facts/releases/download/parquet-latest/facts_enc-b00015.parquet,True
BRK-B,Financials,2023-12-31,1067983,BERKSHIRE HATHAWAY INC,https://github.com/deeleeramone/sec-company-facts/releases/download/parquet-latest/primary_tickers.parquet,DOLTHUB_SEC_PARQUET_MIRROR,YAHOO_CHART,2023-12-29,356.6600036621094,,,https://query1.finance.yahoo.com/v8/finance/chart/BRK-B?period1=1577836800&period2=1783296000&interval=1d&events=history&includeAdjustedClose=true,SKIPPED_IN_CORE_SMOKE,271106000000.0,2023-11-06,2023-09-30,,,,-12567000000.0,2023-11-06,2023-09-30,34796000000.0,2023-11-06,2023-09-30,13701000000.0,2023-11-06,2023-09-30,531497000000.0,2023-11-06,2023-09-30,31604000000.0,2023-11-06,2023-09-30,1019933000000.0,2023-11-06,2023-09-30,485206000000.0,2023-11-06,2023-09-30,,,,,,,,,,2023-11-06,https://github.com/deeleeramone/sec-company-facts/releases/download/parquet-latest/facts_enc-b00015.parquet,True
BRK-B,Financials,2024-03-31,1067983,BERKSHIRE HATHAWAY INC,https://github.com/deeleeramone/sec-company-facts/releases/download/parquet-latest/primary_tickers.parquet,DOLTHUB_SEC_PARQUET_MIRROR,YAHOO_CHART,2024-03-28,420.5199890136719,,,https://query1.finance.yahoo.com/v8/finance/chart/BRK-B?period1=1577836800&period2=1783296000&interval=1d&events=history&includeAdjustedClose=true,SKIPPED_IN_CORE_SMOKE,364482000000.0,2024-02-26,2023-12-31,,,,96223000000.0,2024-02-26,2023-12-31,49196000000.0,2024-02-26,2023-12-31,19409000000.0,2024-02-26,2023-12-31,561273000000.0,2024-02-26,2023-12-31,38643000000.0,2024-02-26,2023-12-31,1069978000000.0,2024-02-26,2023-12-31,499208000000.0,2024-02-26,2023-12-31,,,,,,,,,,2024-02-26,https://github.com/deeleeramone/sec-company-facts/releases/download/parquet-latest/facts_enc-b00015.parquet,True
BRK-B,Financials,2024-06-30,1067983,BERKSHIRE HATHAWAY INC,https://github.com/deeleeramone/sec-company-facts/releases/download/parquet-latest/primary_tickers.parquet,DOLTHUB_SEC_PARQUET_MIRROR,YAHOO_CHART,2024-06-28,406.79998779296875,,,https://query1.finance.yahoo.com/v8/finance/chart/BRK-B?period1=1577836800&period2=1783296000&interval=1d&events=history&includeAdjustedClose=true,SKIPPED_IN_CORE_SMOKE,61291000000.0,2024-05-06,2024-03-31,,,,12702000000.0,2024-05-06,2024-03-31,10566000000.0,2024-05-06,2024-03-31,4393000000.0,2024-05-06,2024-03-31,571490000000.0,2024-05-06,2024-03-31,36160000000.0,2024-05-06,2024-03-31,1070035000000.0,2024-05-06,2024-03-31,492250000000.0,2024-05-06,2024-03-31,,,,,,,,,,2024-05-06,https://github.com/deeleeramone/sec-company-facts/releases/download/parquet-latest/facts_enc-b00015.parquet,True
BRK-B,Financials,2024-09-30,1067983,BERKSHIRE HATHAWAY INC,https://github.com/deeleeramone/sec-company-facts/releases/download/parquet-latest/primary_tickers.parquet,DOLTHUB_SEC_PARQUET_MIRROR,YAHOO_CHART,2024-09-30,460.260009765625,,,https://query1.finance.yahoo.com/v8/finance/chart/BRK-B?period1=1577836800&period2=1783296000&interval=1d&events=history&includeAdjustedClose=true,SKIPPED_IN_CORE_SMOKE,63519000000.0,2024-08-05,2024-06-30,,,,43330000000.0,2024-08-05,2024-06-30,24168000000.0,2024-08-05,2024-06-30,8928000000.0,2024-08-05,2024-06-30,607971000000.0,2024-08-05,2024-06-30,43071000000.0,2024-08-05,2024-06-30,1108860000000.0,2024-08-05,2024-06-30,500889000000.0,2024-08-05,2024-06-30,,,,,,,,,,2024-08-05,https://github.com/deeleeramone/sec-company-facts/releases/download/parquet-latest/facts_enc-b00015.parquet,True
BRK-B,Financials,2024-12-31,1067983,BERKSHIRE HATHAWAY INC,https://github.com/deeleeramone/sec-company-facts/releases/download/parquet-latest/primary_tickers.parquet,DOLTHUB_SEC_PARQUET_MIRROR,YAHOO_CHART,2024-12-31,453.2799987792969,,,https://query1.finance.yahoo.com/v8/finance/chart/BRK-B?period1=1577836800&period2=1783296000&interval=1d&events=history&includeAdjustedClose=true,SKIPPED_IN_CORE_SMOKE,186858000000.0,2024-11-04,2024-09-30,,,,69301000000.0,2024-11-04,2024-09-30,25971000000.0,2024-11-04,2024-09-30,13629000000.0,2024-11-04,2024-09-30,629069000000.0,2024-11-04,2024-09-30,37992000000.0,2024-11-04,2024-09-30,1147251000000.0,2024-11-04,2024-09-30,515445000000.0,2024-11-04,2024-09-30,,,,,,,,,,2024-11-04,https://github.com/deeleeramone/sec-company-facts/releases/download/parquet-latest/facts_enc-b00015.parquet,True
BRK-B,Financials,2025-03-31,1067983,BERKSHIRE HATHAWAY INC,https://github.com/deeleeramone/sec-company-facts/releases/download/parquet-latest/primary_tickers.parquet,DOLTHUB_SEC_PARQUET_MIRROR,YAHOO_CHART,2025-03-31,532.5800170898438,,,https://query1.finance.yahoo.com/v8/finance/chart/BRK-B?period1=1577836800&period2=1783296000&interval=1d&events=history&includeAdjustedClose=true,SKIPPED_IN_CORE_SMOKE,249714000000.0,2025-02-24,2024-12-31,,,,88995000000.0,2025-02-24,2024-12-31,30592000000.0,2025-02-24,2024-12-31,18976000000.0,2025-02-24,2024-12-31,649368000000.0,2025-02-24,2024-12-31,48376000000.0,2025-02-24,2024-12-31,1153881000000.0,2025-02-24,2024-12-31,502226000000.0,2025-02-24,2024-12-31,,,,,,,,,,2025-02-24,https://github.com/deeleeramone/sec-company-facts/releases/download/parquet-latest/facts_enc-b00015.parquet,True
BRK-B,Financials,2025-06-30,1067983,BERKSHIRE HATHAWAY INC,https://github.com/deeleeramone/sec-company-facts/releases/download/parquet-latest/primary_tickers.parquet,DOLTHUB_SEC_PARQUET_MIRROR,YAHOO_CHART,2025-06-30,485.7699890136719,,,https://query1.finance.yahoo.com/v8/finance/chart/BRK-B?period1=1577836800&period2=1783296000&interval=1d&events=history&includeAdjustedClose=true,SKIPPED_IN_CORE_SMOKE,59357000000.0,2025-05-05,2025-03-31,,,,4603000000.0,2025-05-05,2025-03-31,10903000000.0,2025-05-05,2025-03-31,4281000000.0,2025-05-05,2025-03-31,656742000000.0,2025-05-05,2025-03-31,42855000000.0,2025-05-05,2025-03-31,1164532000000.0,2025-05-05,2025-03-31,507790000000.0,2025-05-05,2025-03-31,,,,,,,,,,2025-05-05,https://github.com/deeleeramone/sec-company-facts/releases/download/parquet-latest/facts_enc-b00015.parquet,True
BRK-B,Financials,2025-09-30,1067983,BERKSHIRE HATHAWAY INC,https://github.com/deeleeramone/sec-company-facts/releases/download/parquet-latest/primary_tickers.parquet,DOLTHUB_SEC_PARQUET_MIRROR,YAHOO_CHART,2025-09-30,502.739990234375,,,https://query1.finance.yahoo.com/v8/finance/chart/BRK-B?period1=1577836800&period2=1783296000&interval=1d&events=history&includeAdjustedClose=true,SKIPPED_IN_CORE_SMOKE,92515000000.0,2025-08-04,2025-06-30,,,,12457000000.0,2025-08-04,2025-06-30,20988000000.0,2025-08-04,2025-06-30,9139000000.0,2025-08-04,2025-06-30,667989000000.0,2025-08-04,2025-06-30,101228000000.0,2025-08-04,2025-06-30,1163968000000.0,2025-08-04,2025-06-30,493692000000.0,2025-08-04,2025-06-30,,,,,,,,,,2025-08-04,https://github.com/deeleeramone/sec-company-facts/releases/download/parquet-latest/facts_enc-b00015.parquet,True
BRK-B,Financials,2025-12-31,1067983,BERKSHIRE HATHAWAY INC,https://github.com/deeleeramone/sec-company-facts/releases/download/parquet-latest/primary_tickers.parquet,DOLTHUB_SEC_PARQUET_MIRROR,YAHOO_CHART,2025-12-31,502.6499938964844,,,https://query1.finance.yahoo.com/v8/finance/chart/BRK-B?period1=1577836800&period2=1783296000&interval=1d&events=history&includeAdjustedClose=true,SKIPPED_IN_CORE_SMOKE,277212000000.0,2025-11-03,2025-09-30,,,,30864000000.0,2025-11-03,2025-09-30,34777000000.0,2025-11-03,2025-09-30,14725000000.0,2025-11-03,2025-09-30,698155000000.0,2025-11-03,2025-09-30,77111000000.0,2025-11-03,2025-09-30,1225963000000.0,2025-11-03,2025-09-30,525522000000.0,2025-11-03,2025-09-30,,,,,,,,,,2025-11-03,https://github.com/deeleeramone/sec-company-facts/releases/download/parquet-latest/facts_enc-b00015.parquet,True
BRK-B,Financials,2026-03-31,1067983,BERKSHIRE HATHAWAY INC,https://github.com/deeleeramone/sec-company-facts/releases/download/parquet-latest/primary_tickers.parquet,DOLTHUB_SEC_PARQUET_MIRROR,YAHOO_CHART,2026-03-31,479.20001220703125,,,https://query1.finance.yahoo.com/v8/finance/chart/BRK-B?period1=1577836800&period2=1783296000&interval=1d&events=history&includeAdjustedClose=true,SKIPPED_IN_CORE_SMOKE,247244000000.0,2026-03-02,2025-12-31,,,,66968000000.0,2026-03-02,2025-12-31,45969000000.0,2026-03-02,2025-12-31,20927000000.0,2026-03-02,2025-12-31,719703000000.0,2026-03-02,2025-12-31,52569000000.0,2026-03-02,2025-12-31,1222176000000.0,2026-03-02,2025-12-31,502473000000.0,2026-03-02,2025-12-31,,,,,,,,,,2026-03-02,https://github.com/deeleeramone/sec-company-facts/releases/download/parquet-latest/facts_enc-b00015.parquet,True
BRK-B,Financials,2026-06-30,1067983,BERKSHIRE HATHAWAY INC,https://github.com/deeleeramone/sec-company-facts/releases/download/parquet-latest/primary_tickers.parquet,DOLTHUB_SEC_PARQUET_MIRROR,YAHOO_CHART,2026-06-30,500.3900146484375,,,https://query1.finance.yahoo.com/v8/finance/chart/BRK-B?period1=1577836800&period2=1783296000&interval=1d&events=history&includeAdjustedClose=true,SKIPPED_IN_CORE_SMOKE,93675000000.0,2026-05-04,2026-03-31,,,,10179000000.0,2026-05-04,2026-03-31,10438000000.0,2026-05-04,2026-03-31,4986000000.0,2026-05-04,2026-03-31,727181000000.0,2026-05-04,2026-03-31,58810000000.0,2026-05-04,2026-03-31,1252271000000.0,2026-05-04,2026-03-31,522821000000.0,2026-05-04,2026-03-31,,,,,,,,,,2026-05-04,https://github.com/deeleeramone/sec-company-facts/releases/download/parquet-latest/facts_enc-b00015.parquet,True
LLY,Healthcare,2021-03-31,59478,ELI LILLY & Co,https://github.com/deeleeramone/sec-company-facts/releases/download/parquet-latest/primary_tickers.parquet,DOLTHUB_SEC_PARQUET_MIRROR,YAHOO_CHART,2021-03-31,186.82000732421875,,,https://query1.finance.yahoo.com/v8/finance/chart/LLY?period1=1577836800&period2=1783296000&interval=1d&events=history&includeAdjustedClose=true,SKIPPED_IN_CORE_SMOKE,24539800000.0,2021-02-17,2020-12-31,,,,6193700000.0,2021-02-17,2020-12-31,6499600000.0,2021-02-17,2020-12-31,,,,5825200000.0,2021-02-17,2020-12-31,3657100000.0,2021-02-17,2020-12-31,46633100000.0,2021-02-17,2020-12-31,,,,16586600000.0,2021-02-17,2020-12-31,912505000.0,2021-02-17,2020-12-31,6.79,2021-02-17,2020-12-31,2021-02-17,https://github.com/deeleeramone/sec-company-facts/releases/download/parquet-latest/facts_enc-b00022.parquet,True
LLY,Healthcare,2021-06-30,59478,ELI LILLY & Co,https://github.com/deeleeramone/sec-company-facts/releases/download/parquet-latest/primary_tickers.parquet,DOLTHUB_SEC_PARQUET_MIRROR,YAHOO_CHART,2021-06-30,229.52000427246094,,,https://query1.finance.yahoo.com/v8/finance/chart/LLY?period1=1577836800&period2=1783296000&interval=1d&events=history&includeAdjustedClose=true,SKIPPED_IN_CORE_SMOKE,6805600000.0,2021-04-30,2021-03-31,,,,1355300000.0,2021-04-30,2021-03-31,1697400000.0,2021-04-30,2021-03-31,,,,6898700000.0,2021-04-30,2021-03-31,3002400000.0,2021-04-30,2021-03-31,46838300000.0,2021-04-30,2021-03-31,,,,16199600000.0,2021-04-30,2021-03-31,912400000.0,2021-04-30,2021-03-31,1.49,2021-04-30,2021-03-31,2021-04-30,https://github.com/deeleeramone/sec-company-facts/releases/download/parquet-latest/facts_enc-b00022.parquet,True
LLY,Healthcare,2021-09-30,59478,ELI LILLY & Co,https://github.com/deeleeramone/sec-company-facts/releases/download/parquet-latest/primary_tickers.parquet,DOLTHUB_SEC_PARQUET_MIRROR,YAHOO_CHART,2021-09-30,231.0500030517578,,,https://query1.finance.yahoo.com/v8/finance/chart/LLY?period1=1577836800&period2=1783296000&interval=1d&events=history&includeAdjustedClose=true,SKIPPED_IN_CORE_SMOKE,6740100000.0,2021-08-03,2021-06-30,,,,2745500000.0,2021-08-03,2021-06-30,3472900000.0,2021-08-03,2021-06-30,,,,6444400000.0,2021-08-03,2021-06-30,3220000000.0,2021-08-03,2021-06-30,47809000000.0,2021-08-03,2021-06-30,,,,14736600000.0,2021-08-03,2021-06-30,910400000.0,2021-08-03,2021-06-30,3.01,2021-08-03,2021-06-30,2021-08-03,https://github.com/deeleeramone/sec-company-facts/releases/download/parquet-latest/facts_enc-b00022.parquet,True
LLY,Healthcare,2021-12-31,59478,ELI LILLY & Co,https://github.com/deeleeramone/sec-company-facts/releases/download/parquet-latest/primary_tickers.parquet,DOLTHUB_SEC_PARQUET_MIRROR,YAHOO_CHART,2021-12-31,276.2200012207031,,,https://query1.finance.yahoo.com/v8/finance/chart/LLY?period1=1577836800&period2=1783296000&interval=1d&events=history&includeAdjustedClose=true,SKIPPED_IN_CORE_SMOKE,6772800000.0,2021-10-27,2021-09-30,,,,3855600000.0,2021-10-27,2021-09-30,5104200000.0,2021-10-27,2021-09-30,,,,7757000000.0,2021-10-27,2021-09-30,3788200000.0,2021-10-27,2021-09-30,48187000000.0,2021-10-27,2021-09-30,,,,15522400000.0,2021-10-27,2021-09-30,911700000.0,2021-10-27,2021-09-30,1.22,2021-10-27,2021-09-30,2021-10-27,https://github.com/deeleeramone/sec-company-facts/releases/download/parquet-latest/facts_enc-b00022.parquet,True
LLY,Healthcare,2022-03-31,59478,ELI LILLY & Co,https://github.com/deeleeramone/sec-company-facts/releases/download/parquet-latest/primary_tickers.parquet,DOLTHUB_SEC_PARQUET_MIRROR,YAHOO_CHART,2022-03-31,286.3699951171875,,,https://query1.finance.yahoo.com/v8/finance/chart/LLY?period1=1577836800&period2=1783296000&interval=1d&events=history&includeAdjustedClose=true,SKIPPED_IN_CORE_SMOKE,28318400000.0,2022-02-23,2021-12-31,,,,5581700000.0,2022-02-23,2021-12-31,7260700000.0,2022-02-23,2021-12-31,,,,9154800000.0,2022-02-23,2021-12-31,3818500000.0,2022-02-23,2021-12-31,48806000000.0,2022-02-23,2021-12-31,,,,15346400000.0,2022-02-23,2021-12-31,911681000.0,2022-02-23,2021-12-31,6.12,2022-02-23,2021-12-31,2022-02-23,https://github.com/deeleeramone/sec-company-facts/releases/download/parquet-latest/facts_enc-b00022.parquet,True
LLY,Healthcare,2022-06-30,59478,ELI LILLY & Co,https://github.com/deeleeramone/sec-company-facts/releases/download/parquet-latest/primary_tickers.parquet,DOLTHUB_SEC_PARQUET_MIRROR,YAHOO_CHART,2022-06-30,324.2300109863281,,,https://query1.finance.yahoo.com/v8/finance/chart/LLY?period1=1577836800&period2=1783296000&interval=1d&events=history&includeAdjustedClose=true,SKIPPED_IN_CORE_SMOKE,7810000000.0,2022-04-29,2022-03-31,,,,1902900000.0,2022-04-29,2022-03-31,2499200000.0,2022-04-29,2022-03-31,,,,9330800000.0,2022-04-29,2022-03-31,2459200000.0,2022-04-29,2022-03-31,46919300000.0,2022-04-29,2022-03-31,,,,15152900000.0,2022-04-29,2022-03-31,906400000.0,2022-04-29,2022-03-31,2.1,2022-04-29,2022-03-31,2022-04-29,https://github.com/deeleeramone/sec-company-facts/releases/download/parquet-latest/facts_enc-b00022.parquet,True
LLY,Healthcare,2022-09-30,59478,ELI LILLY & Co,https://github.com/deeleeramone/sec-company-facts/releases/download/parquet-latest/primary_tickers.parquet,DOLTHUB_SEC_PARQUET_MIRROR,YAHOO_CHART,2022-09-30,323.3500061035156,,,https://query1.finance.yahoo.com/v8/finance/chart/LLY?period1=1577836800&period2=1783296000&interval=1d&events=history&includeAdjustedClose=true,SKIPPED_IN_CORE_SMOKE,6488000000.0,2022-08-04,2022-06-30,,,,2855400000.0,2022-08-04,2022-06-30,3319900000.0,2022-08-04,2022-06-30,,,,8544700000.0,2022-08-04,2022-06-30,2622900000.0,2022-08-04,2022-06-30,47063600000.0,2022-08-04,2022-06-30,,,,14692000000.0,2022-08-04,2022-06-30,902900000.0,2022-08-04,2022-06-30,1.05,2022-08-04,2022-06-30,2022-08-04,https://github.com/deeleeramone/sec-company-facts/releases/download/parquet-latest/facts_enc-b00022.parquet,True
LLY,Healthcare,2022-12-31,59478,ELI LILLY & Co,https://github.com/deeleeramone/sec-company-facts/releases/download/parquet-latest/primary_tickers.parquet,DOLTHUB_SEC_PARQUET_MIRROR,YAHOO_CHART,2022-12-30,365.8399963378906,,,https://query1.finance.yahoo.com/v8/finance/chart/LLY?period1=1577836800&period2=1783296000&interval=1d&events=history&includeAdjustedClose=true,SKIPPED_IN_CORE_SMOKE,6941600000.0,2022-11-01,2022-09-30,,,,1451700000.0,2022-11-01,2022-09-30,5504700000.0,2022-11-01,2022-09-30,,,,10165900000.0,2022-11-01,2022-09-30,2617400000.0,2022-11-01,2022-09-30,47461500000.0,2022-11-01,2022-09-30,,,,14143800000.0,2022-11-01,2022-09-30,904500000.0,2022-11-01,2022-09-30,4.76,2022-11-01,2022-09-30,2022-11-01,https://github.com/deeleeramone/sec-company-facts/releases/download/parquet-latest/facts_enc-b00022.parquet,True
LLY,Healthcare,2023-03-31,59478,ELI LILLY & Co,https://github.com/deeleeramone/sec-company-facts/releases/download/parquet-latest/primary_tickers.parquet,DOLTHUB_SEC_PARQUET_MIRROR,YAHOO_CHART,2023-03-31,343.4200134277344,,,https://query1.finance.yahoo.com/v8/finance/chart/LLY?period1=1577836800&period2=1783296000&interval=1d&events=history&includeAdjustedClose=true,SKIPPED_IN_CORE_SMOKE,28541400000.0,2023-02-22,2022-12-31,,,,6244800000.0,2023-02-22,2022-12-31,7084400000.0,2023-02-22,2022-12-31,,,,10775400000.0,2023-02-22,2022-12-31,2067000000.0,2023-02-22,2022-12-31,49489800000.0,2023-02-22,2022-12-31,,,,14737500000.0,2023-02-22,2022-12-31,904619000.0,2023-02-22,2022-12-31,6.9,2023-02-22,2022-12-31,2023-02-22,https://github.com/deeleeramone/sec-company-facts/releases/download/parquet-latest/facts_enc-b00022.parquet,True
LLY,Healthcare,2023-06-30,59478,ELI LILLY & Co,https://github.com/deeleeramone/sec-company-facts/releases/download/parquet-latest/primary_tickers.parquet,DOLTHUB_SEC_PARQUET_MIRROR,YAHOO_CHART,2023-06-30,468.9800109863281,,,https://query1.finance.yahoo.com/v8/finance/chart/LLY?period1=1577836800&period2=1783296000&interval=1d&events=history&includeAdjustedClose=true,SKIPPED_IN_CORE_SMOKE,6960000000.0,2023-04-27,2023-03-31,,,,1344900000.0,2023-04-27,2023-03-31,1730600000.0,2023-04-27,2023-03-31,,,,11294900000.0,2023-04-27,2023-03-31,3545900000.0,2023-04-27,2023-03-31,53163000000.0,2023-04-27,2023-03-31,,,,18880500000.0,2023-04-27,2023-03-31,903300000.0,2023-04-27,2023-03-31,1.49,2023-04-27,2023-03-31,2023-04-27,https://github.com/deeleeramone/sec-company-facts/releases/download/parquet-latest/facts_enc-b00022.parquet,True
LLY,Healthcare,2023-09-30,59478,ELI LILLY & Co,https://github.com/deeleeramone/sec-company-facts/releases/download/parquet-latest/primary_tickers.parquet,DOLTHUB_SEC_PARQUET_MIRROR,YAHOO_CHART,2023-09-29,537.1300048828125,,,https://query1.finance.yahoo.com/v8/finance/chart/LLY?period1=1577836800&period2=1783296000&interval=1d&events=history&includeAdjustedClose=true,SKIPPED_IN_CORE_SMOKE,8312100000.0,2023-08-08,2023-06-30,,,,3108100000.0,2023-08-08,2023-06-30,2362500000.0,2023-08-08,2023-06-30,,,,11149300000.0,2023-08-08,2023-06-30,2694500000.0,2023-08-08,2023-06-30,54814000000.0,2023-08-08,2023-06-30,,,,18158400000.0,2023-08-08,2023-06-30,903000000.0,2023-08-08,2023-06-30,1.95,2023-08-08,2023-06-30,2023-08-08,https://github.com/deeleeramone/sec-company-facts/releases/download/parquet-latest/facts_enc-b00022.parquet,True
LLY,Healthcare,2023-12-31,59478,ELI LILLY & Co,https://github.com/deeleeramone/sec-company-facts/releases/download/parquet-latest/primary_tickers.parquet,DOLTHUB_SEC_PARQUET_MIRROR,YAHOO_CHART,2023-12-29,582.9199829101562,,,https://query1.finance.yahoo.com/v8/finance/chart/LLY?period1=1577836800&period2=1783296000&interval=1d&events=history&includeAdjustedClose=true,SKIPPED_IN_CORE_SMOKE,24770700000.0,2023-11-02,2023-09-30,,,,-57400000.0,2023-11-02,2023-09-30,4552000000.0,2023-11-02,2023-09-30,,,,11307400000.0,2023-11-02,2023-09-30,2380800000.0,2023-11-02,2023-09-30,57915500000.0,2023-11-02,2023-09-30,,,,17923600000.0,2023-11-02,2023-09-30,903100000.0,2023-11-02,2023-09-30,-0.06,2023-11-02,2023-09-30,2023-11-02,https://github.com/deeleeramone/sec-company-facts/releases/download/parquet-latest/facts_enc-b00022.parquet,True
LLY,Healthcare,2024-03-31,59478,ELI LILLY & Co,https://github.com/deeleeramone/sec-company-facts/releases/download/parquet-latest/primary_tickers.parquet,DOLTHUB_SEC_PARQUET_MIRROR,YAHOO_CHART,2024-03-28,777.9600219726562,,,https://query1.finance.yahoo.com/v8/finance/chart/LLY?period1=1577836800&period2=1783296000&interval=1d&events=history&includeAdjustedClose=true,SKIPPED_IN_CORE_SMOKE,34124100000.0,2024-02-21,2023-12-31,,,,5240400000.0,2024-02-21,2023-12-31,4240100000.0,2024-02-21,2023-12-31,,,,10771900000.0,2024-02-21,2023-12-31,2818600000.0,2024-02-21,2023-12-31,64006300000.0,2024-02-21,2023-12-31,,,,18320800000.0,2024-02-21,2023-12-31,903284000.0,2024-02-21,2023-12-31,5.8,2024-02-21,2023-12-31,2024-02-21,https://github.com/deeleeramone/sec-company-facts/releases/download/parquet-latest/facts_enc-b00022.parquet,True
LLY,Healthcare,2024-06-30,59478,ELI LILLY & Co,https://github.com/deeleeramone/sec-company-facts/releases/download/parquet-latest/primary_tickers.parquet,DOLTHUB_SEC_PARQUET_MIRROR,YAHOO_CHART,2024-06-28,905.3800048828125,,,https://query1.finance.yahoo.com/v8/finance/chart/LLY?period1=1577836800&period2=1783296000&interval=1d&events=history&includeAdjustedClose=true,SKIPPED_IN_CORE_SMOKE,8768000000.0,2024-04-30,2024-03-31,,,,2242900000.0,2024-04-30,2024-03-31,1166000000.0,2024-04-30,2024-03-31,,,,12897400000.0,2024-04-30,2024-03-31,2460200000.0,2024-04-30,2024-03-31,63943500000.0,2024-04-30,2024-03-31,,,,24559900000.0,2024-04-30,2024-03-31,903800000.0,2024-04-30,2024-03-31,2.48,2024-04-30,2024-03-31,2024-04-30,https://github.com/deeleeramone/sec-company-facts/releases/download/parquet-latest/facts_enc-b00022.parquet,True
LLY,Healthcare,2024-09-30,59478,ELI LILLY & Co,https://github.com/deeleeramone/sec-company-facts/releases/download/parquet-latest/primary_tickers.parquet,DOLTHUB_SEC_PARQUET_MIRROR,YAHOO_CHART,2024-09-30,885.9400024414062,,,https://query1.finance.yahoo.com/v8/finance/chart/LLY?period1=1577836800&period2=1783296000&interval=1d&events=history&includeAdjustedClose=true,SKIPPED_IN_CORE_SMOKE,11302800000.0,2024-08-08,2024-06-30,,,,2967000000.0,2024-08-08,2024-06-30,2632200000.0,2024-08-08,2024-06-30,,,,13635500000.0,2024-08-08,2024-06-30,3223600000.0,2024-08-08,2024-06-30,71874800000.0,2024-08-08,2024-06-30,,,,23730400000.0,2024-08-08,2024-06-30,904000000.0,2024-08-08,2024-06-30,3.28,2024-08-08,2024-06-30,2024-08-08,https://github.com/deeleeramone/sec-company-facts/releases/download/parquet-latest/facts_enc-b00022.parquet,True
LLY,Healthcare,2024-12-31,59478,ELI LILLY & Co,https://github.com/deeleeramone/sec-company-facts/releases/download/parquet-latest/primary_tickers.parquet,DOLTHUB_SEC_PARQUET_MIRROR,YAHOO_CHART,2024-12-31,772.0,,,https://query1.finance.yahoo.com/v8/finance/chart/LLY?period1=1577836800&period2=1783296000&interval=1d&events=history&includeAdjustedClose=true,SKIPPED_IN_CORE_SMOKE,11439100000.0,2024-10-30,2024-09-30,,,,6180200000.0,2024-10-30,2024-09-30,6344100000.0,2024-10-30,2024-09-30,,,,14320700000.0,2024-10-30,2024-09-30,3369000000.0,2024-10-30,2024-09-30,75606900000.0,2024-10-30,2024-09-30,,,,29045400000.0,2024-10-30,2024-09-30,904400000.0,2024-10-30,2024-09-30,1.07,2024-10-30,2024-09-30,2024-10-30,https://github.com/deeleeramone/sec-company-facts/releases/download/parquet-latest/facts_enc-b00022.parquet,True
LLY,Healthcare,2025-03-31,59478,ELI LILLY & Co,https://github.com/deeleeramone/sec-company-facts/releases/download/parquet-latest/primary_tickers.parquet,DOLTHUB_SEC_PARQUET_MIRROR,YAHOO_CHART,2025-03-31,825.9099731445312,,,https://query1.finance.yahoo.com/v8/finance/chart/LLY?period1=1577836800&period2=1783296000&interval=1d&events=history&includeAdjustedClose=true,SKIPPED_IN_CORE_SMOKE,45042700000.0,2025-02-19,2024-12-31,,,,10590000000.0,2025-02-19,2024-12-31,8817900000.0,2025-02-19,2024-12-31,,,,14192100000.0,2025-02-19,2024-12-31,3268400000.0,2025-02-19,2024-12-31,78714900000.0,2025-02-19,2024-12-31,,,,28527100000.0,2025-02-19,2024-12-31,904059000.0,2025-02-19,2024-12-31,11.71,2025-02-19,2024-12-31,2025-02-19,https://github.com/deeleeramone/sec-company-facts/releases/download/parquet-latest/facts_enc-b00022.parquet,True
LLY,Healthcare,2025-06-30,59478,ELI LILLY & Co,https://github.com/deeleeramone/sec-company-facts/releases/download/parquet-latest/primary_tickers.parquet,DOLTHUB_SEC_PARQUET_MIRROR,YAHOO_CHART,2025-06-30,779.530029296875,,,https://query1.finance.yahoo.com/v8/finance/chart/LLY?period1=1577836800&period2=1783296000&interval=1d&events=history&includeAdjustedClose=true,SKIPPED_IN_CORE_SMOKE,12728500000.0,2025-05-01,2025-03-31,,,,2759300000.0,2025-05-01,2025-03-31,1665600000.0,2025-05-01,2025-03-31,,,,15764800000.0,2025-05-01,2025-03-31,3093300000.0,2025-05-01,2025-03-31,89388800000.0,2025-05-01,2025-03-31,,,,34499500000.0,2025-05-01,2025-03-31,900600000.0,2025-05-01,2025-03-31,3.06,2025-05-01,2025-03-31,2025-05-01,https://github.com/deeleeramone/sec-company-facts/releases/download/parquet-latest/facts_enc-b00022.parquet,True
LLY,Healthcare,2025-09-30,59478,ELI LILLY & Co,https://github.com/deeleeramone/sec-company-facts/releases/download/parquet-latest/primary_tickers.parquet,DOLTHUB_SEC_PARQUET_MIRROR,YAHOO_CHART,2025-09-30,763.0,,,https://query1.finance.yahoo.com/v8/finance/chart/LLY?period1=1577836800&period2=1783296000&interval=1d&events=history&includeAdjustedClose=true,SKIPPED_IN_CORE_SMOKE,28286200000.0,2025-08-07,2025-06-30,,,,8419800000.0,2025-08-07,2025-06-30,4752500000.0,2025-08-07,2025-06-30,,,,18349100000.0,2025-08-07,2025-06-30,3375900000.0,2025-08-07,2025-06-30,100922600000.0,2025-08-07,2025-06-30,,,,34180100000.0,2025-08-07,2025-06-30,899800000.0,2025-08-07,2025-06-30,9.35,2025-08-07,2025-06-30,2025-08-07,https://github.com/deeleeramone/sec-company-facts/releases/download/parquet-latest/facts_enc-b00022.parquet,True
LLY,Healthcare,2025-12-31,59478,ELI LILLY & Co,https://github.com/deeleeramone/sec-company-facts/releases/download/parquet-latest/primary_tickers.parquet,DOLTHUB_SEC_PARQUET_MIRROR,YAHOO_CHART,2025-12-31,1074.6800537109375,,,https://query1.finance.yahoo.com/v8/finance/chart/LLY?period1=1577836800&period2=1783296000&interval=1d&events=history&includeAdjustedClose=true,SKIPPED_IN_CORE_SMOKE,17600800000.0,2025-10-30,2025-09-30,,,,5582500000.0,2025-10-30,2025-09-30,13588400000.0,2025-10-30,2025-09-30,,,,23793300000.0,2025-10-30,2025-09-30,9791900000.0,2025-10-30,2025-09-30,114935400000.0,2025-10-30,2025-09-30,,,,40873600000.0,2025-10-30,2025-09-30,899700000.0,2025-10-30,2025-09-30,6.21,2025-10-30,2025-09-30,2025-10-30,https://github.com/deeleeramone/sec-company-facts/releases/download/parquet-latest/facts_enc-b00022.parquet,True
LLY,Healthcare,2026-03-31,59478,ELI LILLY & Co,https://github.com/deeleeramone/sec-company-facts/releases/download/parquet-latest/primary_tickers.parquet,DOLTHUB_SEC_PARQUET_MIRROR,YAHOO_CHART,2026-03-31,919.77001953125,,,https://query1.finance.yahoo.com/v8/finance/chart/LLY?period1=1577836800&period2=1783296000&interval=1d&events=history&includeAdjustedClose=true,SKIPPED_IN_CORE_SMOKE,65179000000.0,2026-02-12,2025-12-31,,,,20640000000.0,2026-02-12,2025-12-31,16813000000.0,2026-02-12,2025-12-31,,,,26535000000.0,2026-02-12,2025-12-31,7268000000.0,2026-02-12,2025-12-31,112476000000.0,2026-02-12,2025-12-31,,,,40868000000.0,2026-02-12,2025-12-31,899300000.0,2026-02-12,2025-12-31,22.95,2026-02-12,2025-12-31,2026-02-12,https://github.com/deeleeramone/sec-company-facts/releases/download/parquet-latest/facts_enc-b00022.parquet,True
LLY,Healthcare,2026-06-30,59478,ELI LILLY & Co,https://github.com/deeleeramone/sec-company-facts/releases/download/parquet-latest/primary_tickers.parquet,DOLTHUB_SEC_PARQUET_MIRROR,YAHOO_CHART,2026-06-30,1199.4300537109375,,,https://query1.finance.yahoo.com/v8/finance/chart/LLY?period1=1577836800&period2=1783296000&interval=1d&events=history&includeAdjustedClose=true,SKIPPED_IN_CORE_SMOKE,19799000000.0,2026-04-30,2026-03-31,,,,7396000000.0,2026-04-30,2026-03-31,5333000000.0,2026-04-30,2026-03-31,,,,31198000000.0,2026-04-30,2026-03-31,5282000000.0,2026-04-30,2026-03-31,116576000000.0,2026-04-30,2026-03-31,,,,39370000000.0,2026-04-30,2026-03-31,895900000.0,2026-04-30,2026-03-31,8.26,2026-04-30,2026-03-31,2026-04-30,https://github.com/deeleeramone/sec-company-facts/releases/download/parquet-latest/facts_enc-b00022.parquet,True
VRTX,Healthcare,2021-03-31,875320,VERTEX PHARMACEUTICALS INC / MA,https://github.com/deeleeramone/sec-company-facts/releases/download/parquet-latest/primary_tickers.parquet,DOLTHUB_SEC_PARQUET_MIRROR,YAHOO_CHART,2021-03-31,214.88999938964844,,,https://query1.finance.yahoo.com/v8/finance/chart/VRTX?period1=1577836800&period2=1783296000&interval=1d&events=history&includeAdjustedClose=true,SKIPPED_IN_CORE_SMOKE,6205683000.0,2021-02-11,2020-12-31,,,,2711647000.0,2021-02-11,2020-12-31,3253505000.0,2021-02-11,2020-12-31,259798000.0,2021-02-11,2020-12-31,8686815000.0,2021-02-11,2020-12-31,5988845000.0,2021-02-11,2020-12-31,11751808000.0,2021-02-11,2020-12-31,3064993000.0,2021-02-11,2020-12-31,,,,263396000.0,2021-02-11,2020-12-31,2.3,2021-02-11,2020-12-31,2021-02-11,https://github.com/deeleeramone/sec-company-facts/releases/download/parquet-latest/facts_enc-b00056.parquet,True
VRTX,Healthcare,2021-06-30,875320,VERTEX PHARMACEUTICALS INC / MA,https://github.com/deeleeramone/sec-company-facts/releases/download/parquet-latest/primary_tickers.parquet,DOLTHUB_SEC_PARQUET_MIRROR,YAHOO_CHART,2021-06-30,201.6300048828125,,,https://query1.finance.yahoo.com/v8/finance/chart/VRTX?period1=1577836800&period2=1783296000&interval=1d&events=history&includeAdjustedClose=true,SKIPPED_IN_CORE_SMOKE,1724305000.0,2021-04-30,2021-03-31,,,,653138000.0,2021-04-30,2021-03-31,921055000.0,2021-04-30,2021-03-31,70926000.0,2021-04-30,2021-03-31,8980254000.0,2021-04-30,2021-03-31,6304330000.0,2021-04-30,2021-03-31,12115059000.0,2021-04-30,2021-03-31,3134805000.0,2021-04-30,2021-03-31,,,,261916000.0,2021-04-30,2021-03-31,2.49,2021-04-30,2021-03-31,2021-04-30,https://github.com/deeleeramone/sec-company-facts/releases/download/parquet-latest/facts_enc-b00056.parquet,True
VRTX,Healthcare,2021-09-30,875320,VERTEX PHARMACEUTICALS INC / MA,https://github.com/deeleeramone/sec-company-facts/releases/download/parquet-latest/primary_tickers.parquet,DOLTHUB_SEC_PARQUET_MIRROR,YAHOO_CHART,2021-09-30,181.38999938964844,,,https://query1.finance.yahoo.com/v8/finance/chart/VRTX?period1=1577836800&period2=1783296000&interval=1d&events=history&includeAdjustedClose=true,SKIPPED_IN_CORE_SMOKE,3517675000.0,2021-07-30,2021-06-30,,,,720062000.0,2021-07-30,2021-06-30,721288000.0,2021-07-30,2021-06-30,120763000.0,2021-07-30,2021-06-30,9196396000.0,2021-07-30,2021-06-30,6063678000.0,2021-07-30,2021-06-30,12221686000.0,2021-07-30,2021-06-30,3025290000.0,2021-07-30,2021-06-30,,,,261020000.0,2021-07-30,2021-06-30,0.26,2021-07-30,2021-06-30,2021-07-30,https://github.com/deeleeramone/sec-company-facts/releases/download/parquet-latest/facts_enc-b00056.parquet,True
VRTX,Healthcare,2021-12-31,875320,VERTEX PHARMACEUTICALS INC / MA,https://github.com/deeleeramone/sec-company-facts/releases/download/parquet-latest/primary_tickers.parquet,DOLTHUB_SEC_PARQUET_MIRROR,YAHOO_CHART,2021-12-31,219.60000610351562,,,https://query1.finance.yahoo.com/v8/finance/chart/VRTX?period1=1577836800&period2=1783296000&interval=1d&events=history&includeAdjustedClose=true,SKIPPED_IN_CORE_SMOKE,1984164000.0,2021-11-03,2021-09-30,,,,1571990000.0,2021-11-03,2021-09-30,1648507000.0,2021-11-03,2021-09-30,173285000.0,2021-11-03,2021-09-30,9530708000.0,2021-11-03,2021-09-30,6275698000.0,2021-11-03,2021-09-30,12618745000.0,2021-11-03,2021-09-30,3088037000.0,2021-11-03,2021-09-30,,,,260877000.0,2021-11-03,2021-09-30,3.28,2021-11-03,2021-09-30,2021-11-03,https://github.com/deeleeramone/sec-company-facts/releases/download/parquet-latest/facts_enc-b00056.parquet,True
VRTX,Healthcare,2022-03-31,875320,VERTEX PHARMACEUTICALS INC / MA,https://github.com/deeleeramone/sec-company-facts/releases/download/parquet-latest/primary_tickers.parquet,DOLTHUB_SEC_PARQUET_MIRROR,YAHOO_CHART,2022-03-31,260.9700012207031,,,https://query1.finance.yahoo.com/v8/finance/chart/VRTX?period1=1577836800&period2=1783296000&interval=1d&events=history&includeAdjustedClose=true,SKIPPED_IN_CORE_SMOKE,7574400000.0,2022-02-09,2021-12-31,,,,2342100000.0,2022-02-09,2021-12-31,2643500000.0,2022-02-09,2021-12-31,235000000.0,2022-02-09,2021-12-31,10100000000.0,2022-02-09,2021-12-31,6795000000.0,2022-02-09,2021-12-31,13432500000.0,2022-02-09,2021-12-31,3332500000.0,2022-02-09,2021-12-31,,,,259900000.0,2022-02-09,2021-12-31,9.01,2022-02-09,2021-12-31,2022-02-09,https://github.com/deeleeramone/sec-company-facts/releases/download/parquet-latest/facts_enc-b00056.parquet,True
VRTX,Healthcare,2022-06-30,875320,VERTEX PHARMACEUTICALS INC / MA,https://github.com/deeleeramone/sec-company-facts/releases/download/parquet-latest/primary_tickers.parquet,DOLTHUB_SEC_PARQUET_MIRROR,YAHOO_CHART,2022-06-30,281.7900085449219,,,https://query1.finance.yahoo.com/v8/finance/chart/VRTX?period1=1577836800&period2=1783296000&interval=1d&events=history&includeAdjustedClose=true,SKIPPED_IN_CORE_SMOKE,2097500000.0,2022-05-06,2022-03-31,,,,762100000.0,2022-05-06,2022-03-31,956200000.0,2022-05-06,2022-03-31,63600000.0,2022-05-06,2022-03-31,10907000000.0,2022-05-06,2022-03-31,7604000000.0,2022-05-06,2022-03-31,14256100000.0,2022-05-06,2022-03-31,3349100000.0,2022-05-06,2022-03-31,,,,257900000.0,2022-05-06,2022-03-31,2.96,2022-05-06,2022-03-31,2022-05-06,https://github.com/deeleeramone/sec-company-facts/releases/download/parquet-latest/facts_enc-b00056.parquet,True
VRTX,Healthcare,2022-09-30,875320,VERTEX PHARMACEUTICALS INC / MA,https://github.com/deeleeramone/sec-company-facts/releases/download/parquet-latest/primary_tickers.parquet,DOLTHUB_SEC_PARQUET_MIRROR,YAHOO_CHART,2022-09-30,289.5400085449219,,,https://query1.finance.yahoo.com/v8/finance/chart/VRTX?period1=1577836800&period2=1783296000&interval=1d&events=history&includeAdjustedClose=true,SKIPPED_IN_CORE_SMOKE,4293700000.0,2022-08-05,2022-06-30,,,,1572600000.0,2022-08-05,2022-06-30,2096000000.0,2022-08-05,2022-06-30,116900000.0,2022-08-05,2022-06-30,11933500000.0,2022-08-05,2022-06-30,8702200000.0,2022-08-05,2022-06-30,15582200000.0,2022-08-05,2022-06-30,3648700000.0,2022-08-05,2022-06-30,,,,258300000.0,2022-08-05,2022-06-30,3.13,2022-08-05,2022-06-30,2022-08-05,https://github.com/deeleeramone/sec-company-facts/releases/download/parquet-latest/facts_enc-b00056.parquet,True
VRTX,Healthcare,2022-12-31,875320,VERTEX PHARMACEUTICALS INC / MA,https://github.com/deeleeramone/sec-company-facts/releases/download/parquet-latest/primary_tickers.parquet,DOLTHUB_SEC_PARQUET_MIRROR,YAHOO_CHART,2022-12-30,288.7799987792969,,,https://query1.finance.yahoo.com/v8/finance/chart/VRTX?period1=1577836800&period2=1783296000&interval=1d&events=history&includeAdjustedClose=true,SKIPPED_IN_CORE_SMOKE,2334300000.0,2022-10-28,2022-09-30,,,,930500000.0,2022-10-28,2022-09-30,3051500000.0,2022-10-28,2022-09-30,171100000.0,2022-10-28,2022-09-30,13029600000.0,2022-10-28,2022-09-30,9171500000.0,2022-10-28,2022-09-30,16706400000.0,2022-10-28,2022-09-30,3676800000.0,2022-10-28,2022-09-30,,,,258700000.0,2022-10-28,2022-09-30,3.59,2022-10-28,2022-09-30,2022-10-28,https://github.com/deeleeramone/sec-company-facts/releases/download/parquet-latest/facts_enc-b00056.parquet,True
VRTX,Healthcare,2023-03-31,875320,VERTEX PHARMACEUTICALS INC / MA,https://github.com/deeleeramone/sec-company-facts/releases/download/parquet-latest/primary_tickers.parquet,DOLTHUB_SEC_PARQUET_MIRROR,YAHOO_CHART,2023-03-31,315.07000732421875,,,https://query1.finance.yahoo.com/v8/finance/chart/VRTX?period1=1577836800&period2=1783296000&interval=1d&events=history&includeAdjustedClose=true,SKIPPED_IN_CORE_SMOKE,8930700000.0,2023-02-10,2022-12-31,,,,3322000000.0,2023-02-10,2022-12-31,4129900000.0,2023-02-10,2022-12-31,204700000.0,2023-02-10,2022-12-31,13912700000.0,2023-02-10,2022-12-31,10512000000.0,2023-02-10,2022-12-31,18150900000.0,2023-02-10,2022-12-31,4238200000.0,2023-02-10,2022-12-31,,,,259100000.0,2023-02-10,2022-12-31,12.82,2023-02-10,2022-12-31,2023-02-10,https://github.com/deeleeramone/sec-company-facts/releases/download/parquet-latest/facts_enc-b00056.parquet,True
VRTX,Healthcare,2023-06-30,875320,VERTEX PHARMACEUTICALS INC / MA,https://github.com/deeleeramone/sec-company-facts/releases/download/parquet-latest/primary_tickers.parquet,DOLTHUB_SEC_PARQUET_MIRROR,YAHOO_CHART,2023-06-30,351.9100036621094,,,https://query1.finance.yahoo.com/v8/finance/chart/VRTX?period1=1577836800&period2=1783296000&interval=1d&events=history&includeAdjustedClose=true,SKIPPED_IN_CORE_SMOKE,2374800000.0,2023-05-02,2023-03-31,,,,699800000.0,2023-05-02,2023-03-31,899900000.0,2023-05-02,2023-03-31,42100000.0,2023-05-02,2023-03-31,14432300000.0,2023-05-02,2023-03-31,9289900000.0,2023-05-02,2023-03-31,18974200000.0,2023-05-02,2023-03-31,4541900000.0,2023-05-02,2023-03-31,,,,260300000.0,2023-05-02,2023-03-31,2.69,2023-05-02,2023-03-31,2023-05-02,https://github.com/deeleeramone/sec-company-facts/releases/download/parquet-latest/facts_enc-b00056.parquet,True
VRTX,Healthcare,2023-09-30,875320,VERTEX PHARMACEUTICALS INC / MA,https://github.com/deeleeramone/sec-company-facts/releases/download/parquet-latest/primary_tickers.parquet,DOLTHUB_SEC_PARQUET_MIRROR,YAHOO_CHART,2023-09-29,347.739990234375,,,https://query1.finance.yahoo.com/v8/finance/chart/VRTX?period1=1577836800&period2=1783296000&interval=1d&events=history&includeAdjustedClose=true,SKIPPED_IN_CORE_SMOKE,4868000000.0,2023-08-02,2023-06-30,,,,1615500000.0,2023-08-02,2023-06-30,2034300000.0,2023-08-02,2023-06-30,101700000.0,2023-08-02,2023-06-30,15470200000.0,2023-08-02,2023-06-30,10153400000.0,2023-08-02,2023-06-30,20349200000.0,2023-08-02,2023-06-30,4879000000.0,2023-08-02,2023-06-30,,,,260400000.0,2023-08-02,2023-06-30,3.52,2023-08-02,2023-06-30,2023-08-02,https://github.com/deeleeramone/sec-company-facts/releases/download/parquet-latest/facts_enc-b00056.parquet,True
VRTX,Healthcare,2023-12-31,875320,VERTEX PHARMACEUTICALS INC / MA,https://github.com/deeleeramone/sec-company-facts/releases/download/parquet-latest/primary_tickers.parquet,DOLTHUB_SEC_PARQUET_MIRROR,YAHOO_CHART,2023-12-29,406.8900146484375,,,https://query1.finance.yahoo.com/v8/finance/chart/VRTX?period1=1577836800&period2=1783296000&interval=1d&events=history&includeAdjustedClose=true,SKIPPED_IN_CORE_SMOKE,2483500000.0,2023-11-07,2023-09-30,,,,1035300000.0,2023-11-07,2023-09-30,3302700000.0,2023-11-07,2023-09-30,142300000.0,2023-11-07,2023-09-30,16512800000.0,2023-11-07,2023-09-30,11110200000.0,2023-11-07,2023-09-30,21726200000.0,2023-11-07,2023-09-30,5213400000.0,2023-11-07,2023-09-30,,,,260600000.0,2023-11-07,2023-09-30,3.97,2023-11-07,2023-09-30,2023-11-07,https://github.com/deeleeramone/sec-company-facts/releases/download/parquet-latest/facts_enc-b00056.parquet,True
VRTX,Healthcare,2024-03-31,875320,VERTEX PHARMACEUTICALS INC / MA,https://github.com/deeleeramone/sec-company-facts/releases/download/parquet-latest/primary_tickers.parquet,DOLTHUB_SEC_PARQUET_MIRROR,YAHOO_CHART,2024-03-28,418.010009765625,,,https://query1.finance.yahoo.com/v8/finance/chart/VRTX?period1=1577836800&period2=1783296000&interval=1d&events=history&includeAdjustedClose=true,SKIPPED_IN_CORE_SMOKE,9869200000.0,2024-02-15,2023-12-31,,,,3619600000.0,2024-02-15,2023-12-31,3537300000.0,2024-02-15,2023-12-31,200400000.0,2024-02-15,2023-12-31,17580400000.0,2024-02-15,2023-12-31,10369100000.0,2024-02-15,2023-12-31,22730200000.0,2024-02-15,2023-12-31,5149800000.0,2024-02-15,2023-12-31,,,,260500000.0,2024-02-15,2023-12-31,13.89,2024-02-15,2023-12-31,2024-02-15,https://github.com/deeleeramone/sec-company-facts/releases/download/parquet-latest/facts_enc-b00056.parquet,True
VRTX,Healthcare,2024-06-30,875320,VERTEX PHARMACEUTICALS INC / MA,https://github.com/deeleeramone/sec-company-facts/releases/download/parquet-latest/primary_tickers.parquet,DOLTHUB_SEC_PARQUET_MIRROR,YAHOO_CHART,2024-06-28,468.7200012207031,,,https://query1.finance.yahoo.com/v8/finance/chart/VRTX?period1=1577836800&period2=1783296000&interval=1d&events=history&includeAdjustedClose=true,SKIPPED_IN_CORE_SMOKE,2690600000.0,2024-05-07,2024-03-31,,,,1099600000.0,2024-05-07,2024-03-31,1306600000.0,2024-05-07,2024-03-31,68400000.0,2024-05-07,2024-03-31,18546600000.0,2024-05-07,2024-03-31,9158000000.0,2024-05-07,2024-03-31,23917400000.0,2024-05-07,2024-03-31,5370800000.0,2024-05-07,2024-03-31,,,,261100000.0,2024-05-07,2024-03-31,4.21,2024-05-07,2024-03-31,2024-05-07,https://github.com/deeleeramone/sec-company-facts/releases/download/parquet-latest/facts_enc-b00056.parquet,True
VRTX,Healthcare,2024-09-30,875320,VERTEX PHARMACEUTICALS INC / MA,https://github.com/deeleeramone/sec-company-facts/releases/download/parquet-latest/primary_tickers.parquet,DOLTHUB_SEC_PARQUET_MIRROR,YAHOO_CHART,2024-09-30,465.0799865722656,,,https://query1.finance.yahoo.com/v8/finance/chart/VRTX?period1=1577836800&period2=1783296000&interval=1d&events=history&includeAdjustedClose=true,SKIPPED_IN_CORE_SMOKE,5336200000.0,2024-08-02,2024-06-30,,,,-3593600000.0,2024-08-02,2024-06-30,-2447000000.0,2024-08-02,2024-06-30,137400000.0,2024-08-02,2024-06-30,14774700000.0,2024-08-02,2024-06-30,4591000000.0,2024-08-02,2024-06-30,20132100000.0,2024-08-02,2024-06-30,5357400000.0,2024-08-02,2024-06-30,,,,258100000.0,2024-08-02,2024-06-30,-9.66,2024-08-02,2024-06-30,2024-08-02,https://github.com/deeleeramone/sec-company-facts/releases/download/parquet-latest/facts_enc-b00056.parquet,True
VRTX,Healthcare,2024-12-31,875320,VERTEX PHARMACEUTICALS INC / MA,https://github.com/deeleeramone/sec-company-facts/releases/download/parquet-latest/primary_tickers.parquet,DOLTHUB_SEC_PARQUET_MIRROR,YAHOO_CHART,2024-12-31,402.70001220703125,,,https://query1.finance.yahoo.com/v8/finance/chart/VRTX?period1=1577836800&period2=1783296000&interval=1d&events=history&includeAdjustedClose=true,SKIPPED_IN_CORE_SMOKE,2771900000.0,2024-11-05,2024-09-30,,,,-1448600000.0,2024-11-05,2024-09-30,-1077200000.0,2024-11-05,2024-09-30,205100000.0,2024-11-05,2024-09-30,15630900000.0,2024-11-05,2024-09-30,5239200000.0,2024-11-05,2024-09-30,22240200000.0,2024-11-05,2024-09-30,6609300000.0,2024-11-05,2024-09-30,,,,261000000.0,2024-11-05,2024-09-30,-5.61,2024-11-05,2024-09-30,2024-11-05,https://github.com/deeleeramone/sec-company-facts/releases/download/parquet-latest/facts_enc-b00056.parquet,True
VRTX,Healthcare,2025-03-31,875320,VERTEX PHARMACEUTICALS INC / MA,https://github.com/deeleeramone/sec-company-facts/releases/download/parquet-latest/primary_tickers.parquet,DOLTHUB_SEC_PARQUET_MIRROR,YAHOO_CHART,2025-03-31,484.82000732421875,,,https://query1.finance.yahoo.com/v8/finance/chart/VRTX?period1=1577836800&period2=1783296000&interval=1d&events=history&includeAdjustedClose=true,SKIPPED_IN_CORE_SMOKE,11020100000.0,2025-02-13,2024-12-31,,,,-535600000.0,2025-02-13,2024-12-31,-492600000.0,2025-02-13,2024-12-31,297700000.0,2025-02-13,2024-12-31,16409600000.0,2025-02-13,2024-12-31,4569600000.0,2025-02-13,2024-12-31,22533200000.0,2025-02-13,2024-12-31,6123600000.0,2025-02-13,2024-12-31,,,,257900000.0,2025-02-13,2024-12-31,-2.08,2025-02-13,2024-12-31,2025-02-13,https://github.com/deeleeramone/sec-company-facts/releases/download/parquet-latest/facts_enc-b00056.parquet,True
VRTX,Healthcare,2025-06-30,875320,VERTEX PHARMACEUTICALS INC / MA,https://github.com/deeleeramone/sec-company-facts/releases/download/parquet-latest/primary_tickers.parquet,DOLTHUB_SEC_PARQUET_MIRROR,YAHOO_CHART,2025-06-30,445.20001220703125,,,https://query1.finance.yahoo.com/v8/finance/chart/VRTX?period1=1577836800&period2=1783296000&interval=1d&events=history&includeAdjustedClose=true,SKIPPED_IN_CORE_SMOKE,2770200000.0,2025-05-06,2025-03-31,,,,646300000.0,2025-05-06,2025-03-31,818900000.0,2025-05-06,2025-03-31,40700000.0,2025-05-06,2025-03-31,16496300000.0,2025-05-06,2025-03-31,4685400000.0,2025-05-06,2025-03-31,22880500000.0,2025-05-06,2025-03-31,6384200000.0,2025-05-06,2025-03-31,,,,259500000.0,2025-05-06,2025-03-31,2.49,2025-05-06,2025-03-31,2025-05-06,https://github.com/deeleeramone/sec-company-facts/releases/download/parquet-latest/facts_enc-b00056.parquet,True
VRTX,Healthcare,2025-09-30,875320,VERTEX PHARMACEUTICALS INC / MA,https://github.com/deeleeramone/sec-company-facts/releases/download/parquet-latest/primary_tickers.parquet,DOLTHUB_SEC_PARQUET_MIRROR,YAHOO_CHART,2025-09-30,391.6400146484375,,,https://query1.finance.yahoo.com/v8/finance/chart/VRTX?period1=1577836800&period2=1783296000&interval=1d&events=history&includeAdjustedClose=true,SKIPPED_IN_CORE_SMOKE,2964700000.0,2025-08-05,2025-06-30,,,,1679200000.0,2025-08-05,2025-06-30,1892000000.0,2025-08-05,2025-06-30,186400000.0,2025-08-05,2025-06-30,17175400000.0,2025-08-05,2025-06-30,4982000000.0,2025-08-05,2025-06-30,24036700000.0,2025-08-05,2025-06-30,6861300000.0,2025-08-05,2025-06-30,,,,259200000.0,2025-08-05,2025-06-30,3.99,2025-08-05,2025-06-30,2025-08-05,https://github.com/deeleeramone/sec-company-facts/releases/download/parquet-latest/facts_enc-b00056.parquet,True
VRTX,Healthcare,2025-12-31,875320,VERTEX PHARMACEUTICALS INC / MA,https://github.com/deeleeramone/sec-company-facts/releases/download/parquet-latest/primary_tickers.parquet,DOLTHUB_SEC_PARQUET_MIRROR,YAHOO_CHART,2025-12-31,453.3599853515625,,,https://query1.finance.yahoo.com/v8/finance/chart/VRTX?period1=1577836800&period2=1783296000&interval=1d&events=history&includeAdjustedClose=true,SKIPPED_IN_CORE_SMOKE,8811300000.0,2025-11-04,2025-09-30,,,,1082900000.0,2025-11-04,2025-09-30,3133400000.0,2025-11-04,2025-09-30,288200000.0,2025-11-04,2025-09-30,17318800000.0,2025-11-04,2025-09-30,4939600000.0,2025-11-04,2025-09-30,24862300000.0,2025-11-04,2025-09-30,7543500000.0,2025-11-04,2025-09-30,,,,258600000.0,2025-11-04,2025-09-30,4.2,2025-11-04,2025-09-30,2025-11-04,https://github.com/deeleeramone/sec-company-facts/releases/download/parquet-latest/facts_enc-b00056.parquet,True
VRTX,Healthcare,2026-03-31,875320,VERTEX PHARMACEUTICALS INC / MA,https://github.com/deeleeramone/sec-company-facts/releases/download/parquet-latest/primary_tickers.parquet,DOLTHUB_SEC_PARQUET_MIRROR,YAHOO_CHART,2026-03-31,446.5400085449219,,,https://query1.finance.yahoo.com/v8/finance/chart/VRTX?period1=1577836800&period2=1783296000&interval=1d&events=history&includeAdjustedClose=true,SKIPPED_IN_CORE_SMOKE,12001300000.0,2026-02-13,2025-12-31,,,,3953200000.0,2026-02-13,2025-12-31,3631400000.0,2026-02-13,2025-12-31,437600000.0,2026-02-13,2025-12-31,18665800000.0,2026-02-13,2025-12-31,5087800000.0,2026-02-13,2025-12-31,25643000000.0,2026-02-13,2025-12-31,6977200000.0,2026-02-13,2025-12-31,,,,258000000.0,2026-02-13,2025-12-31,15.32,2026-02-13,2025-12-31,2026-02-13,https://github.com/deeleeramone/sec-company-facts/releases/download/parquet-latest/facts_enc-b00056.parquet,True
VRTX,Healthcare,2026-06-30,875320,VERTEX PHARMACEUTICALS INC / MA,https://github.com/deeleeramone/sec-company-facts/releases/download/parquet-latest/primary_tickers.parquet,DOLTHUB_SEC_PARQUET_MIRROR,YAHOO_CHART,2026-06-30,496.7300109863281,,,https://query1.finance.yahoo.com/v8/finance/chart/VRTX?period1=1577836800&period2=1783296000&interval=1d&events=history&includeAdjustedClose=true,SKIPPED_IN_CORE_SMOKE,2986900000.0,2026-05-05,2026-03-31,,,,1031400000.0,2026-05-05,2026-03-31,1428100000.0,2026-05-05,2026-03-31,133400000.0,2026-05-05,2026-03-31,19361900000.0,2026-05-05,2026-03-31,5504900000.0,2026-05-05,2026-03-31,26484400000.0,2026-05-05,2026-03-31,7122500000.0,2026-05-05,2026-03-31,,,,256300000.0,2026-05-05,2026-03-31,4.02,2026-05-05,2026-03-31,2026-05-05,https://github.com/deeleeramone/sec-company-facts/releases/download/parquet-latest/facts_enc-b00056.parquet,True
REGN,Healthcare,2021-03-31,872589,"REGENERON PHARMACEUTICALS, INC.",https://github.com/deeleeramone/sec-company-facts/releases/download/parquet-latest/primary_tickers.parquet,DOLTHUB_SEC_PARQUET_MIRROR,YAHOO_CHART,2021-03-31,473.1400146484375,,,https://query1.finance.yahoo.com/v8/finance/chart/REGN?period1=1577836800&period2=1783296000&interval=1d&events=history&includeAdjustedClose=true,SKIPPED_IN_CORE_SMOKE,2422900000.0,2021-02-08,2020-12-31,,,,3513200000.0,2021-02-08,2020-12-31,2618100000.0,2021-02-08,2020-12-31,,,,11025300000.0,2021-02-08,2020-12-31,2207300000.0,2021-02-08,2020-12-31,17163300000.0,2021-02-08,2020-12-31,6138000000.0,2021-02-08,2020-12-31,1978500000.0,2021-02-08,2020-12-31,115100000.0,2021-02-08,2020-12-31,10.24,2021-02-08,2020-12-31,2021-02-08,https://github.com/deeleeramone/sec-company-facts/releases/download/parquet-latest/facts_enc-b00013.parquet,True
REGN,Healthcare,2021-06-30,872589,"REGENERON PHARMACEUTICALS, INC.",https://github.com/deeleeramone/sec-company-facts/releases/download/parquet-latest/primary_tickers.parquet,DOLTHUB_SEC_PARQUET_MIRROR,YAHOO_CHART,2021-06-30,558.5399780273438,,,https://query1.finance.yahoo.com/v8/finance/chart/REGN?period1=1577836800&period2=1783296000&interval=1d&events=history&includeAdjustedClose=true,SKIPPED_IN_CORE_SMOKE,2528700000.0,2021-05-06,2021-03-31,,,,1115200000.0,2021-05-06,2021-03-31,668500000.0,2021-05-06,2021-03-31,,,,11977000000.0,2021-05-06,2021-03-31,1450400000.0,2021-05-06,2021-03-31,17772200000.0,2021-05-06,2021-03-31,5795200000.0,2021-05-06,2021-03-31,1978900000.0,2021-05-06,2021-03-31,110500000.0,2021-05-06,2021-03-31,10.09,2021-05-06,2021-03-31,2021-05-06,https://github.com/deeleeramone/sec-company-facts/releases/download/parquet-latest/facts_enc-b00013.parquet,True
REGN,Healthcare,2021-09-30,872589,"REGENERON PHARMACEUTICALS, INC.",https://github.com/deeleeramone/sec-company-facts/releases/download/parquet-latest/primary_tickers.parquet,DOLTHUB_SEC_PARQUET_MIRROR,YAHOO_CHART,2021-09-30,605.1799926757812,,,https://query1.finance.yahoo.com/v8/finance/chart/REGN?period1=1577836800&period2=1783296000&interval=1d&events=history&includeAdjustedClose=true,SKIPPED_IN_CORE_SMOKE,7667200000.0,2021-08-05,2021-06-30,,,,3098900000.0,2021-08-05,2021-06-30,1295200000.0,2021-08-05,2021-06-30,,,,15127300000.0,2021-08-05,2021-06-30,2072200000.0,2021-08-05,2021-06-30,21485900000.0,2021-08-05,2021-06-30,6358600000.0,2021-08-05,2021-06-30,1979200000.0,2021-08-05,2021-06-30,110800000.0,2021-08-05,2021-06-30,38.07,2021-08-05,2021-06-30,2021-08-05,https://github.com/deeleeramone/sec-company-facts/releases/download/parquet-latest/facts_enc-b00013.parquet,True
REGN,Healthcare,2021-12-31,872589,"REGENERON PHARMACEUTICALS, INC.",https://github.com/deeleeramone/sec-company-facts/releases/download/parquet-latest/primary_tickers.parquet,DOLTHUB_SEC_PARQUET_MIRROR,YAHOO_CHART,2021-12-31,631.52001953125,,,https://query1.finance.yahoo.com/v8/finance/chart/REGN?period1=1577836800&period2=1783296000&interval=1d&events=history&includeAdjustedClose=true,SKIPPED_IN_CORE_SMOKE,11120000000.0,2021-11-04,2021-09-30,,,,5846300000.0,2021-11-04,2021-09-30,4708800000.0,2021-11-04,2021-09-30,,,,17258000000.0,2021-11-04,2021-09-30,3432400000.0,2021-11-04,2021-09-30,23671500000.0,2021-11-04,2021-09-30,6413500000.0,2021-11-04,2021-09-30,1979600000.0,2021-11-04,2021-09-30,111800000.0,2021-11-04,2021-09-30,52.29,2021-11-04,2021-09-30,2021-11-04,https://github.com/deeleeramone/sec-company-facts/releases/download/parquet-latest/facts_enc-b00013.parquet,True
REGN,Healthcare,2022-03-31,872589,"REGENERON PHARMACEUTICALS, INC.",https://github.com/deeleeramone/sec-company-facts/releases/download/parquet-latest/primary_tickers.parquet,DOLTHUB_SEC_PARQUET_MIRROR,YAHOO_CHART,2022-03-31,698.4199829101562,,,https://query1.finance.yahoo.com/v8/finance/chart/REGN?period1=1577836800&period2=1783296000&interval=1d&events=history&includeAdjustedClose=true,SKIPPED_IN_CORE_SMOKE,16071700000.0,2022-02-07,2021-12-31,,,,8075300000.0,2022-02-07,2021-12-31,7081300000.0,2022-02-07,2021-12-31,,,,18768800000.0,2022-02-07,2021-12-31,2885600000.0,2022-02-07,2021-12-31,25434800000.0,2022-02-07,2021-12-31,6666000000.0,2022-02-07,2021-12-31,1980000000.0,2022-02-07,2021-12-31,112200000.0,2022-02-07,2021-12-31,71.97,2022-02-07,2021-12-31,2022-02-07,https://github.com/deeleeramone/sec-company-facts/releases/download/parquet-latest/facts_enc-b00013.parquet,True
REGN,Healthcare,2022-06-30,872589,"REGENERON PHARMACEUTICALS, INC.",https://github.com/deeleeramone/sec-company-facts/releases/download/parquet-latest/primary_tickers.parquet,DOLTHUB_SEC_PARQUET_MIRROR,YAHOO_CHART,2022-06-30,591.1300048828125,,,https://query1.finance.yahoo.com/v8/finance/chart/REGN?period1=1577836800&period2=1783296000&interval=1d&events=history&includeAdjustedClose=true,SKIPPED_IN_CORE_SMOKE,2965100000.0,2022-05-04,2022-03-31,,,,973500000.0,2022-05-04,2022-03-31,2101700000.0,2022-05-04,2022-03-31,,,,19914700000.0,2022-05-04,2022-03-31,3359200000.0,2022-05-04,2022-03-31,26348700000.0,2022-05-04,2022-03-31,6434000000.0,2022-05-04,2022-03-31,1980400000.0,2022-05-04,2022-03-31,113100000.0,2022-05-04,2022-03-31,8.61,2022-05-04,2022-03-31,2022-05-04,https://github.com/deeleeramone/sec-company-facts/releases/download/parquet-latest/facts_enc-b00013.parquet,True
REGN,Healthcare,2022-09-30,872589,"REGENERON PHARMACEUTICALS, INC.",https://github.com/deeleeramone/sec-company-facts/releases/download/parquet-latest/primary_tickers.parquet,DOLTHUB_SEC_PARQUET_MIRROR,YAHOO_CHART,2022-09-30,688.8699951171875,,,https://query1.finance.yahoo.com/v8/finance/chart/REGN?period1=1577836800&period2=1783296000&interval=1d&events=history&includeAdjustedClose=true,SKIPPED_IN_CORE_SMOKE,2857200000.0,2022-08-03,2022-06-30,,,,1825600000.0,2022-08-03,2022-06-30,2666100000.0,2022-08-03,2022-06-30,,,,20687800000.0,2022-08-03,2022-06-30,3395100000.0,2022-08-03,2022-06-30,27205800000.0,2022-08-03,2022-06-30,6518000000.0,2022-08-03,2022-06-30,1980700000.0,2022-08-03,2022-06-30,114000000.0,2022-08-03,2022-06-30,16.07,2022-08-03,2022-06-30,2022-08-03,https://github.com/deeleeramone/sec-company-facts/releases/download/parquet-latest/facts_enc-b00013.parquet,True
REGN,Healthcare,2022-12-31,872589,"REGENERON PHARMACEUTICALS, INC.",https://github.com/deeleeramone/sec-company-facts/releases/download/parquet-latest/primary_tickers.parquet,DOLTHUB_SEC_PARQUET_MIRROR,YAHOO_CHART,2022-12-30,721.489990234375,,,https://query1.finance.yahoo.com/v8/finance/chart/REGN?period1=1577836800&period2=1783296000&interval=1d&events=history&includeAdjustedClose=true,SKIPPED_IN_CORE_SMOKE,2936200000.0,2022-11-03,2022-09-30,,,,3141300000.0,2022-11-03,2022-09-30,3295000000.0,2022-11-03,2022-09-30,,,,21438800000.0,2022-11-03,2022-09-30,3491300000.0,2022-11-03,2022-09-30,27677800000.0,2022-11-03,2022-09-30,6239000000.0,2022-11-03,2022-09-30,1981100000.0,2022-11-03,2022-09-30,113300000.0,2022-11-03,2022-09-30,11.66,2022-11-03,2022-09-30,2022-11-03,https://github.com/deeleeramone/sec-company-facts/releases/download/parquet-latest/facts_enc-b00013.parquet,True
REGN,Healthcare,2023-03-31,872589,"REGENERON PHARMACEUTICALS, INC.",https://github.com/deeleeramone/sec-company-facts/releases/download/parquet-latest/primary_tickers.parquet,DOLTHUB_SEC_PARQUET_MIRROR,YAHOO_CHART,2023-03-31,821.6699829101562,,,https://query1.finance.yahoo.com/v8/finance/chart/REGN?period1=1577836800&period2=1783296000&interval=1d&events=history&includeAdjustedClose=true,SKIPPED_IN_CORE_SMOKE,12172900000.0,2023-02-06,2022-12-31,,,,4338400000.0,2023-02-06,2022-12-31,5014900000.0,2023-02-06,2022-12-31,,,,22664000000.0,2023-02-06,2022-12-31,3105900000.0,2023-02-06,2022-12-31,29214500000.0,2023-02-06,2022-12-31,6550500000.0,2023-02-06,2022-12-31,1981400000.0,2023-02-06,2022-12-31,113500000.0,2023-02-06,2022-12-31,38.22,2023-02-06,2022-12-31,2023-02-06,https://github.com/deeleeramone/sec-company-facts/releases/download/parquet-latest/facts_enc-b00013.parquet,True
REGN,Healthcare,2023-06-30,872589,"REGENERON PHARMACEUTICALS, INC.",https://github.com/deeleeramone/sec-company-facts/releases/download/parquet-latest/primary_tickers.parquet,DOLTHUB_SEC_PARQUET_MIRROR,YAHOO_CHART,2023-06-30,718.5399780273438,,,https://query1.finance.yahoo.com/v8/finance/chart/REGN?period1=1577836800&period2=1783296000&interval=1d&events=history&includeAdjustedClose=true,SKIPPED_IN_CORE_SMOKE,3162100000.0,2023-05-04,2023-03-31,,,,817800000.0,2023-05-04,2023-03-31,1367600000.0,2023-05-04,2023-03-31,,,,23495200000.0,2023-05-04,2023-03-31,3916300000.0,2023-05-04,2023-03-31,30059900000.0,2023-05-04,2023-03-31,6564700000.0,2023-05-04,2023-03-31,1981800000.0,2023-05-04,2023-03-31,114000000.0,2023-05-04,2023-03-31,7.17,2023-05-04,2023-03-31,2023-05-04,https://github.com/deeleeramone/sec-company-facts/releases/download/parquet-latest/facts_enc-b00013.parquet,True
REGN,Healthcare,2023-09-30,872589,"REGENERON PHARMACEUTICALS, INC.",https://github.com/deeleeramone/sec-company-facts/releases/download/parquet-latest/primary_tickers.parquet,DOLTHUB_SEC_PARQUET_MIRROR,YAHOO_CHART,2023-09-29,822.9600219726562,,,https://query1.finance.yahoo.com/v8/finance/chart/REGN?period1=1577836800&period2=1783296000&interval=1d&events=history&includeAdjustedClose=true,SKIPPED_IN_CORE_SMOKE,3158100000.0,2023-08-03,2023-06-30,,,,968400000.0,2023-08-03,2023-06-30,2390000000.0,2023-08-03,2023-06-30,,,,24017900000.0,2023-08-03,2023-06-30,1937200000.0,2023-08-03,2023-06-30,30657500000.0,2023-08-03,2023-06-30,6639600000.0,2023-08-03,2023-06-30,1982200000.0,2023-08-03,2023-06-30,113900000.0,2023-08-03,2023-06-30,15.68,2023-08-03,2023-06-30,2023-08-03,https://github.com/deeleeramone/sec-company-facts/releases/download/parquet-latest/facts_enc-b00013.parquet,True
REGN,Healthcare,2023-12-31,872589,"REGENERON PHARMACEUTICALS, INC.",https://github.com/deeleeramone/sec-company-facts/releases/download/parquet-latest/primary_tickers.parquet,DOLTHUB_SEC_PARQUET_MIRROR,YAHOO_CHART,2023-12-29,878.2899780273438,,,https://query1.finance.yahoo.com/v8/finance/chart/REGN?period1=1577836800&period2=1783296000&interval=1d&events=history&includeAdjustedClose=true,SKIPPED_IN_CORE_SMOKE,3362700000.0,2023-11-02,2023-09-30,,,,2794000000.0,2023-11-02,2023-09-30,3504300000.0,2023-11-02,2023-09-30,,,,24904400000.0,2023-11-02,2023-09-30,2160200000.0,2023-11-02,2023-09-30,32163300000.0,2023-11-02,2023-09-30,7258900000.0,2023-11-02,2023-09-30,1982600000.0,2023-11-02,2023-09-30,113700000.0,2023-11-02,2023-09-30,8.89,2023-11-02,2023-09-30,2023-11-02,https://github.com/deeleeramone/sec-company-facts/releases/download/parquet-latest/facts_enc-b00013.parquet,True
REGN,Healthcare,2024-03-31,872589,"REGENERON PHARMACEUTICALS, INC.",https://github.com/deeleeramone/sec-company-facts/releases/download/parquet-latest/primary_tickers.parquet,DOLTHUB_SEC_PARQUET_MIRROR,YAHOO_CHART,2024-03-28,962.489990234375,,,https://query1.finance.yahoo.com/v8/finance/chart/REGN?period1=1577836800&period2=1783296000&interval=1d&events=history&includeAdjustedClose=true,SKIPPED_IN_CORE_SMOKE,13117200000.0,2024-02-05,2023-12-31,,,,3953600000.0,2024-02-05,2023-12-31,4594000000.0,2024-02-05,2023-12-31,,,,25973100000.0,2024-02-05,2023-12-31,2737800000.0,2024-02-05,2023-12-31,33080200000.0,2024-02-05,2023-12-31,7107100000.0,2024-02-05,2023-12-31,1982900000.0,2024-02-05,2023-12-31,113700000.0,2024-02-05,2023-12-31,34.77,2024-02-05,2023-12-31,2024-02-05,https://github.com/deeleeramone/sec-company-facts/releases/download/parquet-latest/facts_enc-b00013.parquet,True
REGN,Healthcare,2024-06-30,872589,"REGENERON PHARMACEUTICALS, INC.",https://github.com/deeleeramone/sec-company-facts/releases/download/parquet-latest/primary_tickers.parquet,DOLTHUB_SEC_PARQUET_MIRROR,YAHOO_CHART,2024-06-28,1051.030029296875,,,https://query1.finance.yahoo.com/v8/finance/chart/REGN?period1=1577836800&period2=1783296000&interval=1d&events=history&includeAdjustedClose=true,SKIPPED_IN_CORE_SMOKE,3145000000.0,2024-05-02,2024-03-31,,,,722000000.0,2024-05-02,2024-03-31,1512500000.0,2024-05-02,2024-03-31,,,,26991100000.0,2024-05-02,2024-03-31,2602000000.0,2024-05-02,2024-03-31,34369600000.0,2024-05-02,2024-03-31,7378500000.0,2024-05-02,2024-03-31,1983300000.0,2024-05-02,2024-03-31,115100000.0,2024-05-02,2024-03-31,6.27,2024-05-02,2024-03-31,2024-05-02,https://github.com/deeleeramone/sec-company-facts/releases/download/parquet-latest/facts_enc-b00013.parquet,True
REGN,Healthcare,2024-09-30,872589,"REGENERON PHARMACEUTICALS, INC.",https://github.com/deeleeramone/sec-company-facts/releases/download/parquet-latest/primary_tickers.parquet,DOLTHUB_SEC_PARQUET_MIRROR,YAHOO_CHART,2024-09-30,1051.239990234375,,,https://query1.finance.yahoo.com/v8/finance/chart/REGN?period1=1577836800&period2=1783296000&interval=1d&events=history&includeAdjustedClose=true,SKIPPED_IN_CORE_SMOKE,3547100000.0,2024-08-01,2024-06-30,,,,1432300000.0,2024-08-01,2024-06-30,1866500000.0,2024-08-01,2024-06-30,,,,28205800000.0,2024-08-01,2024-06-30,1928200000.0,2024-08-01,2024-06-30,36086800000.0,2024-08-01,2024-06-30,7881000000.0,2024-08-01,2024-06-30,1983600000.0,2024-08-01,2024-06-30,115400000.0,2024-08-01,2024-06-30,12.41,2024-08-01,2024-06-30,2024-08-01,https://github.com/deeleeramone/sec-company-facts/releases/download/parquet-latest/facts_enc-b00013.parquet,True
REGN,Healthcare,2024-12-31,872589,"REGENERON PHARMACEUTICALS, INC.",https://github.com/deeleeramone/sec-company-facts/releases/download/parquet-latest/primary_tickers.parquet,DOLTHUB_SEC_PARQUET_MIRROR,YAHOO_CHART,2024-12-31,712.3300170898438,,,https://query1.finance.yahoo.com/v8/finance/chart/REGN?period1=1577836800&period2=1783296000&interval=1d&events=history&includeAdjustedClose=true,SKIPPED_IN_CORE_SMOKE,10412800000.0,2024-10-31,2024-09-30,,,,3494900000.0,2024-10-31,2024-09-30,3157700000.0,2024-10-31,2024-09-30,,,,29325900000.0,2024-10-31,2024-09-30,2011800000.0,2024-10-31,2024-09-30,37441900000.0,2024-10-31,2024-09-30,8116000000.0,2024-10-31,2024-09-30,1984000000.0,2024-10-31,2024-09-30,116200000.0,2024-10-31,2024-09-30,30.23,2024-10-31,2024-09-30,2024-10-31,https://github.com/deeleeramone/sec-company-facts/releases/download/parquet-latest/facts_enc-b00013.parquet,True
REGN,Healthcare,2025-03-31,872589,"REGENERON PHARMACEUTICALS, INC.",https://github.com/deeleeramone/sec-company-facts/releases/download/parquet-latest/primary_tickers.parquet,DOLTHUB_SEC_PARQUET_MIRROR,YAHOO_CHART,2025-03-31,634.22998046875,,,https://query1.finance.yahoo.com/v8/finance/chart/REGN?period1=1577836800&period2=1783296000&interval=1d&events=history&includeAdjustedClose=true,SKIPPED_IN_CORE_SMOKE,14202000000.0,2025-02-05,2024-12-31,,,,4412600000.0,2025-02-05,2024-12-31,4420500000.0,2025-02-05,2024-12-31,,,,29353600000.0,2025-02-05,2024-12-31,2489000000.0,2025-02-05,2024-12-31,37759400000.0,2025-02-05,2024-12-31,8405800000.0,2025-02-05,2024-12-31,1984400000.0,2025-02-05,2024-12-31,115100000.0,2025-02-05,2024-12-31,38.34,2025-02-05,2024-12-31,2025-02-05,https://github.com/deeleeramone/sec-company-facts/releases/download/parquet-latest/facts_enc-b00013.parquet,True
REGN,Healthcare,2025-06-30,872589,"REGENERON PHARMACEUTICALS, INC.",https://github.com/deeleeramone/sec-company-facts/releases/download/parquet-latest/primary_tickers.parquet,DOLTHUB_SEC_PARQUET_MIRROR,YAHOO_CHART,2025-06-30,525.0,,,https://query1.finance.yahoo.com/v8/finance/chart/REGN?period1=1577836800&period2=1783296000&interval=1d&events=history&includeAdjustedClose=true,SKIPPED_IN_CORE_SMOKE,3028700000.0,2025-04-29,2025-03-31,,,,808700000.0,2025-04-29,2025-03-31,1045100000.0,2025-04-29,2025-03-31,,,,29387600000.0,2025-04-29,2025-03-31,3090200000.0,2025-04-29,2025-03-31,37545200000.0,2025-04-29,2025-03-31,8157600000.0,2025-04-29,2025-03-31,1984800000.0,2025-04-29,2025-03-31,111200000.0,2025-04-29,2025-03-31,7.27,2025-04-29,2025-03-31,2025-04-29,https://github.com/deeleeramone/sec-company-facts/releases/download/parquet-latest/facts_enc-b00013.parquet,True
REGN,Healthcare,2025-09-30,872589,"REGENERON PHARMACEUTICALS, INC.",https://github.com/deeleeramone/sec-company-facts/releases/download/parquet-latest/primary_tickers.parquet,DOLTHUB_SEC_PARQUET_MIRROR,YAHOO_CHART,2025-09-30,562.27001953125,,,https://query1.finance.yahoo.com/v8/finance/chart/REGN?period1=1577836800&period2=1783296000&interval=1d&events=history&includeAdjustedClose=true,SKIPPED_IN_CORE_SMOKE,6704300000.0,2025-08-01,2025-06-30,,,,2200300000.0,2025-08-01,2025-06-30,2189500000.0,2025-08-01,2025-06-30,,,,29938900000.0,2025-08-01,2025-06-30,2015600000.0,2025-08-01,2025-06-30,38219200000.0,2025-08-01,2025-06-30,8280300000.0,2025-08-01,2025-06-30,1985100000.0,2025-08-01,2025-06-30,108600000.0,2025-08-01,2025-06-30,20.02,2025-08-01,2025-06-30,2025-08-01,https://github.com/deeleeramone/sec-company-facts/releases/download/parquet-latest/facts_enc-b00013.parquet,True
REGN,Healthcare,2025-12-31,872589,"REGENERON PHARMACEUTICALS, INC.",https://github.com/deeleeramone/sec-company-facts/releases/download/parquet-latest/primary_tickers.parquet,DOLTHUB_SEC_PARQUET_MIRROR,YAHOO_CHART,2025-12-31,771.8699951171875,,,https://query1.finance.yahoo.com/v8/finance/chart/REGN?period1=1577836800&period2=1783296000&interval=1d&events=history&includeAdjustedClose=true,SKIPPED_IN_CORE_SMOKE,10458600000.0,2025-10-28,2025-09-30,,,,1460000000.0,2025-10-28,2025-09-30,3808200000.0,2025-10-28,2025-09-30,,,,30957800000.0,2025-10-28,2025-09-30,2506400000.0,2025-10-28,2025-09-30,40169400000.0,2025-10-28,2025-09-30,9211600000.0,2025-10-28,2025-09-30,1985500000.0,2025-10-28,2025-09-30,107200000.0,2025-10-28,2025-09-30,33.61,2025-10-28,2025-09-30,2025-10-28,https://github.com/deeleeramone/sec-company-facts/releases/download/parquet-latest/facts_enc-b00013.parquet,True
REGN,Healthcare,2026-03-31,872589,"REGENERON PHARMACEUTICALS, INC.",https://github.com/deeleeramone/sec-company-facts/releases/download/parquet-latest/primary_tickers.parquet,DOLTHUB_SEC_PARQUET_MIRROR,YAHOO_CHART,2026-03-31,772.6400146484375,,,https://query1.finance.yahoo.com/v8/finance/chart/REGN?period1=1577836800&period2=1783296000&interval=1d&events=history&includeAdjustedClose=true,SKIPPED_IN_CORE_SMOKE,14342900000.0,2026-02-04,2025-12-31,,,,4504900000.0,2026-02-04,2025-12-31,4978900000.0,2026-02-04,2025-12-31,,,,31256900000.0,2026-02-04,2025-12-31,3123700000.0,2026-02-04,2025-12-31,40558700000.0,2026-02-04,2025-12-31,9301800000.0,2026-02-04,2025-12-31,1985900000.0,2026-02-04,2025-12-31,108600000.0,2026-02-04,2025-12-31,41.48,2026-02-04,2025-12-31,2026-02-04,https://github.com/deeleeramone/sec-company-facts/releases/download/parquet-latest/facts_enc-b00013.parquet,True
REGN,Healthcare,2026-06-30,872589,"REGENERON PHARMACEUTICALS, INC.",https://github.com/deeleeramone/sec-company-facts/releases/download/parquet-latest/primary_tickers.parquet,DOLTHUB_SEC_PARQUET_MIRROR,YAHOO_CHART,2026-06-30,623.5399780273438,,,https://query1.finance.yahoo.com/v8/finance/chart/REGN?period1=1577836800&period2=1783296000&interval=1d&events=history&includeAdjustedClose=true,SKIPPED_IN_CORE_SMOKE,3605400000.0,2026-04-29,2026-03-31,,,,727200000.0,2026-04-29,2026-03-31,1078900000.0,2026-04-29,2026-03-31,,,,31423600000.0,2026-04-29,2026-03-31,2962600000.0,2026-04-29,2026-03-31,40868800000.0,2026-04-29,2026-03-31,9445200000.0,2026-04-29,2026-03-31,1986200000.0,2026-04-29,2026-03-31,107700000.0,2026-04-29,2026-03-31,6.75,2026-04-29,2026-03-31,2026-04-29,https://github.com/deeleeramone/sec-company-facts/releases/download/parquet-latest/facts_enc-b00013.parquet,True
CAH,Healthcare,2021-03-31,721371,CARDINAL HEALTH INC,https://github.com/deeleeramone/sec-company-facts/releases/download/parquet-latest/primary_tickers.parquet,DOLTHUB_SEC_PARQUET_MIRROR,YAHOO_CHART,2021-03-31,60.75,,,https://query1.finance.yahoo.com/v8/finance/chart/CAH?period1=1577836800&period2=1783296000&interval=1d&events=history&includeAdjustedClose=true,SKIPPED_IN_CORE_SMOKE,41541000000.0,2021-02-05,2020-12-31,1776000000.0,2021-02-05,2020-12-31,630000000.0,2021-02-05,2020-12-31,1487000000.0,2021-02-05,2020-12-31,174000000.0,2021-02-05,2020-12-31,1975000000.0,2021-02-05,2020-12-31,3737000000.0,2021-02-05,2020-12-31,44719000000.0,2021-02-05,2020-12-31,,,,,,,295000000.0,2021-02-05,2020-12-31,-0.86,2020-11-05,2020-09-30,2021-02-05,https://github.com/deeleeramone/sec-company-facts/releases/download/parquet-latest/facts_enc-b00027.parquet,True
CAH,Healthcare,2021-06-30,721371,CARDINAL HEALTH INC,https://github.com/deeleeramone/sec-company-facts/releases/download/parquet-latest/primary_tickers.parquet,DOLTHUB_SEC_PARQUET_MIRROR,YAHOO_CHART,2021-06-30,57.09000015258789,,,https://query1.finance.yahoo.com/v8/finance/chart/CAH?period1=1577836800&period2=1783296000&interval=1d&events=history&includeAdjustedClose=true,SKIPPED_IN_CORE_SMOKE,119881000000.0,2021-05-06,2021-03-31,5303000000.0,2021-05-06,2021-03-31,495000000.0,2021-05-06,2021-03-31,1764000000.0,2021-05-06,2021-03-31,274000000.0,2021-05-06,2021-03-31,1794000000.0,2021-05-06,2021-03-31,3499000000.0,2021-05-06,2021-03-31,43874000000.0,2021-05-06,2021-03-31,,,,,,,294000000.0,2021-05-06,2021-03-31,-0.86,2020-11-05,2020-09-30,2021-05-06,https://github.com/deeleeramone/sec-company-facts/releases/download/parquet-latest/facts_enc-b00027.parquet,True
CAH,Healthcare,2021-09-30,721371,CARDINAL HEALTH INC,https://github.com/deeleeramone/sec-company-facts/releases/download/parquet-latest/primary_tickers.parquet,DOLTHUB_SEC_PARQUET_MIRROR,YAHOO_CHART,2021-09-30,49.459999084472656,,,https://query1.finance.yahoo.com/v8/finance/chart/CAH?period1=1577836800&period2=1783296000&interval=1d&events=history&includeAdjustedClose=true,SKIPPED_IN_CORE_SMOKE,162467000000.0,2021-08-16,2021-06-30,6778000000.0,2021-08-16,2021-06-30,612000000.0,2021-08-16,2021-06-30,2429000000.0,2021-08-16,2021-06-30,400000000.0,2021-08-16,2021-06-30,1791000000.0,2021-08-16,2021-06-30,3407000000.0,2021-08-16,2021-06-30,44453000000.0,2021-08-16,2021-06-30,,,,,,,294000000.0,2021-08-16,2021-06-30,2.08,2021-08-16,2021-06-30,2021-08-16,https://github.com/deeleeramone/sec-company-facts/releases/download/parquet-latest/facts_enc-b00027.parquet,True
CAH,Healthcare,2021-12-31,721371,CARDINAL HEALTH INC,https://github.com/deeleeramone/sec-company-facts/releases/download/parquet-latest/primary_tickers.parquet,DOLTHUB_SEC_PARQUET_MIRROR,YAHOO_CHART,2021-12-31,51.4900016784668,,,https://query1.finance.yahoo.com/v8/finance/chart/CAH?period1=1577836800&period2=1783296000&interval=1d&events=history&includeAdjustedClose=true,SKIPPED_IN_CORE_SMOKE,43968000000.0,2021-11-09,2021-09-30,1642000000.0,2021-11-09,2021-09-30,271000000.0,2021-11-09,2021-09-30,-646000000.0,2021-11-09,2021-09-30,67000000.0,2021-11-09,2021-09-30,1393000000.0,2021-11-09,2021-09-30,2463000000.0,2021-11-09,2021-09-30,42993000000.0,2021-11-09,2021-09-30,,,,,,,289000000.0,2021-11-09,2021-09-30,0.94,2021-11-09,2021-09-30,2021-11-09,https://github.com/deeleeramone/sec-company-facts/releases/download/parquet-latest/facts_enc-b00027.parquet,True
CAH,Healthcare,2022-03-31,721371,CARDINAL HEALTH INC,https://github.com/deeleeramone/sec-company-facts/releases/download/parquet-latest/primary_tickers.parquet,DOLTHUB_SEC_PARQUET_MIRROR,YAHOO_CHART,2022-03-31,56.70000076293945,,,https://query1.finance.yahoo.com/v8/finance/chart/CAH?period1=1577836800&period2=1783296000&interval=1d&events=history&includeAdjustedClose=true,SKIPPED_IN_CORE_SMOKE,45457000000.0,2022-02-03,2021-12-31,1616000000.0,2022-02-03,2021-12-31,321000000.0,2022-02-03,2021-12-31,549000000.0,2022-02-03,2021-12-31,141000000.0,2022-02-03,2021-12-31,1002000000.0,2022-02-03,2021-12-31,3161000000.0,2022-02-03,2021-12-31,43680000000.0,2022-02-03,2021-12-31,,,,,,,281000000.0,2022-02-03,2021-12-31,0.94,2021-11-09,2021-09-30,2022-02-03,https://github.com/deeleeramone/sec-company-facts/releases/download/parquet-latest/facts_enc-b00027.parquet,True
CAH,Healthcare,2022-06-30,721371,CARDINAL HEALTH INC,https://github.com/deeleeramone/sec-company-facts/releases/download/parquet-latest/primary_tickers.parquet,DOLTHUB_SEC_PARQUET_MIRROR,YAHOO_CHART,2022-06-30,52.27000045776367,,,https://query1.finance.yahoo.com/v8/finance/chart/CAH?period1=1577836800&period2=1783296000&interval=1d&events=history&includeAdjustedClose=true,SKIPPED_IN_CORE_SMOKE,134261000000.0,2022-05-05,2022-03-31,1682000000.0,2022-05-05,2022-03-31,-1391000000.0,2022-05-05,2022-03-31,130000000.0,2022-05-05,2022-03-31,223000000.0,2022-05-05,2022-03-31,-697000000.0,2022-05-05,2022-03-31,2356000000.0,2022-05-05,2022-03-31,42111000000.0,2022-05-05,2022-03-31,,,,,,,275000000.0,2022-05-05,2022-03-31,0.94,2021-11-09,2021-09-30,2022-05-05,https://github.com/deeleeramone/sec-company-facts/releases/download/parquet-latest/facts_enc-b00027.parquet,True
CAH,Healthcare,2022-09-30,721371,CARDINAL HEALTH INC,https://github.com/deeleeramone/sec-company-facts/releases/download/parquet-latest/primary_tickers.parquet,DOLTHUB_SEC_PARQUET_MIRROR,YAHOO_CHART,2022-09-30,66.68000030517578,,,https://query1.finance.yahoo.com/v8/finance/chart/CAH?period1=1577836800&period2=1783296000&interval=1d&events=history&includeAdjustedClose=true,SKIPPED_IN_CORE_SMOKE,181364000000.0,2022-08-11,2022-06-30,6545000000.0,2022-08-11,2022-06-30,-932000000.0,2022-08-11,2022-06-30,3122000000.0,2022-08-11,2022-06-30,387000000.0,2022-08-11,2022-06-30,-706000000.0,2022-08-11,2022-06-30,4717000000.0,2022-08-11,2022-06-30,43878000000.0,2022-08-11,2022-06-30,,,,,,,279000000.0,2022-08-11,2022-06-30,-3.35,2022-08-11,2022-06-30,2022-08-11,https://github.com/deeleeramone/sec-company-facts/releases/download/parquet-latest/facts_enc-b00027.parquet,True
CAH,Healthcare,2022-12-31,721371,CARDINAL HEALTH INC,https://github.com/deeleeramone/sec-company-facts/releases/download/parquet-latest/primary_tickers.parquet,DOLTHUB_SEC_PARQUET_MIRROR,YAHOO_CHART,2022-12-30,76.87000274658203,,,https://query1.finance.yahoo.com/v8/finance/chart/CAH?period1=1577836800&period2=1783296000&interval=1d&events=history&includeAdjustedClose=true,SKIPPED_IN_CORE_SMOKE,49603000000.0,2022-11-04,2022-09-30,1614000000.0,2022-11-04,2022-09-30,111000000.0,2022-11-04,2022-09-30,23000000.0,2022-11-04,2022-09-30,70000000.0,2022-11-04,2022-09-30,-1781000000.0,2022-11-04,2022-09-30,3492000000.0,2022-11-04,2022-09-30,43387000000.0,2022-11-04,2022-09-30,,,,,,,273000000.0,2022-11-04,2022-09-30,0.4,2022-11-04,2022-09-30,2022-11-04,https://github.com/deeleeramone/sec-company-facts/releases/download/parquet-latest/facts_enc-b00027.parquet,True
CAH,Healthcare,2023-03-31,721371,CARDINAL HEALTH INC,https://github.com/deeleeramone/sec-company-facts/releases/download/parquet-latest/primary_tickers.parquet,DOLTHUB_SEC_PARQUET_MIRROR,YAHOO_CHART,2023-03-31,75.5,,,https://query1.finance.yahoo.com/v8/finance/chart/CAH?period1=1577836800&period2=1783296000&interval=1d&events=history&includeAdjustedClose=true,SKIPPED_IN_CORE_SMOKE,101072000000.0,2023-02-02,2022-12-31,3277000000.0,2023-02-02,2022-12-31,-130000000.0,2023-02-02,2022-12-31,620000000.0,2023-02-02,2022-12-31,155000000.0,2023-02-02,2022-12-31,-2212000000.0,2023-02-02,2022-12-31,3654000000.0,2023-02-02,2022-12-31,44482000000.0,2023-02-02,2022-12-31,,,,,,,261000000.0,2023-02-02,2022-12-31,0.4,2022-11-04,2022-09-30,2023-02-02,https://github.com/deeleeramone/sec-company-facts/releases/download/parquet-latest/facts_enc-b00027.parquet,True
CAH,Healthcare,2023-06-30,721371,CARDINAL HEALTH INC,https://github.com/deeleeramone/sec-company-facts/releases/download/parquet-latest/primary_tickers.parquet,DOLTHUB_SEC_PARQUET_MIRROR,YAHOO_CHART,2023-06-30,94.56999969482422,,,https://query1.finance.yahoo.com/v8/finance/chart/CAH?period1=1577836800&period2=1783296000&interval=1d&events=history&includeAdjustedClose=true,SKIPPED_IN_CORE_SMOKE,151559000000.0,2023-05-04,2023-03-31,5062000000.0,2023-05-04,2023-03-31,325000000.0,2023-05-04,2023-03-31,1981000000.0,2023-05-04,2023-03-31,264000000.0,2023-05-04,2023-03-31,-2220000000.0,2023-05-04,2023-03-31,3990000000.0,2023-05-04,2023-03-31,43377000000.0,2023-05-04,2023-03-31,,,,,,,258000000.0,2023-05-04,2023-03-31,0.4,2022-11-04,2022-09-30,2023-05-04,https://github.com/deeleeramone/sec-company-facts/releases/download/parquet-latest/facts_enc-b00027.parquet,True
CAH,Healthcare,2023-09-30,721371,CARDINAL HEALTH INC,https://github.com/deeleeramone/sec-company-facts/releases/download/parquet-latest/primary_tickers.parquet,DOLTHUB_SEC_PARQUET_MIRROR,YAHOO_CHART,2023-09-29,86.81999969482422,,,https://query1.finance.yahoo.com/v8/finance/chart/CAH?period1=1577836800&period2=1783296000&interval=1d&events=history&includeAdjustedClose=true,SKIPPED_IN_CORE_SMOKE,205012000000.0,2023-08-15,2023-06-30,6889000000.0,2023-08-15,2023-06-30,262000000.0,2023-08-15,2023-06-30,2839000000.0,2023-08-15,2023-06-30,481000000.0,2023-08-15,2023-06-30,-2852000000.0,2023-08-15,2023-06-30,4043000000.0,2023-08-15,2023-06-30,43417000000.0,2023-08-15,2023-06-30,,,,,,,262000000.0,2023-08-15,2023-06-30,1.0,2023-08-15,2023-06-30,2023-08-15,https://github.com/deeleeramone/sec-company-facts/releases/download/parquet-latest/facts_enc-b00027.parquet,True
CAH,Healthcare,2023-12-31,721371,CARDINAL HEALTH INC,https://github.com/deeleeramone/sec-company-facts/releases/download/parquet-latest/primary_tickers.parquet,DOLTHUB_SEC_PARQUET_MIRROR,YAHOO_CHART,2023-12-29,100.80000305175781,,,https://query1.finance.yahoo.com/v8/finance/chart/CAH?period1=1577836800&period2=1783296000&interval=1d&events=history&includeAdjustedClose=true,SKIPPED_IN_CORE_SMOKE,54763000000.0,2023-11-03,2023-09-30,1768000000.0,2023-11-03,2023-09-30,5000000.0,2023-11-03,2023-09-30,545000000.0,2023-11-03,2023-09-30,92000000.0,2023-11-03,2023-09-30,-3490000000.0,2023-11-03,2023-09-30,3854000000.0,2023-11-03,2023-09-30,43710000000.0,2023-11-03,2023-09-30,,,,,,,250000000.0,2023-11-03,2023-09-30,0.02,2023-11-03,2023-09-30,2023-11-03,https://github.com/deeleeramone/sec-company-facts/releases/download/parquet-latest/facts_enc-b00027.parquet,True
CAH,Healthcare,2024-03-31,721371,CARDINAL HEALTH INC,https://github.com/deeleeramone/sec-company-facts/releases/download/parquet-latest/primary_tickers.parquet,DOLTHUB_SEC_PARQUET_MIRROR,YAHOO_CHART,2024-03-28,111.9000015258789,,,https://query1.finance.yahoo.com/v8/finance/chart/CAH?period1=1577836800&period2=1783296000&interval=1d&events=history&includeAdjustedClose=true,SKIPPED_IN_CORE_SMOKE,112208000000.0,2024-02-01,2023-12-31,3614000000.0,2024-02-01,2023-12-31,354000000.0,2024-02-01,2023-12-31,1734000000.0,2024-02-01,2023-12-31,206000000.0,2024-02-01,2023-12-31,-3447000000.0,2024-02-01,2023-12-31,4591000000.0,2024-02-01,2023-12-31,46573000000.0,2024-02-01,2023-12-31,,,,,,,248000000.0,2024-02-01,2023-12-31,0.02,2023-11-03,2023-09-30,2024-02-01,https://github.com/deeleeramone/sec-company-facts/releases/download/parquet-latest/facts_enc-b00027.parquet,True
CAH,Healthcare,2024-06-30,721371,CARDINAL HEALTH INC,https://github.com/deeleeramone/sec-company-facts/releases/download/parquet-latest/primary_tickers.parquet,DOLTHUB_SEC_PARQUET_MIRROR,YAHOO_CHART,2024-06-28,98.31999969482422,,,https://query1.finance.yahoo.com/v8/finance/chart/CAH?period1=1577836800&period2=1783296000&interval=1d&events=history&includeAdjustedClose=true,SKIPPED_IN_CORE_SMOKE,167119000000.0,2024-05-02,2024-03-31,5561000000.0,2024-05-02,2024-03-31,259000000.0,2024-05-02,2024-03-31,1685000000.0,2024-05-02,2024-03-31,318000000.0,2024-05-02,2024-03-31,-3262000000.0,2024-05-02,2024-03-31,3718000000.0,2024-05-02,2024-03-31,45880000000.0,2024-05-02,2024-03-31,,,,,,,247000000.0,2024-05-02,2024-03-31,0.02,2023-11-03,2023-09-30,2024-05-02,https://github.com/deeleeramone/sec-company-facts/releases/download/parquet-latest/facts_enc-b00027.parquet,True
CAH,Healthcare,2024-09-30,721371,CARDINAL HEALTH INC,https://github.com/deeleeramone/sec-company-facts/releases/download/parquet-latest/primary_tickers.parquet,DOLTHUB_SEC_PARQUET_MIRROR,YAHOO_CHART,2024-09-30,110.5199966430664,,,https://query1.finance.yahoo.com/v8/finance/chart/CAH?period1=1577836800&period2=1783296000&interval=1d&events=history&includeAdjustedClose=true,SKIPPED_IN_CORE_SMOKE,226827000000.0,2024-08-14,2024-06-30,7414000000.0,2024-08-14,2024-06-30,853000000.0,2024-08-14,2024-06-30,3762000000.0,2024-08-14,2024-06-30,511000000.0,2024-08-14,2024-06-30,-3212000000.0,2024-08-14,2024-06-30,5133000000.0,2024-08-14,2024-06-30,45121000000.0,2024-08-14,2024-06-30,,,,,,,247000000.0,2024-08-14,2024-06-30,3.45,2024-08-14,2024-06-30,2024-08-14,https://github.com/deeleeramone/sec-company-facts/releases/download/parquet-latest/facts_enc-b00027.parquet,True
CAH,Healthcare,2024-12-31,721371,CARDINAL HEALTH INC,https://github.com/deeleeramone/sec-company-facts/releases/download/parquet-latest/primary_tickers.parquet,DOLTHUB_SEC_PARQUET_MIRROR,YAHOO_CHART,2024-12-31,118.2699966430664,,,https://query1.finance.yahoo.com/v8/finance/chart/CAH?period1=1577836800&period2=1783296000&interval=1d&events=history&includeAdjustedClose=true,SKIPPED_IN_CORE_SMOKE,52277000000.0,2024-11-01,2024-09-30,1902000000.0,2024-11-01,2024-09-30,416000000.0,2024-11-01,2024-09-30,-1647000000.0,2024-11-01,2024-09-30,90000000.0,2024-11-01,2024-09-30,-3276000000.0,2024-11-01,2024-09-30,2867000000.0,2024-11-01,2024-09-30,43059000000.0,2024-11-01,2024-09-30,,,,,,,245000000.0,2024-11-01,2024-09-30,1.7,2024-11-01,2024-09-30,2024-11-01,https://github.com/deeleeramone/sec-company-facts/releases/download/parquet-latest/facts_enc-b00027.parquet,True
CAH,Healthcare,2025-03-31,721371,CARDINAL HEALTH INC,https://github.com/deeleeramone/sec-company-facts/releases/download/parquet-latest/primary_tickers.parquet,DOLTHUB_SEC_PARQUET_MIRROR,YAHOO_CHART,2025-03-31,137.77000427246094,,,https://query1.finance.yahoo.com/v8/finance/chart/CAH?period1=1577836800&period2=1783296000&interval=1d&events=history&includeAdjustedClose=true,SKIPPED_IN_CORE_SMOKE,55264000000.0,2025-01-30,2024-12-31,3843000000.0,2025-01-30,2024-12-31,816000000.0,2025-01-30,2024-12-31,-2047000000.0,2025-01-30,2024-12-31,189000000.0,2025-01-30,2024-12-31,-2921000000.0,2025-01-30,2024-12-31,3810000000.0,2025-01-30,2024-12-31,47002000000.0,2025-01-30,2024-12-31,,,,,,,243000000.0,2025-01-30,2024-12-31,1.7,2024-11-01,2024-09-30,2025-01-30,https://github.com/deeleeramone/sec-company-facts/releases/download/parquet-latest/facts_enc-b00027.parquet,True
CAH,Healthcare,2025-06-30,721371,CARDINAL HEALTH INC,https://github.com/deeleeramone/sec-company-facts/releases/download/parquet-latest/primary_tickers.parquet,DOLTHUB_SEC_PARQUET_MIRROR,YAHOO_CHART,2025-06-30,168.0,,,https://query1.finance.yahoo.com/v8/finance/chart/CAH?period1=1577836800&period2=1783296000&interval=1d&events=history&includeAdjustedClose=true,SKIPPED_IN_CORE_SMOKE,54878000000.0,2025-05-01,2025-03-31,2123000000.0,2025-05-01,2025-03-31,506000000.0,2025-05-01,2025-03-31,870000000.0,2025-05-01,2025-03-31,315000000.0,2025-05-01,2025-03-31,-2948000000.0,2025-05-01,2025-03-31,3326000000.0,2025-05-01,2025-03-31,49871000000.0,2025-05-01,2025-03-31,,,,,,,243000000.0,2025-05-01,2025-03-31,1.7,2024-11-01,2024-09-30,2025-05-01,https://github.com/deeleeramone/sec-company-facts/releases/download/parquet-latest/facts_enc-b00027.parquet,True
CAH,Healthcare,2025-09-30,721371,CARDINAL HEALTH INC,https://github.com/deeleeramone/sec-company-facts/releases/download/parquet-latest/primary_tickers.parquet,DOLTHUB_SEC_PARQUET_MIRROR,YAHOO_CHART,2025-09-30,156.9600067138672,,,https://query1.finance.yahoo.com/v8/finance/chart/CAH?period1=1577836800&period2=1783296000&interval=1d&events=history&includeAdjustedClose=true,SKIPPED_IN_CORE_SMOKE,222578000000.0,2025-08-12,2025-06-30,8168000000.0,2025-08-12,2025-06-30,1569000000.0,2025-08-12,2025-06-30,2397000000.0,2025-08-12,2025-06-30,547000000.0,2025-08-12,2025-06-30,-2634000000.0,2025-08-12,2025-06-30,3874000000.0,2025-08-12,2025-06-30,53122000000.0,2025-08-12,2025-06-30,,,,,,,242000000.0,2025-08-12,2025-06-30,6.45,2025-08-12,2025-06-30,2025-08-12,https://github.com/deeleeramone/sec-company-facts/releases/download/parquet-latest/facts_enc-b00027.parquet,True
CAH,Healthcare,2025-12-31,721371,CARDINAL HEALTH INC,https://github.com/deeleeramone/sec-company-facts/releases/download/parquet-latest/primary_tickers.parquet,DOLTHUB_SEC_PARQUET_MIRROR,YAHOO_CHART,2025-12-31,205.5,,,https://query1.finance.yahoo.com/v8/finance/chart/CAH?period1=1577836800&period2=1783296000&interval=1d&events=history&includeAdjustedClose=true,SKIPPED_IN_CORE_SMOKE,64009000000.0,2025-10-30,2025-09-30,2319000000.0,2025-10-30,2025-09-30,450000000.0,2025-10-30,2025-09-30,973000000.0,2025-10-30,2025-09-30,108000000.0,2025-10-30,2025-09-30,-2731000000.0,2025-10-30,2025-09-30,4593000000.0,2025-10-30,2025-09-30,55228000000.0,2025-10-30,2025-09-30,,,,,,,239000000.0,2025-10-30,2025-09-30,1.88,2025-10-30,2025-09-30,2025-10-30,https://github.com/deeleeramone/sec-company-facts/releases/download/parquet-latest/facts_enc-b00027.parquet,True
CAH,Healthcare,2026-03-31,721371,CARDINAL HEALTH INC,https://github.com/deeleeramone/sec-company-facts/releases/download/parquet-latest/primary_tickers.parquet,DOLTHUB_SEC_PARQUET_MIRROR,YAHOO_CHART,2026-03-31,211.30999755859375,,,https://query1.finance.yahoo.com/v8/finance/chart/CAH?period1=1577836800&period2=1783296000&interval=1d&events=history&includeAdjustedClose=true,SKIPPED_IN_CORE_SMOKE,65627000000.0,2026-02-05,2025-12-31,2397000000.0,2026-02-05,2025-12-31,917000000.0,2026-02-05,2025-12-31,1659000000.0,2026-02-05,2025-12-31,239000000.0,2026-02-05,2025-12-31,-2700000000.0,2026-02-05,2025-12-31,2777000000.0,2026-02-05,2025-12-31,58083000000.0,2026-02-05,2025-12-31,,,,,,,237000000.0,2026-02-05,2025-12-31,1.88,2025-10-30,2025-09-30,2026-02-05,https://github.com/deeleeramone/sec-company-facts/releases/download/parquet-latest/facts_enc-b00027.parquet,True
CAH,Healthcare,2026-06-30,721371,CARDINAL HEALTH INC,https://github.com/deeleeramone/sec-company-facts/releases/download/parquet-latest/primary_tickers.parquet,DOLTHUB_SEC_PARQUET_MIRROR,YAHOO_CHART,2026-06-30,237.55999755859375,,,https://query1.finance.yahoo.com/v8/finance/chart/CAH?period1=1577836800&period2=1783296000&interval=1d&events=history&includeAdjustedClose=true,SKIPPED_IN_CORE_SMOKE,65627000000.0,2026-02-05,2025-12-31,2397000000.0,2026-02-05,2025-12-31,917000000.0,2026-02-05,2025-12-31,1659000000.0,2026-02-05,2025-12-31,239000000.0,2026-02-05,2025-12-31,-2700000000.0,2026-02-05,2025-12-31,2777000000.0,2026-02-05,2025-12-31,58083000000.0,2026-02-05,2025-12-31,,,,,,,237000000.0,2026-02-05,2025-12-31,1.88,2025-10-30,2025-09-30,2026-02-05,https://github.com/deeleeramone/sec-company-facts/releases/download/parquet-latest/facts_enc-b00027.parquet,True
DE,Industrials,2021-03-31,315189,DEERE & CO,https://github.com/deeleeramone/sec-company-facts/releases/download/parquet-latest/primary_tickers.parquet,DOLTHUB_SEC_PARQUET_MIRROR,YAHOO_CHART,2021-03-31,374.1400146484375,,,https://query1.finance.yahoo.com/v8/finance/chart/DE?period1=1577836800&period2=1783296000&interval=1d&events=history&includeAdjustedClose=true,SKIPPED_IN_CORE_SMOKE,9112000000.0,2021-02-25,2021-01-31,2189000000.0,2020-12-17,2020-11-01,1224000000.0,2021-02-25,2021-01-31,143000000.0,2021-02-25,2021-01-31,154000000.0,2021-02-25,2021-01-31,14083000000.0,2021-02-25,2021-01-31,7064000000.0,2021-02-25,2021-01-31,75480000000.0,2021-02-25,2021-01-31,61394000000.0,2021-02-25,2021-01-31,32772000000.0,2021-02-25,2021-01-31,316100000.0,2021-02-25,2021-01-31,3.87,2021-02-25,2021-01-31,2021-02-25,https://github.com/deeleeramone/sec-company-facts/releases/download/parquet-latest/facts_enc-b00053.parquet,True
DE,Industrials,2021-06-30,315189,DEERE & CO,https://github.com/deeleeramone/sec-company-facts/releases/download/parquet-latest/primary_tickers.parquet,DOLTHUB_SEC_PARQUET_MIRROR,YAHOO_CHART,2021-06-30,352.7099914550781,,,https://query1.finance.yahoo.com/v8/finance/chart/DE?period1=1577836800&period2=1783296000&interval=1d&events=history&includeAdjustedClose=true,SKIPPED_IN_CORE_SMOKE,12058000000.0,2021-05-27,2021-05-02,2189000000.0,2020-12-17,2020-11-01,1790000000.0,2021-05-27,2021-05-02,1786000000.0,2021-05-27,2021-05-02,320000000.0,2021-05-27,2021-05-02,15092000000.0,2021-05-27,2021-05-02,7182000000.0,2021-05-27,2021-05-02,78979000000.0,2021-05-27,2021-05-02,63883000000.0,2021-05-27,2021-05-02,33346000000.0,2021-05-27,2021-05-02,315600000.0,2021-05-27,2021-05-02,5.68,2021-05-27,2021-05-02,2021-05-27,https://github.com/deeleeramone/sec-company-facts/releases/download/parquet-latest/facts_enc-b00053.parquet,True
DE,Industrials,2021-09-30,315189,DEERE & CO,https://github.com/deeleeramone/sec-company-facts/releases/download/parquet-latest/primary_tickers.parquet,DOLTHUB_SEC_PARQUET_MIRROR,YAHOO_CHART,2021-09-30,335.07000732421875,,,https://query1.finance.yahoo.com/v8/finance/chart/DE?period1=1577836800&period2=1783296000&interval=1d&events=history&includeAdjustedClose=true,SKIPPED_IN_CORE_SMOKE,11527000000.0,2021-08-26,2021-08-01,2189000000.0,2020-12-17,2020-11-01,1667000000.0,2021-08-26,2021-08-01,4314000000.0,2021-08-26,2021-08-01,492000000.0,2021-08-26,2021-08-01,15733000000.0,2021-08-26,2021-08-01,7519000000.0,2021-08-26,2021-08-01,80688000000.0,2021-08-26,2021-08-01,64955000000.0,2021-08-26,2021-08-01,32280000000.0,2021-08-26,2021-08-01,313400000.0,2021-08-26,2021-08-01,14.86,2021-08-26,2021-08-01,2021-08-26,https://github.com/deeleeramone/sec-company-facts/releases/download/parquet-latest/facts_enc-b00053.parquet,True
DE,Industrials,2021-12-31,315189,DEERE & CO,https://github.com/deeleeramone/sec-company-facts/releases/download/parquet-latest/primary_tickers.parquet,DOLTHUB_SEC_PARQUET_MIRROR,YAHOO_CHART,2021-12-31,342.8900146484375,,,https://query1.finance.yahoo.com/v8/finance/chart/DE?period1=1577836800&period2=1783296000&interval=1d&events=history&includeAdjustedClose=true,SKIPPED_IN_CORE_SMOKE,44024000000.0,2021-12-16,2021-10-31,2189000000.0,2020-12-17,2020-11-01,5965000000.0,2021-12-16,2021-10-31,7726000000.0,2021-12-16,2021-10-31,848000000.0,2021-12-16,2021-10-31,18434000000.0,2021-12-16,2021-10-31,8125000000.0,2021-12-16,2021-10-31,84114000000.0,2021-12-16,2021-10-31,65680000000.0,2021-12-16,2021-10-31,32888000000.0,2021-12-16,2021-10-31,314000000.0,2021-12-16,2021-10-31,18.99,2021-12-16,2021-10-31,2021-12-16,https://github.com/deeleeramone/sec-company-facts/releases/download/parquet-latest/facts_enc-b00053.parquet,True
DE,Industrials,2022-03-31,315189,DEERE & CO,https://github.com/deeleeramone/sec-company-facts/releases/download/parquet-latest/primary_tickers.parquet,DOLTHUB_SEC_PARQUET_MIRROR,YAHOO_CHART,2022-03-31,415.4599914550781,,,https://query1.finance.yahoo.com/v8/finance/chart/DE?period1=1577836800&period2=1783296000&interval=1d&events=history&includeAdjustedClose=true,SKIPPED_IN_CORE_SMOKE,9569000000.0,2022-02-24,2022-01-30,2189000000.0,2020-12-17,2020-11-01,904000000.0,2022-02-24,2022-01-30,-2553000000.0,2022-02-24,2022-01-30,193000000.0,2022-02-24,2022-01-30,17808000000.0,2022-02-24,2022-01-30,4472000000.0,2022-02-24,2022-01-30,79614000000.0,2022-02-24,2022-01-30,61806000000.0,2022-02-24,2022-01-30,32838000000.0,2022-02-24,2022-01-30,309400000.0,2022-02-24,2022-01-30,2.92,2022-02-24,2022-01-30,2022-02-24,https://github.com/deeleeramone/sec-company-facts/releases/download/parquet-latest/facts_enc-b00053.parquet,True
DE,Industrials,2022-06-30,315189,DEERE & CO,https://github.com/deeleeramone/sec-company-facts/releases/download/parquet-latest/primary_tickers.parquet,DOLTHUB_SEC_PARQUET_MIRROR,YAHOO_CHART,2022-06-30,299.4700012207031,,,https://query1.finance.yahoo.com/v8/finance/chart/DE?period1=1577836800&period2=1783296000&interval=1d&events=history&includeAdjustedClose=true,SKIPPED_IN_CORE_SMOKE,13370000000.0,2022-05-26,2022-05-01,2189000000.0,2020-12-17,2020-11-01,2097000000.0,2022-05-26,2022-05-01,-1762000000.0,2022-05-26,2022-05-01,346000000.0,2022-05-26,2022-05-01,18907000000.0,2022-05-26,2022-05-01,3878000000.0,2022-05-26,2022-05-01,84099000000.0,2022-05-26,2022-05-01,65093000000.0,2022-05-26,2022-05-01,32447000000.0,2022-05-26,2022-05-01,308800000.0,2022-05-26,2022-05-01,9.72,2022-05-26,2022-05-01,2022-05-26,https://github.com/deeleeramone/sec-company-facts/releases/download/parquet-latest/facts_enc-b00053.parquet,True
DE,Industrials,2022-09-30,315189,DEERE & CO,https://github.com/deeleeramone/sec-company-facts/releases/download/parquet-latest/primary_tickers.parquet,DOLTHUB_SEC_PARQUET_MIRROR,YAHOO_CHART,2022-09-30,333.8900146484375,,,https://query1.finance.yahoo.com/v8/finance/chart/DE?period1=1577836800&period2=1783296000&interval=1d&events=history&includeAdjustedClose=true,SKIPPED_IN_CORE_SMOKE,14102000000.0,2022-09-01,2022-07-31,2189000000.0,2020-12-17,2020-11-01,4885000000.0,2022-09-01,2022-07-31,418000000.0,2022-09-01,2022-07-31,596000000.0,2022-09-01,2022-07-31,19033000000.0,2022-09-01,2022-07-31,4485000000.0,2022-09-01,2022-07-31,86817000000.0,2022-09-01,2022-07-31,67686000000.0,2022-09-01,2022-07-31,32447000000.0,2022-05-26,2022-05-01,305700000.0,2022-09-01,2022-07-31,15.88,2022-09-01,2022-07-31,2022-09-01,https://github.com/deeleeramone/sec-company-facts/releases/download/parquet-latest/facts_enc-b00053.parquet,True
DE,Industrials,2022-12-31,315189,DEERE & CO,https://github.com/deeleeramone/sec-company-facts/releases/download/parquet-latest/primary_tickers.parquet,DOLTHUB_SEC_PARQUET_MIRROR,YAHOO_CHART,2022-12-30,428.760009765625,,,https://query1.finance.yahoo.com/v8/finance/chart/DE?period1=1577836800&period2=1783296000&interval=1d&events=history&includeAdjustedClose=true,SKIPPED_IN_CORE_SMOKE,52577000000.0,2022-12-15,2022-10-30,2189000000.0,2020-12-17,2020-11-01,7131000000.0,2022-12-15,2022-10-30,4699000000.0,2022-12-15,2022-10-30,1134000000.0,2022-12-15,2022-10-30,20265000000.0,2022-12-15,2022-10-30,4774000000.0,2022-12-15,2022-10-30,90030000000.0,2022-12-15,2022-10-30,69673000000.0,2022-12-15,2022-10-30,32447000000.0,2022-05-26,2022-05-01,306300000.0,2022-12-15,2022-10-30,23.28,2022-12-15,2022-10-30,2022-12-15,https://github.com/deeleeramone/sec-company-facts/releases/download/parquet-latest/facts_enc-b00053.parquet,True
DE,Industrials,2023-03-31,315189,DEERE & CO,https://github.com/deeleeramone/sec-company-facts/releases/download/parquet-latest/primary_tickers.parquet,DOLTHUB_SEC_PARQUET_MIRROR,YAHOO_CHART,2023-03-31,412.8800048828125,,,https://query1.finance.yahoo.com/v8/finance/chart/DE?period1=1577836800&period2=1783296000&interval=1d&events=history&includeAdjustedClose=true,SKIPPED_IN_CORE_SMOKE,12652000000.0,2023-02-23,2023-01-29,2189000000.0,2020-12-17,2020-11-01,1957000000.0,2023-02-23,2023-01-29,-1246000000.0,2023-02-23,2023-01-29,315000000.0,2023-02-23,2023-01-29,21332000000.0,2023-02-23,2023-01-29,3976000000.0,2023-02-23,2023-01-29,91620000000.0,2023-02-23,2023-01-29,70184000000.0,2023-02-23,2023-01-29,32447000000.0,2022-05-26,2022-05-01,299100000.0,2023-02-23,2023-01-29,6.55,2023-02-23,2023-01-29,2023-02-23,https://github.com/deeleeramone/sec-company-facts/releases/download/parquet-latest/facts_enc-b00053.parquet,True
DE,Industrials,2023-06-30,315189,DEERE & CO,https://github.com/deeleeramone/sec-company-facts/releases/download/parquet-latest/primary_tickers.parquet,DOLTHUB_SEC_PARQUET_MIRROR,YAHOO_CHART,2023-06-30,405.19000244140625,,,https://query1.finance.yahoo.com/v8/finance/chart/DE?period1=1577836800&period2=1783296000&interval=1d&events=history&includeAdjustedClose=true,SKIPPED_IN_CORE_SMOKE,17387000000.0,2023-06-01,2023-04-30,2189000000.0,2020-12-17,2020-11-01,2860000000.0,2023-06-01,2023-04-30,-147000000.0,2023-06-01,2023-04-30,584000000.0,2023-06-01,2023-04-30,22399000000.0,2023-06-01,2023-04-30,5267000000.0,2023-06-01,2023-04-30,98347000000.0,2023-06-01,2023-04-30,75846000000.0,2023-06-01,2023-04-30,32447000000.0,2022-05-26,2022-05-01,297800000.0,2023-06-01,2023-04-30,9.65,2023-06-01,2023-04-30,2023-06-01,https://github.com/deeleeramone/sec-company-facts/releases/download/parquet-latest/facts_enc-b00053.parquet,True
DE,Industrials,2023-09-30,315189,DEERE & CO,https://github.com/deeleeramone/sec-company-facts/releases/download/parquet-latest/primary_tickers.parquet,DOLTHUB_SEC_PARQUET_MIRROR,YAHOO_CHART,2023-09-29,377.3800048828125,,,https://query1.finance.yahoo.com/v8/finance/chart/DE?period1=1577836800&period2=1783296000&interval=1d&events=history&includeAdjustedClose=true,SKIPPED_IN_CORE_SMOKE,15801000000.0,2023-08-31,2023-07-30,2189000000.0,2020-12-17,2020-11-01,7797000000.0,2023-08-31,2023-07-30,2896000000.0,2023-08-31,2023-07-30,887000000.0,2023-08-31,2023-07-30,23051000000.0,2023-08-31,2023-07-30,6778000000.0,2023-08-31,2023-07-30,103397000000.0,2023-08-31,2023-07-30,80245000000.0,2023-08-31,2023-07-30,32447000000.0,2022-05-26,2022-05-01,292100000.0,2023-08-31,2023-07-30,10.2,2023-08-31,2023-07-30,2023-08-31,https://github.com/deeleeramone/sec-company-facts/releases/download/parquet-latest/facts_enc-b00053.parquet,True
DE,Industrials,2023-12-31,315189,DEERE & CO,https://github.com/deeleeramone/sec-company-facts/releases/download/parquet-latest/primary_tickers.parquet,DOLTHUB_SEC_PARQUET_MIRROR,YAHOO_CHART,2023-12-29,399.8699951171875,,,https://query1.finance.yahoo.com/v8/finance/chart/DE?period1=1577836800&period2=1783296000&interval=1d&events=history&includeAdjustedClose=true,SKIPPED_IN_CORE_SMOKE,61251000000.0,2023-12-15,2023-10-29,2189000000.0,2020-12-17,2020-11-01,10166000000.0,2023-12-15,2023-10-29,8589000000.0,2023-12-15,2023-10-29,1498000000.0,2023-12-15,2023-10-29,21785000000.0,2023-12-15,2023-10-29,7620000000.0,2023-12-15,2023-10-29,104087000000.0,2023-12-15,2023-10-29,82201000000.0,2023-12-15,2023-10-29,32447000000.0,2022-05-26,2022-05-01,293600000.0,2023-12-15,2023-10-29,34.63,2023-12-15,2023-10-29,2023-12-15,https://github.com/deeleeramone/sec-company-facts/releases/download/parquet-latest/facts_enc-b00053.parquet,True
DE,Industrials,2024-03-31,315189,DEERE & CO,https://github.com/deeleeramone/sec-company-facts/releases/download/parquet-latest/primary_tickers.parquet,DOLTHUB_SEC_PARQUET_MIRROR,YAHOO_CHART,2024-03-28,410.739990234375,,,https://query1.finance.yahoo.com/v8/finance/chart/DE?period1=1577836800&period2=1783296000&interval=1d&events=history&includeAdjustedClose=true,SKIPPED_IN_CORE_SMOKE,12185000000.0,2024-02-29,2024-01-28,2189000000.0,2020-12-17,2020-11-01,1751000000.0,2024-02-29,2024-01-28,-908000000.0,2024-02-29,2024-01-28,362000000.0,2024-02-29,2024-01-28,22079000000.0,2024-02-29,2024-01-28,5137000000.0,2024-02-29,2024-01-28,101371000000.0,2024-02-29,2024-01-28,79192000000.0,2024-02-29,2024-01-28,32447000000.0,2022-05-26,2022-05-01,281100000.0,2024-02-29,2024-01-28,6.23,2024-02-29,2024-01-28,2024-02-29,https://github.com/deeleeramone/sec-company-facts/releases/download/parquet-latest/facts_enc-b00053.parquet,True
DE,Industrials,2024-06-30,315189,DEERE & CO,https://github.com/deeleeramone/sec-company-facts/releases/download/parquet-latest/primary_tickers.parquet,DOLTHUB_SEC_PARQUET_MIRROR,YAHOO_CHART,2024-06-28,373.6300048828125,,,https://query1.finance.yahoo.com/v8/finance/chart/DE?period1=1577836800&period2=1783296000&interval=1d&events=history&includeAdjustedClose=true,SKIPPED_IN_CORE_SMOKE,27420000000.0,2024-05-30,2024-04-28,2189000000.0,2020-12-17,2020-11-01,2370000000.0,2024-05-30,2024-04-28,944000000.0,2024-05-30,2024-04-28,719000000.0,2024-05-30,2024-04-28,22684000000.0,2024-05-30,2024-04-28,5553000000.0,2024-05-30,2024-04-28,105628000000.0,2024-05-30,2024-04-28,82842000000.0,2024-05-30,2024-04-28,32447000000.0,2022-05-26,2022-05-01,277900000.0,2024-05-30,2024-04-28,14.74,2024-05-30,2024-04-28,2024-05-30,https://github.com/deeleeramone/sec-company-facts/releases/download/parquet-latest/facts_enc-b00053.parquet,True
DE,Industrials,2024-09-30,315189,DEERE & CO,https://github.com/deeleeramone/sec-company-facts/releases/download/parquet-latest/primary_tickers.parquet,DOLTHUB_SEC_PARQUET_MIRROR,YAHOO_CHART,2024-09-30,417.3299865722656,,,https://query1.finance.yahoo.com/v8/finance/chart/DE?period1=1577836800&period2=1783296000&interval=1d&events=history&includeAdjustedClose=true,SKIPPED_IN_CORE_SMOKE,40572000000.0,2024-08-29,2024-07-28,2189000000.0,2020-12-17,2020-11-01,5855000000.0,2024-08-29,2024-07-28,4139000000.0,2024-08-29,2024-07-28,1043000000.0,2024-08-29,2024-07-28,23065000000.0,2024-08-29,2024-07-28,7004000000.0,2024-08-29,2024-07-28,107841000000.0,2024-08-29,2024-07-28,84692000000.0,2024-08-29,2024-07-28,32447000000.0,2022-05-26,2022-05-01,278200000.0,2024-08-29,2024-07-28,6.29,2024-08-29,2024-07-28,2024-08-29,https://github.com/deeleeramone/sec-company-facts/releases/download/parquet-latest/facts_enc-b00053.parquet,True
DE,Industrials,2024-12-31,315189,DEERE & CO,https://github.com/deeleeramone/sec-company-facts/releases/download/parquet-latest/primary_tickers.parquet,DOLTHUB_SEC_PARQUET_MIRROR,YAHOO_CHART,2024-12-31,423.70001220703125,,,https://query1.finance.yahoo.com/v8/finance/chart/DE?period1=1577836800&period2=1783296000&interval=1d&events=history&includeAdjustedClose=true,SKIPPED_IN_CORE_SMOKE,51716000000.0,2024-12-12,2024-10-27,2189000000.0,2020-12-17,2020-11-01,7100000000.0,2024-12-12,2024-10-27,9231000000.0,2024-12-12,2024-10-27,1640000000.0,2024-12-12,2024-10-27,22836000000.0,2024-12-12,2024-10-27,7324000000.0,2024-12-12,2024-10-27,107320000000.0,2024-12-12,2024-10-27,84395000000.0,2024-12-12,2024-10-27,32447000000.0,2022-05-26,2022-05-01,277100000.0,2024-12-12,2024-10-27,25.62,2024-12-12,2024-10-27,2024-12-12,https://github.com/deeleeramone/sec-company-facts/releases/download/parquet-latest/facts_enc-b00053.parquet,True
DE,Industrials,2025-03-31,315189,DEERE & CO,https://github.com/deeleeramone/sec-company-facts/releases/download/parquet-latest/primary_tickers.parquet,DOLTHUB_SEC_PARQUET_MIRROR,YAHOO_CHART,2025-03-31,469.3500061035156,,,https://query1.finance.yahoo.com/v8/finance/chart/DE?period1=1577836800&period2=1783296000&interval=1d&events=history&includeAdjustedClose=true,SKIPPED_IN_CORE_SMOKE,8508000000.0,2025-02-27,2025-01-26,2189000000.0,2020-12-17,2020-11-01,869000000.0,2025-02-27,2025-01-26,-1132000000.0,2025-02-27,2025-01-26,352000000.0,2025-02-27,2025-01-26,22479000000.0,2025-02-27,2025-01-26,6601000000.0,2025-02-27,2025-01-26,103119000000.0,2025-02-27,2025-01-26,80555000000.0,2025-02-27,2025-01-26,32447000000.0,2022-05-26,2022-05-01,272300000.0,2025-02-27,2025-01-26,3.19,2025-02-27,2025-01-26,2025-02-27,https://github.com/deeleeramone/sec-company-facts/releases/download/parquet-latest/facts_enc-b00053.parquet,True
DE,Industrials,2025-06-30,315189,DEERE & CO,https://github.com/deeleeramone/sec-company-facts/releases/download/parquet-latest/primary_tickers.parquet,DOLTHUB_SEC_PARQUET_MIRROR,YAHOO_CHART,2025-06-30,508.489990234375,,,https://query1.finance.yahoo.com/v8/finance/chart/DE?period1=1577836800&period2=1783296000&interval=1d&events=history&includeAdjustedClose=true,SKIPPED_IN_CORE_SMOKE,21272000000.0,2025-05-29,2025-04-27,2189000000.0,2020-12-17,2020-11-01,2673000000.0,2025-05-29,2025-04-27,568000000.0,2025-05-29,2025-04-27,555000000.0,2025-05-29,2025-04-27,24287000000.0,2025-05-29,2025-04-27,8179000000.0,2025-05-29,2025-04-27,106303000000.0,2025-05-29,2025-04-27,81925000000.0,2025-05-29,2025-04-27,32447000000.0,2022-05-26,2022-05-01,272100000.0,2025-05-29,2025-04-27,9.82,2025-05-29,2025-04-27,2025-05-29,https://github.com/deeleeramone/sec-company-facts/releases/download/parquet-latest/facts_enc-b00053.parquet,True
DE,Industrials,2025-09-30,315189,DEERE & CO,https://github.com/deeleeramone/sec-company-facts/releases/download/parquet-latest/primary_tickers.parquet,DOLTHUB_SEC_PARQUET_MIRROR,YAHOO_CHART,2025-09-30,457.260009765625,,,https://query1.finance.yahoo.com/v8/finance/chart/DE?period1=1577836800&period2=1783296000&interval=1d&events=history&includeAdjustedClose=true,SKIPPED_IN_CORE_SMOKE,33290000000.0,2025-08-28,2025-07-27,2189000000.0,2020-12-17,2020-11-01,1271000000.0,2025-08-28,2025-07-27,3464000000.0,2025-08-28,2025-07-27,852000000.0,2025-08-28,2025-07-27,25180000000.0,2025-08-28,2025-07-27,8847000000.0,2025-08-28,2025-07-27,107817000000.0,2025-08-28,2025-07-27,82553000000.0,2025-08-28,2025-07-27,32447000000.0,2022-05-26,2022-05-01,271900000.0,2025-08-28,2025-07-27,14.57,2025-08-28,2025-07-27,2025-08-28,https://github.com/deeleeramone/sec-company-facts/releases/download/parquet-latest/facts_enc-b00053.parquet,True
DE,Industrials,2025-12-31,315189,DEERE & CO,https://github.com/deeleeramone/sec-company-facts/releases/download/parquet-latest/primary_tickers.parquet,DOLTHUB_SEC_PARQUET_MIRROR,YAHOO_CHART,2025-12-31,465.57000732421875,,,https://query1.finance.yahoo.com/v8/finance/chart/DE?period1=1577836800&period2=1783296000&interval=1d&events=history&includeAdjustedClose=true,SKIPPED_IN_CORE_SMOKE,45684000000.0,2025-12-18,2025-11-02,2189000000.0,2020-12-17,2020-11-01,4998000000.0,2025-12-18,2025-11-02,7459000000.0,2025-12-18,2025-11-02,1360000000.0,2025-12-18,2025-11-02,25950000000.0,2025-12-18,2025-11-02,8533000000.0,2025-12-18,2025-11-02,105996000000.0,2025-12-18,2025-11-02,79989000000.0,2025-12-18,2025-11-02,32447000000.0,2022-05-26,2022-05-01,271700000.0,2025-12-18,2025-11-02,18.5,2025-12-18,2025-11-02,2025-12-18,https://github.com/deeleeramone/sec-company-facts/releases/download/parquet-latest/facts_enc-b00053.parquet,True
DE,Industrials,2026-03-31,315189,DEERE & CO,https://github.com/deeleeramone/sec-company-facts/releases/download/parquet-latest/primary_tickers.parquet,DOLTHUB_SEC_PARQUET_MIRROR,YAHOO_CHART,2026-03-31,563.2999877929688,,,https://query1.finance.yahoo.com/v8/finance/chart/DE?period1=1577836800&period2=1783296000&interval=1d&events=history&includeAdjustedClose=true,SKIPPED_IN_CORE_SMOKE,9611000000.0,2026-02-26,2026-02-01,2189000000.0,2020-12-17,2020-11-01,656000000.0,2026-02-26,2026-02-01,-890000000.0,2026-02-26,2026-02-01,256000000.0,2026-02-26,2026-02-01,26300000000.0,2026-02-26,2026-02-01,6798000000.0,2026-02-26,2026-02-01,103436000000.0,2026-02-26,2026-02-01,77079000000.0,2026-02-26,2026-02-01,32447000000.0,2022-05-26,2022-05-01,270900000.0,2026-02-26,2026-02-01,2.42,2026-02-26,2026-02-01,2026-02-26,https://github.com/deeleeramone/sec-company-facts/releases/download/parquet-latest/facts_enc-b00053.parquet,True
DE,Industrials,2026-06-30,315189,DEERE & CO,https://github.com/deeleeramone/sec-company-facts/releases/download/parquet-latest/primary_tickers.parquet,DOLTHUB_SEC_PARQUET_MIRROR,YAHOO_CHART,2026-06-30,634.3300170898438,,,https://query1.finance.yahoo.com/v8/finance/chart/DE?period1=1577836800&period2=1783296000&interval=1d&events=history&includeAdjustedClose=true,SKIPPED_IN_CORE_SMOKE,13369000000.0,2026-05-28,2026-05-03,2189000000.0,2020-12-17,2020-11-01,2425000000.0,2026-05-28,2026-05-03,1042000000.0,2026-05-28,2026-05-03,451000000.0,2026-05-28,2026-05-03,27413000000.0,2026-05-28,2026-05-03,8135000000.0,2026-05-28,2026-05-03,107001000000.0,2026-05-28,2026-05-03,79541000000.0,2026-05-28,2026-05-03,32447000000.0,2022-05-26,2022-05-01,270900000.0,2026-05-28,2026-05-03,8.97,2026-05-28,2026-05-03,2026-05-28,https://github.com/deeleeramone/sec-company-facts/releases/download/parquet-latest/facts_enc-b00053.parquet,True
ROP,Industrials,2021-03-31,882835,ROPER TECHNOLOGIES INC,https://github.com/deeleeramone/sec-company-facts/releases/download/parquet-latest/primary_tickers.parquet,DOLTHUB_SEC_PARQUET_MIRROR,YAHOO_CHART,2021-03-31,403.3399963378906,,,https://query1.finance.yahoo.com/v8/finance/chart/ROP?period1=1577836800&period2=1783296000&interval=1d&events=history&includeAdjustedClose=true,SKIPPED_IN_CORE_SMOKE,1505300000.0,2021-02-22,2020-12-31,966600000.0,2021-02-22,2020-12-31,255800000.0,2021-02-22,2020-12-31,1525100000.0,2021-02-22,2020-12-31,,,,10479800000.0,2021-02-22,2020-12-31,308300000.0,2021-02-22,2020-12-31,24024800000.0,2021-02-22,2020-12-31,13545000000.0,2021-02-22,2020-12-31,9064500000.0,2021-02-22,2020-12-31,105700000.0,2021-02-22,2020-12-31,8.98,2021-02-22,2020-12-31,2021-02-22,https://github.com/deeleeramone/sec-company-facts/releases/download/parquet-latest/facts_enc-b00019.parquet,True
ROP,Industrials,2021-06-30,882835,ROPER TECHNOLOGIES INC,https://github.com/deeleeramone/sec-company-facts/releases/download/parquet-latest/primary_tickers.parquet,DOLTHUB_SEC_PARQUET_MIRROR,YAHOO_CHART,2021-06-30,470.20001220703125,,,https://query1.finance.yahoo.com/v8/finance/chart/ROP?period1=1577836800&period2=1783296000&interval=1d&events=history&includeAdjustedClose=true,SKIPPED_IN_CORE_SMOKE,1528600000.0,2021-05-05,2021-03-31,993800000.0,2021-05-05,2021-03-31,289000000.0,2021-05-05,2021-03-31,559600000.0,2021-05-05,2021-03-31,,,,10765700000.0,2021-05-05,2021-03-31,331000000.0,2021-05-05,2021-03-31,23871100000.0,2021-05-05,2021-03-31,13105400000.0,2021-05-05,2021-03-31,8571800000.0,2021-05-05,2021-03-31,106000000.0,2021-05-05,2021-03-31,2.73,2021-05-05,2021-03-31,2021-05-05,https://github.com/deeleeramone/sec-company-facts/releases/download/parquet-latest/facts_enc-b00019.parquet,True
ROP,Industrials,2021-09-30,882835,ROPER TECHNOLOGIES INC,https://github.com/deeleeramone/sec-company-facts/releases/download/parquet-latest/primary_tickers.parquet,DOLTHUB_SEC_PARQUET_MIRROR,YAHOO_CHART,2021-09-30,446.1300048828125,,,https://query1.finance.yahoo.com/v8/finance/chart/ROP?period1=1577836800&period2=1783296000&interval=1d&events=history&includeAdjustedClose=true,SKIPPED_IN_CORE_SMOKE,3116200000.0,2021-08-05,2021-06-30,2027900000.0,2021-08-05,2021-06-30,575300000.0,2021-08-05,2021-06-30,985100000.0,2021-08-05,2021-06-30,,,,11089200000.0,2021-08-05,2021-06-30,337800000.0,2021-08-05,2021-06-30,23833700000.0,2021-08-05,2021-06-30,12744500000.0,2021-08-05,2021-06-30,502400000.0,2021-08-05,2021-06-30,106400000.0,2021-08-05,2021-06-30,5.42,2021-08-05,2021-06-30,2021-08-05,https://github.com/deeleeramone/sec-company-facts/releases/download/parquet-latest/facts_enc-b00019.parquet,True
ROP,Industrials,2021-12-31,882835,ROPER TECHNOLOGIES INC,https://github.com/deeleeramone/sec-company-facts/releases/download/parquet-latest/primary_tickers.parquet,DOLTHUB_SEC_PARQUET_MIRROR,YAHOO_CHART,2021-12-31,491.8599853515625,,,https://query1.finance.yahoo.com/v8/finance/chart/ROP?period1=1577836800&period2=1783296000&interval=1d&events=history&includeAdjustedClose=true,SKIPPED_IN_CORE_SMOKE,4265500000.0,2021-11-04,2021-09-30,996100000.0,2021-11-04,2021-09-30,864800000.0,2021-11-04,2021-09-30,1432400000.0,2021-11-04,2021-09-30,,,,11342300000.0,2021-11-04,2021-09-30,352500000.0,2021-11-04,2021-09-30,23728100000.0,2021-11-04,2021-09-30,12385800000.0,2021-11-04,2021-09-30,799200000.0,2021-11-04,2021-09-30,106400000.0,2021-11-04,2021-09-30,2.71,2021-11-04,2021-09-30,2021-11-04,https://github.com/deeleeramone/sec-company-facts/releases/download/parquet-latest/facts_enc-b00019.parquet,True
ROP,Industrials,2022-03-31,882835,ROPER TECHNOLOGIES INC,https://github.com/deeleeramone/sec-company-facts/releases/download/parquet-latest/primary_tickers.parquet,DOLTHUB_SEC_PARQUET_MIRROR,YAHOO_CHART,2022-03-31,472.2300109863281,,,https://query1.finance.yahoo.com/v8/finance/chart/ROP?period1=1577836800&period2=1783296000&interval=1d&events=history&includeAdjustedClose=true,SKIPPED_IN_CORE_SMOKE,5777800000.0,2022-02-22,2021-12-31,3917400000.0,2022-02-22,2021-12-31,1152600000.0,2022-02-22,2021-12-31,2011900000.0,2022-02-22,2021-12-31,,,,11563800000.0,2022-02-22,2021-12-31,351500000.0,2022-02-22,2021-12-31,23713900000.0,2022-02-22,2021-12-31,12150100000.0,2022-02-22,2021-12-31,799200000.0,2022-02-22,2021-12-31,106500000.0,2022-02-22,2021-12-31,10.82,2022-02-22,2021-12-31,2022-02-22,https://github.com/deeleeramone/sec-company-facts/releases/download/parquet-latest/facts_enc-b00019.parquet,True
ROP,Industrials,2022-06-30,882835,ROPER TECHNOLOGIES INC,https://github.com/deeleeramone/sec-company-facts/releases/download/parquet-latest/primary_tickers.parquet,DOLTHUB_SEC_PARQUET_MIRROR,YAHOO_CHART,2022-06-30,394.6499938964844,,,https://query1.finance.yahoo.com/v8/finance/chart/ROP?period1=1577836800&period2=1783296000&interval=1d&events=history&includeAdjustedClose=true,SKIPPED_IN_CORE_SMOKE,1526600000.0,2022-05-04,2022-03-31,1030100000.0,2022-05-04,2022-03-31,2020500000.0,2022-05-04,2022-03-31,475300000.0,2022-05-04,2022-03-31,,,,13551900000.0,2022-05-04,2022-03-31,3237500000.0,2022-05-04,2022-03-31,25635800000.0,2022-05-04,2022-03-31,12083900000.0,2022-05-04,2022-03-31,799500000.0,2022-05-04,2022-03-31,106700000.0,2022-05-04,2022-03-31,18.94,2022-05-04,2022-03-31,2022-05-04,https://github.com/deeleeramone/sec-company-facts/releases/download/parquet-latest/facts_enc-b00019.parquet,True
ROP,Industrials,2022-09-30,882835,ROPER TECHNOLOGIES INC,https://github.com/deeleeramone/sec-company-facts/releases/download/parquet-latest/primary_tickers.parquet,DOLTHUB_SEC_PARQUET_MIRROR,YAHOO_CHART,2022-09-30,359.6400146484375,,,https://query1.finance.yahoo.com/v8/finance/chart/ROP?period1=1577836800&period2=1783296000&interval=1d&events=history&includeAdjustedClose=true,SKIPPED_IN_CORE_SMOKE,2590600000.0,2022-08-03,2022-06-30,911500000.0,2022-08-03,2022-06-30,2289300000.0,2022-08-03,2022-06-30,411100000.0,2022-08-03,2022-06-30,,,,13726500000.0,2022-08-03,2022-06-30,2879100000.0,2022-08-03,2022-06-30,25350300000.0,2022-08-03,2022-06-30,11623800000.0,2022-08-03,2022-06-30,6657100000.0,2022-08-03,2022-06-30,106800000.0,2022-08-03,2022-06-30,21.44,2022-08-03,2022-06-30,2022-08-03,https://github.com/deeleeramone/sec-company-facts/releases/download/parquet-latest/facts_enc-b00019.parquet,True
ROP,Industrials,2022-12-31,882835,ROPER TECHNOLOGIES INC,https://github.com/deeleeramone/sec-company-facts/releases/download/parquet-latest/primary_tickers.parquet,DOLTHUB_SEC_PARQUET_MIRROR,YAHOO_CHART,2022-12-30,432.0899963378906,,,https://query1.finance.yahoo.com/v8/finance/chart/ROP?period1=1577836800&period2=1783296000&interval=1d&events=history&includeAdjustedClose=true,SKIPPED_IN_CORE_SMOKE,1350300000.0,2022-11-02,2022-09-30,941800000.0,2022-11-02,2022-09-30,2616300000.0,2022-11-02,2022-09-30,662900000.0,2022-11-02,2022-09-30,,,,13857800000.0,2022-11-02,2022-09-30,1894500000.0,2022-11-02,2022-09-30,24397200000.0,2022-11-02,2022-09-30,10539400000.0,2022-11-02,2022-09-30,5960600000.0,2022-11-02,2022-09-30,106800000.0,2022-11-02,2022-09-30,3.06,2022-11-02,2022-09-30,2022-11-02,https://github.com/deeleeramone/sec-company-facts/releases/download/parquet-latest/facts_enc-b00019.parquet,True
ROP,Industrials,2023-03-31,882835,ROPER TECHNOLOGIES INC,https://github.com/deeleeramone/sec-company-facts/releases/download/parquet-latest/primary_tickers.parquet,DOLTHUB_SEC_PARQUET_MIRROR,YAHOO_CHART,2023-03-31,440.69000244140625,,,https://query1.finance.yahoo.com/v8/finance/chart/ROP?period1=1577836800&period2=1783296000&interval=1d&events=history&includeAdjustedClose=true,SKIPPED_IN_CORE_SMOKE,5371800000.0,2023-02-27,2022-12-31,1002300000.0,2023-02-27,2022-12-31,1928400000.0,2023-02-27,2022-12-31,734600000.0,2023-02-27,2022-12-31,,,,16037800000.0,2023-02-27,2022-12-31,792800000.0,2023-02-27,2022-12-31,26980800000.0,2023-02-27,2022-12-31,10943000000.0,2023-02-27,2022-12-31,699200000.0,2023-02-27,2022-12-31,106800000.0,2023-02-27,2022-12-31,18.06,2023-02-27,2022-12-31,2023-02-27,https://github.com/deeleeramone/sec-company-facts/releases/download/parquet-latest/facts_enc-b00019.parquet,True
ROP,Industrials,2023-06-30,882835,ROPER TECHNOLOGIES INC,https://github.com/deeleeramone/sec-company-facts/releases/download/parquet-latest/primary_tickers.parquet,DOLTHUB_SEC_PARQUET_MIRROR,YAHOO_CHART,2023-06-30,480.79998779296875,,,https://query1.finance.yahoo.com/v8/finance/chart/ROP?period1=1577836800&period2=1783296000&interval=1d&events=history&includeAdjustedClose=true,SKIPPED_IN_CORE_SMOKE,1469700000.0,2023-05-03,2023-03-31,1018600000.0,2023-05-03,2023-03-31,283100000.0,2023-05-03,2023-03-31,463700000.0,2023-05-03,2023-03-31,,,,16332700000.0,2023-05-03,2023-03-31,1181600000.0,2023-05-03,2023-03-31,27134800000.0,2023-05-03,2023-03-31,10802100000.0,2023-05-03,2023-03-31,5964400000.0,2023-05-03,2023-03-31,107000000.0,2023-05-03,2023-03-31,2.65,2023-05-03,2023-03-31,2023-05-03,https://github.com/deeleeramone/sec-company-facts/releases/download/parquet-latest/facts_enc-b00019.parquet,True
ROP,Industrials,2023-09-30,882835,ROPER TECHNOLOGIES INC,https://github.com/deeleeramone/sec-company-facts/releases/download/parquet-latest/primary_tickers.parquet,DOLTHUB_SEC_PARQUET_MIRROR,YAHOO_CHART,2023-09-29,484.2799987792969,,,https://query1.finance.yahoo.com/v8/finance/chart/ROP?period1=1577836800&period2=1783296000&interval=1d&events=history&includeAdjustedClose=true,SKIPPED_IN_CORE_SMOKE,3000900000.0,2023-08-03,2023-06-30,2085700000.0,2023-08-03,2023-06-30,648000000.0,2023-08-03,2023-06-30,783300000.0,2023-08-03,2023-06-30,,,,16745900000.0,2023-08-03,2023-06-30,1462800000.0,2023-08-03,2023-06-30,27460400000.0,2023-08-03,2023-06-30,10714500000.0,2023-08-03,2023-06-30,699800000.0,2023-08-03,2023-06-30,107200000.0,2023-08-03,2023-06-30,3.4,2023-08-03,2023-06-30,2023-08-03,https://github.com/deeleeramone/sec-company-facts/releases/download/parquet-latest/facts_enc-b00019.parquet,True
ROP,Industrials,2023-12-31,882835,ROPER TECHNOLOGIES INC,https://github.com/deeleeramone/sec-company-facts/releases/download/parquet-latest/primary_tickers.parquet,DOLTHUB_SEC_PARQUET_MIRROR,YAHOO_CHART,2023-12-29,545.1699829101562,,,https://query1.finance.yahoo.com/v8/finance/chart/ROP?period1=1577836800&period2=1783296000&interval=1d&events=history&includeAdjustedClose=true,SKIPPED_IN_CORE_SMOKE,1563400000.0,2023-11-02,2023-09-30,1096300000.0,2023-11-02,2023-09-30,995200000.0,2023-11-02,2023-09-30,1413300000.0,2023-11-02,2023-09-30,,,,17038700000.0,2023-11-02,2023-09-30,299500000.0,2023-11-02,2023-09-30,28188000000.0,2023-11-02,2023-09-30,11149300000.0,2023-11-02,2023-09-30,6379000000.0,2023-11-02,2023-09-30,107600000.0,2023-11-02,2023-09-30,9.27,2023-11-02,2023-09-30,2023-11-02,https://github.com/deeleeramone/sec-company-facts/releases/download/parquet-latest/facts_enc-b00019.parquet,True
ROP,Industrials,2024-03-31,882835,ROPER TECHNOLOGIES INC,https://github.com/deeleeramone/sec-company-facts/releases/download/parquet-latest/primary_tickers.parquet,DOLTHUB_SEC_PARQUET_MIRROR,YAHOO_CHART,2024-03-28,560.8400268554688,,,https://query1.finance.yahoo.com/v8/finance/chart/ROP?period1=1577836800&period2=1783296000&interval=1d&events=history&includeAdjustedClose=true,SKIPPED_IN_CORE_SMOKE,6177800000.0,2024-02-22,2023-12-31,1125200000.0,2024-02-22,2023-12-31,1384200000.0,2024-02-22,2023-12-31,2035100000.0,2024-02-22,2023-12-31,,,,17444800000.0,2024-02-22,2023-12-31,214300000.0,2024-02-22,2023-12-31,28167500000.0,2024-02-22,2023-12-31,10722700000.0,2024-02-22,2023-12-31,5830600000.0,2024-02-22,2023-12-31,107400000.0,2024-02-22,2023-12-31,12.89,2024-02-22,2023-12-31,2024-02-22,https://github.com/deeleeramone/sec-company-facts/releases/download/parquet-latest/facts_enc-b00019.parquet,True
ROP,Industrials,2024-06-30,882835,ROPER TECHNOLOGIES INC,https://github.com/deeleeramone/sec-company-facts/releases/download/parquet-latest/primary_tickers.parquet,DOLTHUB_SEC_PARQUET_MIRROR,YAHOO_CHART,2024-06-28,563.6599731445312,,,https://query1.finance.yahoo.com/v8/finance/chart/ROP?period1=1577836800&period2=1783296000&interval=1d&events=history&includeAdjustedClose=true,SKIPPED_IN_CORE_SMOKE,1680700000.0,2024-05-03,2024-03-31,1181000000.0,2024-05-03,2024-03-31,382000000.0,2024-05-03,2024-03-31,531500000.0,2024-05-03,2024-03-31,,,,17797600000.0,2024-05-03,2024-03-31,198400000.0,2024-05-03,2024-03-31,29978500000.0,2024-05-03,2024-03-31,12180900000.0,2024-05-03,2024-03-31,499700000.0,2024-05-03,2024-03-31,107900000.0,2024-05-03,2024-03-31,3.54,2024-05-03,2024-03-31,2024-05-03,https://github.com/deeleeramone/sec-company-facts/releases/download/parquet-latest/facts_enc-b00019.parquet,True
ROP,Industrials,2024-09-30,882835,ROPER TECHNOLOGIES INC,https://github.com/deeleeramone/sec-company-facts/releases/download/parquet-latest/primary_tickers.parquet,DOLTHUB_SEC_PARQUET_MIRROR,YAHOO_CHART,2024-09-30,556.4400024414062,,,https://query1.finance.yahoo.com/v8/finance/chart/ROP?period1=1577836800&period2=1783296000&interval=1d&events=history&includeAdjustedClose=true,SKIPPED_IN_CORE_SMOKE,3397500000.0,2024-08-01,2024-06-30,1193300000.0,2024-08-01,2024-06-30,719100000.0,2024-08-01,2024-06-30,915600000.0,2024-08-01,2024-06-30,,,,18139000000.0,2024-08-01,2024-06-30,251500000.0,2024-08-01,2024-06-30,29847500000.0,2024-08-01,2024-06-30,11708500000.0,2024-08-01,2024-06-30,500000000.0,2024-08-01,2024-06-30,107900000.0,2024-08-01,2024-06-30,3.12,2024-08-01,2024-06-30,2024-08-01,https://github.com/deeleeramone/sec-company-facts/releases/download/parquet-latest/facts_enc-b00019.parquet,True
ROP,Industrials,2024-12-31,882835,ROPER TECHNOLOGIES INC,https://github.com/deeleeramone/sec-company-facts/releases/download/parquet-latest/primary_tickers.parquet,DOLTHUB_SEC_PARQUET_MIRROR,YAHOO_CHART,2024-12-31,519.8499755859375,,,https://query1.finance.yahoo.com/v8/finance/chart/ROP?period1=1577836800&period2=1783296000&interval=1d&events=history&includeAdjustedClose=true,SKIPPED_IN_CORE_SMOKE,5162100000.0,2024-11-01,2024-09-30,3596000000.0,2024-11-01,2024-09-30,1087000000.0,2024-11-01,2024-09-30,1671000000.0,2024-11-01,2024-09-30,,,,18515500000.0,2024-11-01,2024-09-30,269600000.0,2024-11-01,2024-09-30,31552700000.0,2024-11-01,2024-09-30,13037200000.0,2024-11-01,2024-09-30,7677600000.0,2024-11-01,2024-09-30,108000000.0,2024-11-01,2024-09-30,10.06,2024-11-01,2024-09-30,2024-11-01,https://github.com/deeleeramone/sec-company-facts/releases/download/parquet-latest/facts_enc-b00019.parquet,True
ROP,Industrials,2025-03-31,882835,ROPER TECHNOLOGIES INC,https://github.com/deeleeramone/sec-company-facts/releases/download/parquet-latest/primary_tickers.parquet,DOLTHUB_SEC_PARQUET_MIRROR,YAHOO_CHART,2025-03-31,589.5800170898438,,,https://query1.finance.yahoo.com/v8/finance/chart/ROP?period1=1577836800&period2=1783296000&interval=1d&events=history&includeAdjustedClose=true,SKIPPED_IN_CORE_SMOKE,1877100000.0,2025-02-24,2024-12-31,1282300000.0,2025-02-24,2024-12-31,1549300000.0,2025-02-24,2024-12-31,2393200000.0,2025-02-24,2024-12-31,,,,18867600000.0,2025-02-24,2024-12-31,188200000.0,2025-02-24,2024-12-31,31334700000.0,2025-02-24,2024-12-31,12467100000.0,2025-02-24,2024-12-31,6579900000.0,2025-02-24,2024-12-31,108000000.0,2025-02-24,2024-12-31,14.35,2025-02-24,2024-12-31,2025-02-24,https://github.com/deeleeramone/sec-company-facts/releases/download/parquet-latest/facts_enc-b00019.parquet,True
ROP,Industrials,2025-06-30,882835,ROPER TECHNOLOGIES INC,https://github.com/deeleeramone/sec-company-facts/releases/download/parquet-latest/primary_tickers.parquet,DOLTHUB_SEC_PARQUET_MIRROR,YAHOO_CHART,2025-06-30,566.8400268554688,,,https://query1.finance.yahoo.com/v8/finance/chart/ROP?period1=1577836800&period2=1783296000&interval=1d&events=history&includeAdjustedClose=true,SKIPPED_IN_CORE_SMOKE,1882800000.0,2025-05-02,2025-03-31,1293700000.0,2025-05-02,2025-03-31,331100000.0,2025-05-02,2025-03-31,528700000.0,2025-05-02,2025-03-31,,,,19223600000.0,2025-05-02,2025-03-31,372800000.0,2025-05-02,2025-03-31,31418800000.0,2025-05-02,2025-03-31,12195200000.0,2025-05-02,2025-03-31,6457000000.0,2025-05-02,2025-03-31,108200000.0,2025-05-02,2025-03-31,3.06,2025-05-02,2025-03-31,2025-05-02,https://github.com/deeleeramone/sec-company-facts/releases/download/parquet-latest/facts_enc-b00019.parquet,True
ROP,Industrials,2025-09-30,882835,ROPER TECHNOLOGIES INC,https://github.com/deeleeramone/sec-company-facts/releases/download/parquet-latest/primary_tickers.parquet,DOLTHUB_SEC_PARQUET_MIRROR,YAHOO_CHART,2025-09-30,498.69000244140625,,,https://query1.finance.yahoo.com/v8/finance/chart/ROP?period1=1577836800&period2=1783296000&interval=1d&events=history&includeAdjustedClose=true,SKIPPED_IN_CORE_SMOKE,3826400000.0,2025-08-01,2025-06-30,2639100000.0,2025-08-01,2025-06-30,709400000.0,2025-08-01,2025-06-30,932800000.0,2025-08-01,2025-06-30,,,,19633900000.0,2025-08-01,2025-06-30,242400000.0,2025-08-01,2025-06-30,33220400000.0,2025-08-01,2025-06-30,13586500000.0,2025-08-01,2025-06-30,999800000.0,2025-08-01,2025-06-30,108300000.0,2025-08-01,2025-06-30,3.49,2025-08-01,2025-06-30,2025-08-01,https://github.com/deeleeramone/sec-company-facts/releases/download/parquet-latest/facts_enc-b00019.parquet,True
ROP,Industrials,2025-12-31,882835,ROPER TECHNOLOGIES INC,https://github.com/deeleeramone/sec-company-facts/releases/download/parquet-latest/primary_tickers.parquet,DOLTHUB_SEC_PARQUET_MIRROR,YAHOO_CHART,2025-12-31,445.1300048828125,,,https://query1.finance.yahoo.com/v8/finance/chart/ROP?period1=1577836800&period2=1783296000&interval=1d&events=history&includeAdjustedClose=true,SKIPPED_IN_CORE_SMOKE,5843900000.0,2025-10-31,2025-09-30,1403000000.0,2025-10-31,2025-09-30,398500000.0,2025-10-31,2025-09-30,1802300000.0,2025-10-31,2025-09-30,,,,19992800000.0,2025-10-31,2025-09-30,320000000.0,2025-10-31,2025-09-30,34584400000.0,2025-10-31,2025-09-30,14591600000.0,2025-10-31,2025-09-30,300000000.0,2025-10-31,2025-09-30,108300000.0,2025-10-31,2025-09-30,3.68,2025-10-31,2025-09-30,2025-10-31,https://github.com/deeleeramone/sec-company-facts/releases/download/parquet-latest/facts_enc-b00019.parquet,True
ROP,Industrials,2026-03-31,882835,ROPER TECHNOLOGIES INC,https://github.com/deeleeramone/sec-company-facts/releases/download/parquet-latest/primary_tickers.parquet,DOLTHUB_SEC_PARQUET_MIRROR,YAHOO_CHART,2026-03-31,353.8599853515625,,,https://query1.finance.yahoo.com/v8/finance/chart/ROP?period1=1577836800&period2=1783296000&interval=1d&events=history&includeAdjustedClose=true,SKIPPED_IN_CORE_SMOKE,7902500000.0,2026-02-24,2025-12-31,5472000000.0,2026-02-24,2025-12-31,1536300000.0,2026-02-24,2025-12-31,2540300000.0,2026-02-24,2025-12-31,,,,19881500000.0,2026-02-24,2025-12-31,297400000.0,2026-02-24,2025-12-31,34577000000.0,2026-02-24,2025-12-31,14695500000.0,2026-02-24,2025-12-31,705200000.0,2026-02-24,2025-12-31,108200000.0,2026-02-24,2025-12-31,14.2,2026-02-24,2025-12-31,2026-02-24,https://github.com/deeleeramone/sec-company-facts/releases/download/parquet-latest/facts_enc-b00019.parquet,True
ROP,Industrials,2026-06-30,882835,ROPER TECHNOLOGIES INC,https://github.com/deeleeramone/sec-company-facts/releases/download/parquet-latest/primary_tickers.parquet,DOLTHUB_SEC_PARQUET_MIRROR,YAHOO_CHART,2026-06-30,338.3900146484375,,,https://query1.finance.yahoo.com/v8/finance/chart/ROP?period1=1577836800&period2=1783296000&interval=1d&events=history&includeAdjustedClose=true,SKIPPED_IN_CORE_SMOKE,2095300000.0,2026-05-01,2026-03-31,1453800000.0,2026-05-01,2026-03-31,508900000.0,2026-05-01,2026-03-31,592100000.0,2026-05-01,2026-03-31,,,,18818000000.0,2026-05-01,2026-03-31,382900000.0,2026-05-01,2026-03-31,34550800000.0,2026-05-01,2026-03-31,15732800000.0,2026-05-01,2026-03-31,9748400000.0,2026-05-01,2026-03-31,104600000.0,2026-05-01,2026-03-31,4.87,2026-05-01,2026-03-31,2026-05-01,https://github.com/deeleeramone/sec-company-facts/releases/download/parquet-latest/facts_enc-b00019.parquet,True
HWM,Industrials,2021-03-31,4281,Howmet Aerospace Inc.,https://github.com/deeleeramone/sec-company-facts/releases/download/parquet-latest/primary_tickers.parquet,DOLTHUB_SEC_PARQUET_MIRROR,YAHOO_CHART,2021-03-31,32.130001068115234,,,https://query1.finance.yahoo.com/v8/finance/chart/HWM?period1=1577836800&period2=1783296000&interval=1d&events=history&includeAdjustedClose=true,SKIPPED_IN_CORE_SMOKE,5259000000.0,2021-02-16,2020-12-31,,,,261000000.0,2021-02-16,2020-12-31,9000000.0,2021-02-16,2020-12-31,267000000.0,2021-02-16,2020-12-31,3577000000.0,2021-02-16,2020-12-31,1611000000.0,2021-02-16,2020-12-31,11443000000.0,2021-02-16,2020-12-31,7866000000.0,2021-02-16,2020-12-31,376000000.0,2021-02-16,2020-12-31,439000000.0,2021-02-16,2020-12-31,0.49,2020-05-07,2020-03-31,2021-02-16,https://github.com/deeleeramone/sec-company-facts/releases/download/parquet-latest/facts_enc-b00057.parquet,True
HWM,Industrials,2021-06-30,4281,Howmet Aerospace Inc.,https://github.com/deeleeramone/sec-company-facts/releases/download/parquet-latest/primary_tickers.parquet,DOLTHUB_SEC_PARQUET_MIRROR,YAHOO_CHART,2021-06-30,34.470001220703125,,,https://query1.finance.yahoo.com/v8/finance/chart/HWM?period1=1577836800&period2=1783296000&interval=1d&events=history&includeAdjustedClose=true,SKIPPED_IN_CORE_SMOKE,1209000000.0,2021-05-06,2021-03-31,,,,80000000.0,2021-05-06,2021-03-31,-6000000.0,2021-05-06,2021-03-31,55000000.0,2021-05-06,2021-03-31,3662000000.0,2021-05-06,2021-03-31,1238000000.0,2021-05-06,2021-03-31,10971000000.0,2021-05-06,2021-03-31,7309000000.0,2021-05-06,2021-03-31,4224000000.0,2021-05-06,2021-03-31,439000000.0,2021-05-06,2021-03-31,0.49,2020-05-07,2020-03-31,2021-05-06,https://github.com/deeleeramone/sec-company-facts/releases/download/parquet-latest/facts_enc-b00057.parquet,True
HWM,Industrials,2021-09-30,4281,Howmet Aerospace Inc.,https://github.com/deeleeramone/sec-company-facts/releases/download/parquet-latest/primary_tickers.parquet,DOLTHUB_SEC_PARQUET_MIRROR,YAHOO_CHART,2021-09-30,31.200000762939453,,,https://query1.finance.yahoo.com/v8/finance/chart/HWM?period1=1577836800&period2=1783296000&interval=1d&events=history&includeAdjustedClose=true,SKIPPED_IN_CORE_SMOKE,2404000000.0,2021-08-04,2021-06-30,,,,154000000.0,2021-08-04,2021-06-30,79000000.0,2021-08-04,2021-06-30,91000000.0,2021-08-04,2021-06-30,3598000000.0,2021-08-04,2021-06-30,715000000.0,2021-08-04,2021-06-30,10379000000.0,2021-08-04,2021-06-30,6781000000.0,2021-08-04,2021-06-30,4227000000.0,2021-08-04,2021-06-30,437000000.0,2021-08-04,2021-06-30,0.49,2020-05-07,2020-03-31,2021-08-04,https://github.com/deeleeramone/sec-company-facts/releases/download/parquet-latest/facts_enc-b00057.parquet,True
HWM,Industrials,2021-12-31,4281,Howmet Aerospace Inc.,https://github.com/deeleeramone/sec-company-facts/releases/download/parquet-latest/primary_tickers.parquet,DOLTHUB_SEC_PARQUET_MIRROR,YAHOO_CHART,2021-12-31,31.829999923706055,,,https://query1.finance.yahoo.com/v8/finance/chart/HWM?period1=1577836800&period2=1783296000&interval=1d&events=history&includeAdjustedClose=true,SKIPPED_IN_CORE_SMOKE,1283000000.0,2021-11-04,2021-09-30,,,,181000000.0,2021-11-04,2021-09-30,146000000.0,2021-11-04,2021-09-30,47000000.0,2021-11-04,2021-09-30,3579000000.0,2021-11-04,2021-09-30,726000000.0,2021-11-04,2021-09-30,10357000000.0,2021-11-04,2021-09-30,6778000000.0,2021-11-04,2021-09-30,4272000000.0,2021-11-04,2021-09-30,434000000.0,2021-11-04,2021-09-30,0.49,2020-05-07,2020-03-31,2021-11-04,https://github.com/deeleeramone/sec-company-facts/releases/download/parquet-latest/facts_enc-b00057.parquet,True
HWM,Industrials,2022-03-31,4281,Howmet Aerospace Inc.,https://github.com/deeleeramone/sec-company-facts/releases/download/parquet-latest/primary_tickers.parquet,DOLTHUB_SEC_PARQUET_MIRROR,YAHOO_CHART,2022-03-31,35.939998626708984,,,https://query1.finance.yahoo.com/v8/finance/chart/HWM?period1=1577836800&period2=1783296000&interval=1d&events=history&includeAdjustedClose=true,SKIPPED_IN_CORE_SMOKE,4972000000.0,2022-02-14,2021-12-31,,,,258000000.0,2022-02-14,2021-12-31,449000000.0,2022-02-14,2021-12-31,199000000.0,2022-02-14,2021-12-31,3508000000.0,2022-02-14,2021-12-31,720000000.0,2022-02-14,2021-12-31,10219000000.0,2022-02-14,2021-12-31,6711000000.0,2022-02-14,2021-12-31,4227000000.0,2022-02-14,2021-12-31,435000000.0,2022-02-14,2021-12-31,0.49,2020-05-07,2020-03-31,2022-02-14,https://github.com/deeleeramone/sec-company-facts/releases/download/parquet-latest/facts_enc-b00057.parquet,True
HWM,Industrials,2022-06-30,4281,Howmet Aerospace Inc.,https://github.com/deeleeramone/sec-company-facts/releases/download/parquet-latest/primary_tickers.parquet,DOLTHUB_SEC_PARQUET_MIRROR,YAHOO_CHART,2022-06-30,31.450000762939453,,,https://query1.finance.yahoo.com/v8/finance/chart/HWM?period1=1577836800&period2=1783296000&interval=1d&events=history&includeAdjustedClose=true,SKIPPED_IN_CORE_SMOKE,1324000000.0,2022-05-03,2022-03-31,,,,131000000.0,2022-05-03,2022-03-31,55000000.0,2022-05-03,2022-03-31,62000000.0,2022-05-03,2022-03-31,3457000000.0,2022-05-03,2022-03-31,520000000.0,2022-05-03,2022-03-31,10129000000.0,2022-05-03,2022-03-31,6672000000.0,2022-05-03,2022-03-31,3000000.0,2022-05-03,2022-03-31,425000000.0,2022-05-03,2022-03-31,0.31,2022-05-03,2022-03-31,2022-05-03,https://github.com/deeleeramone/sec-company-facts/releases/download/parquet-latest/facts_enc-b00057.parquet,True
HWM,Industrials,2022-09-30,4281,Howmet Aerospace Inc.,https://github.com/deeleeramone/sec-company-facts/releases/download/parquet-latest/primary_tickers.parquet,DOLTHUB_SEC_PARQUET_MIRROR,YAHOO_CHART,2022-09-30,30.93000030517578,,,https://query1.finance.yahoo.com/v8/finance/chart/HWM?period1=1577836800&period2=1783296000&interval=1d&events=history&includeAdjustedClose=true,SKIPPED_IN_CORE_SMOKE,1393000000.0,2022-08-04,2022-06-30,,,,147000000.0,2022-08-04,2022-06-30,213000000.0,2022-08-04,2022-06-30,44000000.0,2022-08-04,2022-06-30,3421000000.0,2022-08-04,2022-06-30,538000000.0,2022-08-04,2022-06-30,10052000000.0,2022-08-04,2022-06-30,6631000000.0,2022-08-04,2022-06-30,1000000.0,2022-08-04,2022-06-30,423000000.0,2022-08-04,2022-06-30,0.66,2022-08-04,2022-06-30,2022-08-04,https://github.com/deeleeramone/sec-company-facts/releases/download/parquet-latest/facts_enc-b00057.parquet,True
HWM,Industrials,2022-12-31,4281,Howmet Aerospace Inc.,https://github.com/deeleeramone/sec-company-facts/releases/download/parquet-latest/primary_tickers.parquet,DOLTHUB_SEC_PARQUET_MIRROR,YAHOO_CHART,2022-12-30,39.40999984741211,,,https://query1.finance.yahoo.com/v8/finance/chart/HWM?period1=1577836800&period2=1783296000&interval=1d&events=history&includeAdjustedClose=true,SKIPPED_IN_CORE_SMOKE,4150000000.0,2022-10-31,2022-09-30,,,,358000000.0,2022-10-31,2022-09-30,278000000.0,2022-10-31,2022-09-30,148000000.0,2022-10-31,2022-09-30,3273000000.0,2022-10-31,2022-09-30,454000000.0,2022-10-31,2022-09-30,9929000000.0,2022-10-31,2022-09-30,6656000000.0,2022-10-31,2022-09-30,4170000000.0,2022-10-31,2022-09-30,420000000.0,2022-10-31,2022-09-30,0.19,2022-10-31,2022-09-30,2022-10-31,https://github.com/deeleeramone/sec-company-facts/releases/download/parquet-latest/facts_enc-b00057.parquet,True
HWM,Industrials,2023-03-31,4281,Howmet Aerospace Inc.,https://github.com/deeleeramone/sec-company-facts/releases/download/parquet-latest/primary_tickers.parquet,DOLTHUB_SEC_PARQUET_MIRROR,YAHOO_CHART,2023-03-31,42.369998931884766,,,https://query1.finance.yahoo.com/v8/finance/chart/HWM?period1=1577836800&period2=1783296000&interval=1d&events=history&includeAdjustedClose=true,SKIPPED_IN_CORE_SMOKE,5663000000.0,2023-02-14,2022-12-31,,,,469000000.0,2023-02-14,2022-12-31,733000000.0,2023-02-14,2022-12-31,193000000.0,2023-02-14,2022-12-31,3601000000.0,2023-02-14,2022-12-31,791000000.0,2023-02-14,2022-12-31,10255000000.0,2023-02-14,2022-12-31,6654000000.0,2023-02-14,2022-12-31,0.0,2023-02-14,2022-12-31,421000000.0,2023-02-14,2022-12-31,0.19,2022-10-31,2022-09-30,2023-02-14,https://github.com/deeleeramone/sec-company-facts/releases/download/parquet-latest/facts_enc-b00057.parquet,True
HWM,Industrials,2023-06-30,4281,Howmet Aerospace Inc.,https://github.com/deeleeramone/sec-company-facts/releases/download/parquet-latest/primary_tickers.parquet,DOLTHUB_SEC_PARQUET_MIRROR,YAHOO_CHART,2023-06-30,49.560001373291016,,,https://query1.finance.yahoo.com/v8/finance/chart/HWM?period1=1577836800&period2=1783296000&interval=1d&events=history&includeAdjustedClose=true,SKIPPED_IN_CORE_SMOKE,1603000000.0,2023-05-02,2023-03-31,,,,148000000.0,2023-05-02,2023-03-31,23000000.0,2023-05-02,2023-03-31,64000000.0,2023-05-02,2023-03-31,3761000000.0,2023-05-02,2023-03-31,537000000.0,2023-05-02,2023-03-31,10174000000.0,2023-05-02,2023-03-31,6413000000.0,2023-05-02,2023-03-31,3988000000.0,2023-05-02,2023-03-31,418000000.0,2023-05-02,2023-03-31,0.35,2023-05-02,2023-03-31,2023-05-02,https://github.com/deeleeramone/sec-company-facts/releases/download/parquet-latest/facts_enc-b00057.parquet,True
HWM,Industrials,2023-09-30,4281,Howmet Aerospace Inc.,https://github.com/deeleeramone/sec-company-facts/releases/download/parquet-latest/primary_tickers.parquet,DOLTHUB_SEC_PARQUET_MIRROR,YAHOO_CHART,2023-09-29,46.25,,,https://query1.finance.yahoo.com/v8/finance/chart/HWM?period1=1577836800&period2=1783296000&interval=1d&events=history&includeAdjustedClose=true,SKIPPED_IN_CORE_SMOKE,3251000000.0,2023-08-01,2023-06-30,,,,341000000.0,2023-08-01,2023-06-30,252000000.0,2023-08-01,2023-06-30,105000000.0,2023-08-01,2023-06-30,3775000000.0,2023-08-01,2023-06-30,536000000.0,2023-08-01,2023-06-30,10233000000.0,2023-08-01,2023-06-30,6458000000.0,2023-08-01,2023-06-30,3988000000.0,2023-05-02,2023-03-31,417000000.0,2023-08-01,2023-06-30,0.46,2023-08-01,2023-06-30,2023-08-01,https://github.com/deeleeramone/sec-company-facts/releases/download/parquet-latest/facts_enc-b00057.parquet,True
HWM,Industrials,2023-12-31,4281,Howmet Aerospace Inc.,https://github.com/deeleeramone/sec-company-facts/releases/download/parquet-latest/primary_tickers.parquet,DOLTHUB_SEC_PARQUET_MIRROR,YAHOO_CHART,2023-12-29,54.119998931884766,,,https://query1.finance.yahoo.com/v8/finance/chart/HWM?period1=1577836800&period2=1783296000&interval=1d&events=history&includeAdjustedClose=true,SKIPPED_IN_CORE_SMOKE,1658000000.0,2023-11-02,2023-09-30,,,,188000000.0,2023-11-02,2023-09-30,443000000.0,2023-11-02,2023-09-30,164000000.0,2023-11-02,2023-09-30,3872000000.0,2023-11-02,2023-09-30,424000000.0,2023-11-02,2023-09-30,10166000000.0,2023-11-02,2023-09-30,6294000000.0,2023-11-02,2023-09-30,3988000000.0,2023-05-02,2023-03-31,417000000.0,2023-11-02,2023-09-30,1.27,2023-11-02,2023-09-30,2023-11-02,https://github.com/deeleeramone/sec-company-facts/releases/download/parquet-latest/facts_enc-b00057.parquet,True
HWM,Industrials,2024-03-31,4281,Howmet Aerospace Inc.,https://github.com/deeleeramone/sec-company-facts/releases/download/parquet-latest/primary_tickers.parquet,DOLTHUB_SEC_PARQUET_MIRROR,YAHOO_CHART,2024-03-28,68.43000030517578,,,https://query1.finance.yahoo.com/v8/finance/chart/HWM?period1=1577836800&period2=1783296000&interval=1d&events=history&includeAdjustedClose=true,SKIPPED_IN_CORE_SMOKE,6640000000.0,2024-02-13,2023-12-31,,,,765000000.0,2024-02-13,2023-12-31,901000000.0,2024-02-13,2023-12-31,219000000.0,2024-02-13,2023-12-31,4037000000.0,2024-02-13,2023-12-31,610000000.0,2024-02-13,2023-12-31,10428000000.0,2024-02-13,2023-12-31,6391000000.0,2024-02-13,2023-12-31,206000000.0,2024-02-13,2023-12-31,416000000.0,2024-02-13,2023-12-31,1.83,2024-02-13,2023-12-31,2024-02-13,https://github.com/deeleeramone/sec-company-facts/releases/download/parquet-latest/facts_enc-b00057.parquet,True
HWM,Industrials,2024-06-30,4281,Howmet Aerospace Inc.,https://github.com/deeleeramone/sec-company-facts/releases/download/parquet-latest/primary_tickers.parquet,DOLTHUB_SEC_PARQUET_MIRROR,YAHOO_CHART,2024-06-28,77.62999725341797,,,https://query1.finance.yahoo.com/v8/finance/chart/HWM?period1=1577836800&period2=1783296000&interval=1d&events=history&includeAdjustedClose=true,SKIPPED_IN_CORE_SMOKE,1824000000.0,2024-05-02,2024-03-31,,,,243000000.0,2024-05-02,2024-03-31,177000000.0,2024-05-02,2024-03-31,82000000.0,2024-05-02,2024-03-31,4086000000.0,2024-05-02,2024-03-31,533000000.0,2024-05-02,2024-03-31,10410000000.0,2024-05-02,2024-03-31,6324000000.0,2024-05-02,2024-03-31,206000000.0,2024-05-02,2024-03-31,412000000.0,2024-05-02,2024-03-31,0.59,2024-05-02,2024-03-31,2024-05-02,https://github.com/deeleeramone/sec-company-facts/releases/download/parquet-latest/facts_enc-b00057.parquet,True
HWM,Industrials,2024-09-30,4281,Howmet Aerospace Inc.,https://github.com/deeleeramone/sec-company-facts/releases/download/parquet-latest/primary_tickers.parquet,DOLTHUB_SEC_PARQUET_MIRROR,YAHOO_CHART,2024-09-30,100.25,,,https://query1.finance.yahoo.com/v8/finance/chart/HWM?period1=1577836800&period2=1783296000&interval=1d&events=history&includeAdjustedClose=true,SKIPPED_IN_CORE_SMOKE,1880000000.0,2024-07-30,2024-06-30,,,,509000000.0,2024-07-30,2024-06-30,574000000.0,2024-07-30,2024-06-30,137000000.0,2024-07-30,2024-06-30,4277000000.0,2024-07-30,2024-06-30,752000000.0,2024-07-30,2024-06-30,10679000000.0,2024-07-30,2024-06-30,6402000000.0,2024-07-30,2024-06-30,782000000.0,2024-07-30,2024-06-30,411000000.0,2024-07-30,2024-06-30,1.23,2024-07-30,2024-06-30,2024-07-30,https://github.com/deeleeramone/sec-company-facts/releases/download/parquet-latest/facts_enc-b00057.parquet,True
HWM,Industrials,2024-12-31,4281,Howmet Aerospace Inc.,https://github.com/deeleeramone/sec-company-facts/releases/download/parquet-latest/primary_tickers.parquet,DOLTHUB_SEC_PARQUET_MIRROR,YAHOO_CHART,2024-12-31,109.37000274658203,,,https://query1.finance.yahoo.com/v8/finance/chart/HWM?period1=1577836800&period2=1783296000&interval=1d&events=history&includeAdjustedClose=true,SKIPPED_IN_CORE_SMOKE,1835000000.0,2024-11-07,2024-09-30,,,,332000000.0,2024-11-07,2024-09-30,818000000.0,2024-11-07,2024-09-30,219000000.0,2024-11-07,2024-09-30,4503000000.0,2024-11-07,2024-09-30,475000000.0,2024-11-07,2024-09-30,10558000000.0,2024-11-07,2024-09-30,6055000000.0,2024-11-07,2024-09-30,1000000.0,2024-11-07,2024-09-30,411000000.0,2024-11-07,2024-09-30,2.04,2024-11-07,2024-09-30,2024-11-07,https://github.com/deeleeramone/sec-company-facts/releases/download/parquet-latest/facts_enc-b00057.parquet,True
HWM,Industrials,2025-03-31,4281,Howmet Aerospace Inc.,https://github.com/deeleeramone/sec-company-facts/releases/download/parquet-latest/primary_tickers.parquet,DOLTHUB_SEC_PARQUET_MIRROR,YAHOO_CHART,2025-03-31,129.72999572753906,,,https://query1.finance.yahoo.com/v8/finance/chart/HWM?period1=1577836800&period2=1783296000&interval=1d&events=history&includeAdjustedClose=true,SKIPPED_IN_CORE_SMOKE,7430000000.0,2025-02-14,2024-12-31,,,,1155000000.0,2025-02-14,2024-12-31,1298000000.0,2025-02-14,2024-12-31,321000000.0,2025-02-14,2024-12-31,4554000000.0,2025-02-14,2024-12-31,565000000.0,2025-02-14,2024-12-31,10519000000.0,2025-02-14,2024-12-31,5965000000.0,2025-02-14,2024-12-31,6000000.0,2025-02-14,2024-12-31,410000000.0,2025-02-14,2024-12-31,2.81,2025-02-14,2024-12-31,2025-02-14,https://github.com/deeleeramone/sec-company-facts/releases/download/parquet-latest/facts_enc-b00057.parquet,True
HWM,Industrials,2025-06-30,4281,Howmet Aerospace Inc.,https://github.com/deeleeramone/sec-company-facts/releases/download/parquet-latest/primary_tickers.parquet,DOLTHUB_SEC_PARQUET_MIRROR,YAHOO_CHART,2025-06-30,186.1300048828125,,,https://query1.finance.yahoo.com/v8/finance/chart/HWM?period1=1577836800&period2=1783296000&interval=1d&events=history&includeAdjustedClose=true,SKIPPED_IN_CORE_SMOKE,1942000000.0,2025-05-01,2025-03-31,,,,344000000.0,2025-05-01,2025-03-31,253000000.0,2025-05-01,2025-03-31,119000000.0,2025-05-01,2025-03-31,4792000000.0,2025-05-01,2025-03-31,537000000.0,2025-05-01,2025-03-31,10772000000.0,2025-05-01,2025-03-31,5980000000.0,2025-05-01,2025-03-31,7000000.0,2025-05-01,2025-03-31,407000000.0,2025-05-01,2025-03-31,0.84,2025-05-01,2025-03-31,2025-05-01,https://github.com/deeleeramone/sec-company-facts/releases/download/parquet-latest/facts_enc-b00057.parquet,True
HWM,Industrials,2025-09-30,4281,Howmet Aerospace Inc.,https://github.com/deeleeramone/sec-company-facts/releases/download/parquet-latest/primary_tickers.parquet,DOLTHUB_SEC_PARQUET_MIRROR,YAHOO_CHART,2025-09-30,196.22999572753906,,,https://query1.finance.yahoo.com/v8/finance/chart/HWM?period1=1577836800&period2=1783296000&interval=1d&events=history&includeAdjustedClose=true,SKIPPED_IN_CORE_SMOKE,2053000000.0,2025-07-31,2025-06-30,,,,407000000.0,2025-07-31,2025-06-30,699000000.0,2025-07-31,2025-06-30,221000000.0,2025-07-31,2025-06-30,5042000000.0,2025-07-31,2025-06-30,545000000.0,2025-07-31,2025-06-30,11046000000.0,2025-07-31,2025-06-30,6004000000.0,2025-07-31,2025-06-30,5000000.0,2025-07-31,2025-06-30,407000000.0,2025-07-31,2025-06-30,1.84,2025-07-31,2025-06-30,2025-07-31,https://github.com/deeleeramone/sec-company-facts/releases/download/parquet-latest/facts_enc-b00057.parquet,True
HWM,Industrials,2025-12-31,4281,Howmet Aerospace Inc.,https://github.com/deeleeramone/sec-company-facts/releases/download/parquet-latest/primary_tickers.parquet,DOLTHUB_SEC_PARQUET_MIRROR,YAHOO_CHART,2025-12-31,205.02000427246094,,,https://query1.finance.yahoo.com/v8/finance/chart/HWM?period1=1577836800&period2=1783296000&interval=1d&events=history&includeAdjustedClose=true,SKIPPED_IN_CORE_SMOKE,6084000000.0,2025-10-30,2025-09-30,,,,1136000000.0,2025-10-30,2025-09-30,1230000000.0,2025-10-30,2025-09-30,329000000.0,2025-10-30,2025-09-30,5143000000.0,2025-10-30,2025-09-30,659000000.0,2025-10-30,2025-09-30,11177000000.0,2025-10-30,2025-09-30,6034000000.0,2025-10-30,2025-09-30,3188000000.0,2025-10-30,2025-09-30,405000000.0,2025-10-30,2025-09-30,2.79,2025-10-30,2025-09-30,2025-10-30,https://github.com/deeleeramone/sec-company-facts/releases/download/parquet-latest/facts_enc-b00057.parquet,True
HWM,Industrials,2026-03-31,4281,Howmet Aerospace Inc.,https://github.com/deeleeramone/sec-company-facts/releases/download/parquet-latest/primary_tickers.parquet,DOLTHUB_SEC_PARQUET_MIRROR,YAHOO_CHART,2026-03-31,230.4600067138672,,,https://query1.finance.yahoo.com/v8/finance/chart/HWM?period1=1577836800&period2=1783296000&interval=1d&events=history&includeAdjustedClose=true,SKIPPED_IN_CORE_SMOKE,8252000000.0,2026-02-12,2025-12-31,,,,1508000000.0,2026-02-12,2025-12-31,1884000000.0,2026-02-12,2025-12-31,453000000.0,2026-02-12,2025-12-31,5353000000.0,2026-02-12,2025-12-31,743000000.0,2026-02-12,2025-12-31,11179000000.0,2026-02-12,2025-12-31,5826000000.0,2026-02-12,2025-12-31,2859000000.0,2026-02-12,2025-12-31,406000000.0,2026-02-12,2025-12-31,3.71,2026-02-12,2025-12-31,2026-02-12,https://github.com/deeleeramone/sec-company-facts/releases/download/parquet-latest/facts_enc-b00057.parquet,True
HWM,Industrials,2026-06-30,4281,Howmet Aerospace Inc.,https://github.com/deeleeramone/sec-company-facts/releases/download/parquet-latest/primary_tickers.parquet,DOLTHUB_SEC_PARQUET_MIRROR,YAHOO_CHART,2026-06-30,268.8599853515625,,,https://query1.finance.yahoo.com/v8/finance/chart/HWM?period1=1577836800&period2=1783296000&interval=1d&events=history&includeAdjustedClose=true,SKIPPED_IN_CORE_SMOKE,2313000000.0,2026-05-07,2026-03-31,,,,580000000.0,2026-05-07,2026-03-31,453000000.0,2026-05-07,2026-03-31,94000000.0,2026-05-07,2026-03-31,5522000000.0,2026-05-07,2026-03-31,2435000000.0,2026-05-07,2026-03-31,13067000000.0,2026-05-07,2026-03-31,7545000000.0,2026-05-07,2026-03-31,186000000.0,2026-05-07,2026-03-31,403000000.0,2026-05-07,2026-03-31,1.44,2026-05-07,2026-03-31,2026-05-07,https://github.com/deeleeramone/sec-company-facts/releases/download/parquet-latest/facts_enc-b00057.parquet,True
EME,Industrials,2021-03-31,105634,"EMCOR Group, Inc.",https://github.com/deeleeramone/sec-company-facts/releases/download/parquet-latest/primary_tickers.parquet,DOLTHUB_SEC_PARQUET_MIRROR,YAHOO_CHART,2021-03-31,112.16000366210938,,,https://query1.finance.yahoo.com/v8/finance/chart/EME?period1=1577836800&period2=1783296000&interval=1d&events=history&includeAdjustedClose=true,SKIPPED_IN_CORE_SMOKE,8797061000.0,2021-02-25,2020-12-31,383851000.0,2021-02-25,2020-12-31,132943000.0,2021-02-25,2020-12-31,806366000.0,2021-02-25,2020-12-31,,,,2052668000.0,2021-02-25,2020-12-31,902867000.0,2021-02-25,2020-12-31,5063840000.0,2021-02-25,2020-12-31,3010596000.0,2021-02-25,2020-12-31,,,,55421271.0,2021-02-25,2020-12-31,2.4,2021-02-25,2020-12-31,2021-02-25,https://github.com/deeleeramone/sec-company-facts/releases/download/parquet-latest/facts_enc-b00034.parquet,True
EME,Industrials,2021-06-30,105634,"EMCOR Group, Inc.",https://github.com/deeleeramone/sec-company-facts/releases/download/parquet-latest/primary_tickers.parquet,DOLTHUB_SEC_PARQUET_MIRROR,YAHOO_CHART,2021-06-30,123.19000244140625,,,https://query1.finance.yahoo.com/v8/finance/chart/EME?period1=1577836800&period2=1783296000&interval=1d&events=history&includeAdjustedClose=true,SKIPPED_IN_CORE_SMOKE,2304049000.0,2021-04-29,2021-03-31,341073000.0,2021-04-29,2021-03-31,84774000.0,2021-04-29,2021-03-31,-88989000.0,2021-04-29,2021-03-31,,,,2119968000.0,2021-04-29,2021-03-31,758833000.0,2021-04-29,2021-03-31,5061189000.0,2021-04-29,2021-03-31,2940517000.0,2021-04-29,2021-03-31,,,,55135304.0,2021-04-29,2021-03-31,1.54,2021-04-29,2021-03-31,2021-04-29,https://github.com/deeleeramone/sec-company-facts/releases/download/parquet-latest/facts_enc-b00034.parquet,True
EME,Industrials,2021-09-30,105634,"EMCOR Group, Inc.",https://github.com/deeleeramone/sec-company-facts/releases/download/parquet-latest/primary_tickers.parquet,DOLTHUB_SEC_PARQUET_MIRROR,YAHOO_CHART,2021-09-30,115.37999725341797,,,https://query1.finance.yahoo.com/v8/finance/chart/EME?period1=1577836800&period2=1783296000&interval=1d&events=history&includeAdjustedClose=true,SKIPPED_IN_CORE_SMOKE,4741715000.0,2021-07-29,2021-06-30,717352000.0,2021-07-29,2021-06-30,182124000.0,2021-07-29,2021-06-30,-6972000.0,2021-07-29,2021-06-30,,,,2091177000.0,2021-07-29,2021-06-30,668908000.0,2021-07-29,2021-06-30,5133170000.0,2021-07-29,2021-06-30,3041993000.0,2021-07-29,2021-06-30,,,,54856759.0,2021-07-29,2021-06-30,1.78,2021-07-29,2021-06-30,2021-07-29,https://github.com/deeleeramone/sec-company-facts/releases/download/parquet-latest/facts_enc-b00034.parquet,True
EME,Industrials,2021-12-31,105634,"EMCOR Group, Inc.",https://github.com/deeleeramone/sec-company-facts/releases/download/parquet-latest/primary_tickers.parquet,DOLTHUB_SEC_PARQUET_MIRROR,YAHOO_CHART,2021-12-31,127.38999938964844,,,https://query1.finance.yahoo.com/v8/finance/chart/EME?period1=1577836800&period2=1783296000&interval=1d&events=history&includeAdjustedClose=true,SKIPPED_IN_CORE_SMOKE,2521672000.0,2021-10-28,2021-09-30,1098695000.0,2021-10-28,2021-09-30,281864000.0,2021-10-28,2021-09-30,113941000.0,2021-10-28,2021-09-30,,,,2142050000.0,2021-10-28,2021-09-30,663905000.0,2021-10-28,2021-09-30,5296678000.0,2021-10-28,2021-09-30,3154628000.0,2021-10-28,2021-09-30,,,,54559721.0,2021-10-28,2021-09-30,1.85,2021-10-28,2021-09-30,2021-10-28,https://github.com/deeleeramone/sec-company-facts/releases/download/parquet-latest/facts_enc-b00034.parquet,True
EME,Industrials,2022-03-31,105634,"EMCOR Group, Inc.",https://github.com/deeleeramone/sec-company-facts/releases/download/parquet-latest/primary_tickers.parquet,DOLTHUB_SEC_PARQUET_MIRROR,YAHOO_CHART,2022-03-31,112.62999725341797,,,https://query1.finance.yahoo.com/v8/finance/chart/EME?period1=1577836800&period2=1783296000&interval=1d&events=history&includeAdjustedClose=true,SKIPPED_IN_CORE_SMOKE,9903580000.0,2022-02-24,2021-12-31,1501737000.0,2022-02-24,2021-12-31,383532000.0,2022-02-24,2021-12-31,318817000.0,2022-02-24,2021-12-31,,,,2253089000.0,2022-02-24,2021-12-31,821345000.0,2022-02-24,2021-12-31,5441446000.0,2022-02-24,2021-12-31,3188357000.0,2022-02-24,2021-12-31,,,,54347534.0,2022-02-24,2021-12-31,7.06,2022-02-24,2021-12-31,2022-02-24,https://github.com/deeleeramone/sec-company-facts/releases/download/parquet-latest/facts_enc-b00034.parquet,True
EME,Industrials,2022-06-30,105634,"EMCOR Group, Inc.",https://github.com/deeleeramone/sec-company-facts/releases/download/parquet-latest/primary_tickers.parquet,DOLTHUB_SEC_PARQUET_MIRROR,YAHOO_CHART,2022-06-30,102.95999908447266,,,https://query1.finance.yahoo.com/v8/finance/chart/EME?period1=1577836800&period2=1783296000&interval=1d&events=history&includeAdjustedClose=true,SKIPPED_IN_CORE_SMOKE,2592549000.0,2022-04-28,2022-03-31,352555000.0,2022-04-28,2022-03-31,73386000.0,2022-04-28,2022-03-31,-95814000.0,2022-04-28,2022-03-31,,,,2135798000.0,2022-04-28,2022-03-31,514513000.0,2022-04-28,2022-03-31,5231154000.0,2022-04-28,2022-03-31,3095356000.0,2022-04-28,2022-03-31,,,,52916559.0,2022-04-28,2022-03-31,1.39,2022-04-28,2022-03-31,2022-04-28,https://github.com/deeleeramone/sec-company-facts/releases/download/parquet-latest/facts_enc-b00034.parquet,True
EME,Industrials,2022-09-30,105634,"EMCOR Group, Inc.",https://github.com/deeleeramone/sec-company-facts/releases/download/parquet-latest/primary_tickers.parquet,DOLTHUB_SEC_PARQUET_MIRROR,YAHOO_CHART,2022-09-30,115.4800033569336,,,https://query1.finance.yahoo.com/v8/finance/chart/EME?period1=1577836800&period2=1783296000&interval=1d&events=history&includeAdjustedClose=true,SKIPPED_IN_CORE_SMOKE,2707388000.0,2022-07-28,2022-06-30,735563000.0,2022-07-28,2022-06-30,100664000.0,2022-07-28,2022-06-30,-18851000.0,2022-07-28,2022-06-30,,,,1952791000.0,2022-07-28,2022-06-30,262370000.0,2022-07-28,2022-06-30,5146444000.0,2022-07-28,2022-06-30,3193653000.0,2022-07-28,2022-06-30,,,,50711770.0,2022-07-28,2022-06-30,3.36,2022-07-28,2022-06-30,2022-07-28,https://github.com/deeleeramone/sec-company-facts/releases/download/parquet-latest/facts_enc-b00034.parquet,True
EME,Industrials,2022-12-31,105634,"EMCOR Group, Inc.",https://github.com/deeleeramone/sec-company-facts/releases/download/parquet-latest/primary_tickers.parquet,DOLTHUB_SEC_PARQUET_MIRROR,YAHOO_CHART,2022-12-30,148.11000061035156,,,https://query1.finance.yahoo.com/v8/finance/chart/EME?period1=1577836800&period2=1783296000&interval=1d&events=history&includeAdjustedClose=true,SKIPPED_IN_CORE_SMOKE,2826361000.0,2022-10-27,2022-09-30,1148794000.0,2022-10-27,2022-09-30,105772000.0,2022-10-27,2022-09-30,238354000.0,2022-10-27,2022-09-30,,,,1841720000.0,2022-10-27,2022-09-30,403816000.0,2022-10-27,2022-09-30,5438729000.0,2022-10-27,2022-09-30,3596307000.0,2022-10-27,2022-09-30,,,,49050151.0,2022-10-27,2022-09-30,5.5,2022-10-27,2022-09-30,2022-10-27,https://github.com/deeleeramone/sec-company-facts/releases/download/parquet-latest/facts_enc-b00034.parquet,True
EME,Industrials,2023-03-31,105634,"EMCOR Group, Inc.",https://github.com/deeleeramone/sec-company-facts/releases/download/parquet-latest/primary_tickers.parquet,DOLTHUB_SEC_PARQUET_MIRROR,YAHOO_CHART,2023-03-31,162.58999633789062,,,https://query1.finance.yahoo.com/v8/finance/chart/EME?period1=1577836800&period2=1783296000&interval=1d&events=history&includeAdjustedClose=true,SKIPPED_IN_CORE_SMOKE,11076120000.0,2023-02-23,2022-12-31,1603594000.0,2023-02-23,2022-12-31,406122000.0,2023-02-23,2022-12-31,497933000.0,2023-02-23,2022-12-31,,,,1973589000.0,2023-02-23,2022-12-31,456439000.0,2023-02-23,2022-12-31,5524607000.0,2023-02-23,2022-12-31,3550316000.0,2023-02-23,2022-12-31,,,,50136262.0,2023-02-23,2022-12-31,8.1,2023-02-23,2022-12-31,2023-02-23,https://github.com/deeleeramone/sec-company-facts/releases/download/parquet-latest/facts_enc-b00034.parquet,True
EME,Industrials,2023-06-30,105634,"EMCOR Group, Inc.",https://github.com/deeleeramone/sec-company-facts/releases/download/parquet-latest/primary_tickers.parquet,DOLTHUB_SEC_PARQUET_MIRROR,YAHOO_CHART,2023-06-30,184.77999877929688,,,https://query1.finance.yahoo.com/v8/finance/chart/EME?period1=1577836800&period2=1783296000&interval=1d&events=history&includeAdjustedClose=true,SKIPPED_IN_CORE_SMOKE,2890432000.0,2023-04-27,2023-03-31,436062000.0,2023-04-27,2023-03-31,111473000.0,2023-04-27,2023-03-31,-84583000.0,2023-04-27,2023-03-31,,,,2066325000.0,2023-04-27,2023-03-31,420075000.0,2023-04-27,2023-03-31,5640910000.0,2023-04-27,2023-03-31,3574585000.0,2023-04-27,2023-03-31,,,,47945815.0,2023-04-27,2023-03-31,2.32,2023-04-27,2023-03-31,2023-04-27,https://github.com/deeleeramone/sec-company-facts/releases/download/parquet-latest/facts_enc-b00034.parquet,True
EME,Industrials,2023-09-30,105634,"EMCOR Group, Inc.",https://github.com/deeleeramone/sec-company-facts/releases/download/parquet-latest/primary_tickers.parquet,DOLTHUB_SEC_PARQUET_MIRROR,YAHOO_CHART,2023-09-29,210.38999938964844,,,https://query1.finance.yahoo.com/v8/finance/chart/EME?period1=1577836800&period2=1783296000&interval=1d&events=history&includeAdjustedClose=true,SKIPPED_IN_CORE_SMOKE,3045622000.0,2023-07-27,2023-06-30,926122000.0,2023-07-27,2023-06-30,140595000.0,2023-07-27,2023-06-30,214932000.0,2023-07-27,2023-06-30,,,,2118087000.0,2023-07-27,2023-06-30,503052000.0,2023-07-27,2023-06-30,5907669000.0,2023-07-27,2023-06-30,3789582000.0,2023-07-27,2023-06-30,,,,47767242.0,2023-07-27,2023-06-30,5.28,2023-07-27,2023-06-30,2023-07-27,https://github.com/deeleeramone/sec-company-facts/releases/download/parquet-latest/facts_enc-b00034.parquet,True
EME,Industrials,2023-12-31,105634,"EMCOR Group, Inc.",https://github.com/deeleeramone/sec-company-facts/releases/download/parquet-latest/primary_tickers.parquet,DOLTHUB_SEC_PARQUET_MIRROR,YAHOO_CHART,2023-12-29,215.42999267578125,,,https://query1.finance.yahoo.com/v8/finance/chart/EME?period1=1577836800&period2=1783296000&interval=1d&events=history&includeAdjustedClose=true,SKIPPED_IN_CORE_SMOKE,3207598000.0,2023-10-26,2023-09-30,545472000.0,2023-10-26,2023-09-30,169409000.0,2023-10-26,2023-09-30,475897000.0,2023-10-26,2023-09-30,,,,2278930000.0,2023-10-26,2023-09-30,523632000.0,2023-10-26,2023-09-30,6224193000.0,2023-10-26,2023-09-30,3944224000.0,2023-10-26,2023-09-30,,,,47398197.0,2023-10-26,2023-09-30,8.85,2023-10-26,2023-09-30,2023-10-26,https://github.com/deeleeramone/sec-company-facts/releases/download/parquet-latest/facts_enc-b00034.parquet,True
EME,Industrials,2024-03-31,105634,"EMCOR Group, Inc.",https://github.com/deeleeramone/sec-company-facts/releases/download/parquet-latest/primary_tickers.parquet,DOLTHUB_SEC_PARQUET_MIRROR,YAHOO_CHART,2024-03-28,350.20001220703125,,,https://query1.finance.yahoo.com/v8/finance/chart/EME?period1=1577836800&period2=1783296000&interval=1d&events=history&includeAdjustedClose=true,SKIPPED_IN_CORE_SMOKE,12582873000.0,2024-02-28,2023-12-31,2089339000.0,2024-02-28,2023-12-31,632994000.0,2024-02-28,2023-12-31,899655000.0,2024-02-28,2023-12-31,,,,2470815000.0,2024-02-28,2023-12-31,789750000.0,2024-02-28,2023-12-31,6609721000.0,2024-02-28,2023-12-31,4138906000.0,2024-02-28,2023-12-31,,,,47564258.0,2024-02-28,2023-12-31,13.31,2024-02-28,2023-12-31,2024-02-28,https://github.com/deeleeramone/sec-company-facts/releases/download/parquet-latest/facts_enc-b00034.parquet,True
EME,Industrials,2024-06-30,105634,"EMCOR Group, Inc.",https://github.com/deeleeramone/sec-company-facts/releases/download/parquet-latest/primary_tickers.parquet,DOLTHUB_SEC_PARQUET_MIRROR,YAHOO_CHART,2024-06-28,365.0799865722656,,,https://query1.finance.yahoo.com/v8/finance/chart/EME?period1=1577836800&period2=1783296000&interval=1d&events=history&includeAdjustedClose=true,SKIPPED_IN_CORE_SMOKE,3432276000.0,2024-04-25,2024-03-31,589309000.0,2024-04-25,2024-03-31,197149000.0,2024-04-25,2024-03-31,132264000.0,2024-04-25,2024-03-31,,,,2615382000.0,2024-04-25,2024-03-31,840985000.0,2024-04-25,2024-03-31,6687327000.0,2024-04-25,2024-03-31,4071945000.0,2024-04-25,2024-03-31,,,,47316497.0,2024-04-25,2024-03-31,4.17,2024-04-25,2024-03-31,2024-04-25,https://github.com/deeleeramone/sec-company-facts/releases/download/parquet-latest/facts_enc-b00034.parquet,True
EME,Industrials,2024-09-30,105634,"EMCOR Group, Inc.",https://github.com/deeleeramone/sec-company-facts/releases/download/parquet-latest/primary_tickers.parquet,DOLTHUB_SEC_PARQUET_MIRROR,YAHOO_CHART,2024-09-30,430.5299987792969,,,https://query1.finance.yahoo.com/v8/finance/chart/EME?period1=1577836800&period2=1783296000&interval=1d&events=history&includeAdjustedClose=true,SKIPPED_IN_CORE_SMOKE,3666897000.0,2024-07-25,2024-06-30,684001000.0,2024-07-25,2024-06-30,444721000.0,2024-07-25,2024-06-30,411958000.0,2024-07-25,2024-06-30,,,,2744560000.0,2024-07-25,2024-06-30,807318000.0,2024-07-25,2024-06-30,7072549000.0,2024-07-25,2024-06-30,4326952000.0,2024-07-25,2024-06-30,,,,47236738.0,2024-07-25,2024-06-30,5.25,2024-07-25,2024-06-30,2024-07-25,https://github.com/deeleeramone/sec-company-facts/releases/download/parquet-latest/facts_enc-b00034.parquet,True
EME,Industrials,2024-12-31,105634,"EMCOR Group, Inc.",https://github.com/deeleeramone/sec-company-facts/releases/download/parquet-latest/primary_tickers.parquet,DOLTHUB_SEC_PARQUET_MIRROR,YAHOO_CHART,2024-12-31,453.8999938964844,,,https://query1.finance.yahoo.com/v8/finance/chart/EME?period1=1577836800&period2=1783296000&interval=1d&events=history&includeAdjustedClose=true,SKIPPED_IN_CORE_SMOKE,3696924000.0,2024-10-31,2024-09-30,734726000.0,2024-10-31,2024-09-30,270263000.0,2024-10-31,2024-09-30,938402000.0,2024-10-31,2024-09-30,,,,2759119000.0,2024-10-31,2024-09-30,1035534000.0,2024-10-31,2024-09-30,7321952000.0,2024-10-31,2024-09-30,4562833000.0,2024-10-31,2024-09-30,,,,47016072.0,2024-10-31,2024-09-30,5.8,2024-10-31,2024-09-30,2024-10-31,https://github.com/deeleeramone/sec-company-facts/releases/download/parquet-latest/facts_enc-b00034.parquet,True
EME,Industrials,2025-03-31,105634,"EMCOR Group, Inc.",https://github.com/deeleeramone/sec-company-facts/releases/download/parquet-latest/primary_tickers.parquet,DOLTHUB_SEC_PARQUET_MIRROR,YAHOO_CHART,2025-03-31,369.6300048828125,,,https://query1.finance.yahoo.com/v8/finance/chart/EME?period1=1577836800&period2=1783296000&interval=1d&events=history&includeAdjustedClose=true,SKIPPED_IN_CORE_SMOKE,14566116000.0,2025-02-26,2024-12-31,2765051000.0,2025-02-26,2024-12-31,1007145000.0,2025-02-26,2024-12-31,1407894000.0,2025-02-26,2024-12-31,,,,2937657000.0,2025-02-26,2024-12-31,1339550000.0,2025-02-26,2024-12-31,7716473000.0,2025-02-26,2024-12-31,4777779000.0,2025-02-26,2024-12-31,,,,46808293.0,2025-02-26,2024-12-31,21.52,2025-02-26,2024-12-31,2025-02-26,https://github.com/deeleeramone/sec-company-facts/releases/download/parquet-latest/facts_enc-b00034.parquet,True
EME,Industrials,2025-06-30,105634,"EMCOR Group, Inc.",https://github.com/deeleeramone/sec-company-facts/releases/download/parquet-latest/primary_tickers.parquet,DOLTHUB_SEC_PARQUET_MIRROR,YAHOO_CHART,2025-06-30,534.8900146484375,,,https://query1.finance.yahoo.com/v8/finance/chart/EME?period1=1577836800&period2=1783296000&interval=1d&events=history&includeAdjustedClose=true,SKIPPED_IN_CORE_SMOKE,3867372000.0,2025-04-30,2025-03-31,722718000.0,2025-04-30,2025-03-31,240677000.0,2025-04-30,2025-03-31,108471000.0,2025-04-30,2025-03-31,,,,2951928000.0,2025-04-30,2025-03-31,576702000.0,2025-04-30,2025-03-31,8078872000.0,2025-04-30,2025-03-31,5126944000.0,2025-04-30,2025-03-31,,,,45784235.0,2025-04-30,2025-03-31,5.26,2025-04-30,2025-03-31,2025-04-30,https://github.com/deeleeramone/sec-company-facts/releases/download/parquet-latest/facts_enc-b00034.parquet,True
EME,Industrials,2025-09-30,105634,"EMCOR Group, Inc.",https://github.com/deeleeramone/sec-company-facts/releases/download/parquet-latest/primary_tickers.parquet,DOLTHUB_SEC_PARQUET_MIRROR,YAHOO_CHART,2025-09-30,649.5399780273438,,,https://query1.finance.yahoo.com/v8/finance/chart/EME?period1=1577836800&period2=1783296000&interval=1d&events=history&includeAdjustedClose=true,SKIPPED_IN_CORE_SMOKE,8171772000.0,2025-07-31,2025-06-30,833771000.0,2025-07-31,2025-06-30,302160000.0,2025-07-31,2025-06-30,302158000.0,2025-07-31,2025-06-30,,,,3051601000.0,2025-07-31,2025-06-30,485988000.0,2025-07-31,2025-06-30,8400480000.0,2025-07-31,2025-06-30,5346908000.0,2025-07-31,2025-06-30,,,,45380744.0,2025-07-31,2025-06-30,6.72,2025-07-31,2025-06-30,2025-07-31,https://github.com/deeleeramone/sec-company-facts/releases/download/parquet-latest/facts_enc-b00034.parquet,True
EME,Industrials,2025-12-31,105634,"EMCOR Group, Inc.",https://github.com/deeleeramone/sec-company-facts/releases/download/parquet-latest/primary_tickers.parquet,DOLTHUB_SEC_PARQUET_MIRROR,YAHOO_CHART,2025-12-31,611.7899780273438,,,https://query1.finance.yahoo.com/v8/finance/chart/EME?period1=1577836800&period2=1783296000&interval=1d&events=history&includeAdjustedClose=true,SKIPPED_IN_CORE_SMOKE,4301529000.0,2025-10-30,2025-09-30,2391802000.0,2025-10-30,2025-09-30,295373000.0,2025-10-30,2025-09-30,777659000.0,2025-10-30,2025-09-30,,,,3335398000.0,2025-10-30,2025-09-30,655104000.0,2025-10-30,2025-09-30,8640270000.0,2025-10-30,2025-09-30,5303757000.0,2025-10-30,2025-09-30,,,,44968308.0,2025-10-30,2025-09-30,6.57,2025-10-30,2025-09-30,2025-10-30,https://github.com/deeleeramone/sec-company-facts/releases/download/parquet-latest/facts_enc-b00034.parquet,True
EME,Industrials,2026-03-31,105634,"EMCOR Group, Inc.",https://github.com/deeleeramone/sec-company-facts/releases/download/parquet-latest/primary_tickers.parquet,DOLTHUB_SEC_PARQUET_MIRROR,YAHOO_CHART,2026-03-31,738.3099975585938,,,https://query1.finance.yahoo.com/v8/finance/chart/EME?period1=1577836800&period2=1783296000&interval=1d&events=history&includeAdjustedClose=true,SKIPPED_IN_CORE_SMOKE,16986422000.0,2026-02-26,2025-12-31,3282988000.0,2026-02-26,2025-12-31,1272817000.0,2026-02-26,2025-12-31,1302063000.0,2026-02-26,2025-12-31,,,,3673944000.0,2026-02-26,2025-12-31,1111968000.0,2026-02-26,2025-12-31,9291399000.0,2026-02-26,2025-12-31,5616418000.0,2026-02-26,2025-12-31,,,,45145767.0,2026-02-26,2025-12-31,28.19,2026-02-26,2025-12-31,2026-02-26,https://github.com/deeleeramone/sec-company-facts/releases/download/parquet-latest/facts_enc-b00034.parquet,True
EME,Industrials,2026-06-30,105634,"EMCOR Group, Inc.",https://github.com/deeleeramone/sec-company-facts/releases/download/parquet-latest/primary_tickers.parquet,DOLTHUB_SEC_PARQUET_MIRROR,YAHOO_CHART,2026-06-30,829.8800048828125,,,https://query1.finance.yahoo.com/v8/finance/chart/EME?period1=1577836800&period2=1783296000&interval=1d&events=history&includeAdjustedClose=true,SKIPPED_IN_CORE_SMOKE,4628233000.0,2026-04-29,2026-03-31,863950000.0,2026-04-29,2026-03-31,305484000.0,2026-04-29,2026-03-31,558000.0,2026-04-29,2026-03-31,,,,3867576000.0,2026-04-29,2026-03-31,916420000.0,2026-04-29,2026-03-31,9508107000.0,2026-04-29,2026-03-31,5640531000.0,2026-04-29,2026-03-31,,,,44687157.0,2026-04-29,2026-03-31,6.84,2026-04-29,2026-03-31,2026-04-29,https://github.com/deeleeramone/sec-company-facts/releases/download/parquet-latest/facts_enc-b00034.parquet,True
LMB,Industrials,2021-03-31,1606163,"Limbach Holdings, Inc.",https://github.com/deeleeramone/sec-company-facts/releases/download/parquet-latest/primary_tickers.parquet,DOLTHUB_SEC_PARQUET_MIRROR,YAHOO_CHART,2021-03-31,10.5600004196167,,,https://query1.finance.yahoo.com/v8/finance/chart/LMB?period1=1577836800&period2=1783296000&interval=1d&events=history&includeAdjustedClose=true,SKIPPED_IN_CORE_SMOKE,568209000.0,2021-03-25,2020-12-31,81386000.0,2021-03-25,2020-12-31,5807000.0,2021-03-25,2020-12-31,39815000.0,2021-03-25,2020-12-31,1483000.0,2021-03-25,2020-12-31,53732000.0,2021-03-25,2020-12-31,42260000.0,2021-03-25,2020-12-31,262157000.0,2021-03-25,2020-12-31,208425000.0,2021-03-25,2020-12-31,6536000.0,2021-03-25,2020-12-31,8065464.0,2021-03-25,2020-12-31,0.72,2021-03-25,2020-12-31,2021-03-25,https://github.com/deeleeramone/sec-company-facts/releases/download/parquet-latest/facts_enc-b00019.parquet,True
LMB,Industrials,2021-06-30,1606163,"Limbach Holdings, Inc.",https://github.com/deeleeramone/sec-company-facts/releases/download/parquet-latest/primary_tickers.parquet,DOLTHUB_SEC_PARQUET_MIRROR,YAHOO_CHART,2021-06-30,9.260000228881836,,,https://query1.finance.yahoo.com/v8/finance/chart/LMB?period1=1577836800&period2=1783296000&interval=1d&events=history&includeAdjustedClose=true,SKIPPED_IN_CORE_SMOKE,113344000.0,2021-05-14,2021-03-31,17229000.0,2021-05-14,2021-03-31,-2282000.0,2021-05-14,2021-03-31,-17375000.0,2021-05-14,2021-03-31,221000.0,2021-05-14,2021-03-31,76798000.0,2021-05-14,2021-03-31,37299000.0,2021-05-14,2021-03-31,256489000.0,2021-05-14,2021-03-31,179691000.0,2021-05-14,2021-03-31,26588000.0,2021-05-14,2021-03-31,9218087.0,2021-05-14,2021-03-31,-0.25,2021-05-14,2021-03-31,2021-05-14,https://github.com/deeleeramone/sec-company-facts/releases/download/parquet-latest/facts_enc-b00019.parquet,True
LMB,Industrials,2021-09-30,1606163,"Limbach Holdings, Inc.",https://github.com/deeleeramone/sec-company-facts/releases/download/parquet-latest/primary_tickers.parquet,DOLTHUB_SEC_PARQUET_MIRROR,YAHOO_CHART,2021-09-30,6.619999885559082,,,https://query1.finance.yahoo.com/v8/finance/chart/LMB?period1=1577836800&period2=1783296000&interval=1d&events=history&includeAdjustedClose=true,SKIPPED_IN_CORE_SMOKE,121019000.0,2021-08-12,2021-06-30,18690000.0,2021-08-12,2021-06-30,732000.0,2021-08-12,2021-06-30,-24609000.0,2021-08-12,2021-06-30,501000.0,2021-08-12,2021-06-30,78159000.0,2021-08-12,2021-06-30,27806000.0,2021-08-12,2021-06-30,258289000.0,2021-08-12,2021-06-30,180130000.0,2021-08-12,2021-06-30,24721000.0,2021-08-12,2021-06-30,9737801.0,2021-08-12,2021-06-30,0.07,2021-08-12,2021-06-30,2021-08-12,https://github.com/deeleeramone/sec-company-facts/releases/download/parquet-latest/facts_enc-b00019.parquet,True
LMB,Industrials,2021-12-31,1606163,"Limbach Holdings, Inc.",https://github.com/deeleeramone/sec-company-facts/releases/download/parquet-latest/primary_tickers.parquet,DOLTHUB_SEC_PARQUET_MIRROR,YAHOO_CHART,2021-12-31,9.0,,,https://query1.finance.yahoo.com/v8/finance/chart/LMB?period1=1577836800&period2=1783296000&interval=1d&events=history&includeAdjustedClose=true,SKIPPED_IN_CORE_SMOKE,129177000.0,2021-11-10,2021-09-30,24463000.0,2021-11-10,2021-09-30,3986000.0,2021-11-10,2021-09-30,-16781000.0,2021-11-10,2021-09-30,687000.0,2021-11-10,2021-09-30,82975000.0,2021-11-10,2021-09-30,33415000.0,2021-11-10,2021-09-30,265678000.0,2021-11-10,2021-09-30,182703000.0,2021-11-10,2021-09-30,23094000.0,2021-11-10,2021-09-30,10145470.0,2021-11-10,2021-09-30,0.38,2021-11-10,2021-09-30,2021-11-10,https://github.com/deeleeramone/sec-company-facts/releases/download/parquet-latest/facts_enc-b00019.parquet,True
LMB,Industrials,2022-03-31,1606163,"Limbach Holdings, Inc.",https://github.com/deeleeramone/sec-company-facts/releases/download/parquet-latest/primary_tickers.parquet,DOLTHUB_SEC_PARQUET_MIRROR,YAHOO_CHART,2022-03-31,6.949999809265137,,,https://query1.finance.yahoo.com/v8/finance/chart/LMB?period1=1577836800&period2=1783296000&interval=1d&events=history&includeAdjustedClose=true,SKIPPED_IN_CORE_SMOKE,490351000.0,2022-03-16,2021-12-31,85910000.0,2022-03-16,2021-12-31,6714000.0,2022-03-16,2021-12-31,-24233000.0,2022-03-16,2021-12-31,791000.0,2022-03-16,2021-12-31,87838000.0,2022-03-16,2021-12-31,14589000.0,2022-03-16,2021-12-31,267512000.0,2022-03-16,2021-12-31,179674000.0,2022-03-16,2021-12-31,29816000.0,2022-03-16,2021-12-31,10231637.0,2022-03-16,2021-12-31,0.66,2022-03-16,2021-12-31,2022-03-16,https://github.com/deeleeramone/sec-company-facts/releases/download/parquet-latest/facts_enc-b00019.parquet,True
LMB,Industrials,2022-06-30,1606163,"Limbach Holdings, Inc.",https://github.com/deeleeramone/sec-company-facts/releases/download/parquet-latest/primary_tickers.parquet,DOLTHUB_SEC_PARQUET_MIRROR,YAHOO_CHART,2022-06-30,5.340000152587891,,,https://query1.finance.yahoo.com/v8/finance/chart/LMB?period1=1577836800&period2=1783296000&interval=1d&events=history&includeAdjustedClose=true,SKIPPED_IN_CORE_SMOKE,114822000.0,2022-05-10,2022-03-31,18340000.0,2022-05-10,2022-03-31,-1516000.0,2022-05-10,2022-03-31,-2965000.0,2022-05-10,2022-03-31,169000.0,2022-05-10,2022-03-31,86871000.0,2022-05-10,2022-03-31,18179000.0,2022-05-10,2022-03-31,281003000.0,2022-05-10,2022-03-31,194132000.0,2022-05-10,2022-03-31,13222000.0,2022-05-10,2022-03-31,10420690.0,2022-05-10,2022-03-31,-0.15,2022-05-10,2022-03-31,2022-05-10,https://github.com/deeleeramone/sec-company-facts/releases/download/parquet-latest/facts_enc-b00019.parquet,True
LMB,Industrials,2022-09-30,1606163,"Limbach Holdings, Inc.",https://github.com/deeleeramone/sec-company-facts/releases/download/parquet-latest/primary_tickers.parquet,DOLTHUB_SEC_PARQUET_MIRROR,YAHOO_CHART,2022-09-30,7.599999904632568,,,https://query1.finance.yahoo.com/v8/finance/chart/LMB?period1=1577836800&period2=1783296000&interval=1d&events=history&includeAdjustedClose=true,SKIPPED_IN_CORE_SMOKE,116120000.0,2022-08-09,2022-06-30,21320000.0,2022-08-09,2022-06-30,-650000.0,2022-08-09,2022-06-30,12620000.0,2022-08-09,2022-06-30,473000.0,2022-08-09,2022-06-30,88312000.0,2022-08-09,2022-06-30,19630000.0,2022-08-09,2022-06-30,271045000.0,2022-08-09,2022-06-30,182733000.0,2022-08-09,2022-06-30,9893000.0,2022-08-09,2022-06-30,10421886.0,2022-08-09,2022-06-30,0.08,2022-08-09,2022-06-30,2022-08-09,https://github.com/deeleeramone/sec-company-facts/releases/download/parquet-latest/facts_enc-b00019.parquet,True
LMB,Industrials,2022-12-31,1606163,"Limbach Holdings, Inc.",https://github.com/deeleeramone/sec-company-facts/releases/download/parquet-latest/primary_tickers.parquet,DOLTHUB_SEC_PARQUET_MIRROR,YAHOO_CHART,2022-12-30,10.40999984741211,,,https://query1.finance.yahoo.com/v8/finance/chart/LMB?period1=1577836800&period2=1783296000&interval=1d&events=history&includeAdjustedClose=true,SKIPPED_IN_CORE_SMOKE,122357000.0,2022-11-09,2022-09-30,24854000.0,2022-11-09,2022-09-30,2991000.0,2022-11-09,2022-09-30,22980000.0,2022-11-09,2022-09-30,725000.0,2022-11-09,2022-09-30,92870000.0,2022-11-09,2022-09-30,28419000.0,2022-11-09,2022-09-30,280747000.0,2022-11-09,2022-09-30,187877000.0,2022-11-09,2022-09-30,9719000.0,2022-11-09,2022-09-30,10690434.0,2022-11-09,2022-09-30,0.34,2022-11-09,2022-09-30,2022-11-09,https://github.com/deeleeramone/sec-company-facts/releases/download/parquet-latest/facts_enc-b00019.parquet,True
LMB,Industrials,2023-03-31,1606163,"Limbach Holdings, Inc.",https://github.com/deeleeramone/sec-company-facts/releases/download/parquet-latest/primary_tickers.parquet,DOLTHUB_SEC_PARQUET_MIRROR,YAHOO_CHART,2023-03-31,17.299999237060547,,,https://query1.finance.yahoo.com/v8/finance/chart/LMB?period1=1577836800&period2=1783296000&interval=1d&events=history&includeAdjustedClose=true,SKIPPED_IN_CORE_SMOKE,496782000.0,2023-03-08,2022-12-31,93741000.0,2023-03-08,2022-12-31,6799000.0,2023-03-08,2022-12-31,35373000.0,2023-03-08,2022-12-31,993000.0,2023-03-08,2022-12-31,95442000.0,2023-03-08,2022-12-31,36001000.0,2023-03-08,2022-12-31,294556000.0,2023-03-08,2022-12-31,199114000.0,2023-03-08,2022-12-31,9564000.0,2023-03-08,2022-12-31,10676534.0,2023-03-08,2022-12-31,0.64,2023-03-08,2022-12-31,2023-03-08,https://github.com/deeleeramone/sec-company-facts/releases/download/parquet-latest/facts_enc-b00019.parquet,True
LMB,Industrials,2023-06-30,1606163,"Limbach Holdings, Inc.",https://github.com/deeleeramone/sec-company-facts/releases/download/parquet-latest/primary_tickers.parquet,DOLTHUB_SEC_PARQUET_MIRROR,YAHOO_CHART,2023-06-30,24.729999542236328,,,https://query1.finance.yahoo.com/v8/finance/chart/LMB?period1=1577836800&period2=1783296000&interval=1d&events=history&includeAdjustedClose=true,SKIPPED_IN_CORE_SMOKE,121009000.0,2023-05-08,2023-03-31,26227000.0,2023-05-08,2023-03-31,2993000.0,2023-05-08,2023-03-31,9366000.0,2023-05-08,2023-03-31,923000.0,2023-05-08,2023-03-31,99237000.0,2023-05-08,2023-03-31,41489000.0,2023-05-08,2023-03-31,280570000.0,2023-05-08,2023-03-31,181333000.0,2023-05-08,2023-03-31,9643000.0,2023-05-08,2023-03-31,11040063.0,2023-05-08,2023-03-31,0.27,2023-05-08,2023-03-31,2023-05-08,https://github.com/deeleeramone/sec-company-facts/releases/download/parquet-latest/facts_enc-b00019.parquet,True
LMB,Industrials,2023-09-30,1606163,"Limbach Holdings, Inc.",https://github.com/deeleeramone/sec-company-facts/releases/download/parquet-latest/primary_tickers.parquet,DOLTHUB_SEC_PARQUET_MIRROR,YAHOO_CHART,2023-09-29,31.729999542236328,,,https://query1.finance.yahoo.com/v8/finance/chart/LMB?period1=1577836800&period2=1783296000&interval=1d&events=history&includeAdjustedClose=true,SKIPPED_IN_CORE_SMOKE,245891000.0,2023-08-09,2023-06-30,28513000.0,2023-08-09,2023-06-30,8313000.0,2023-08-09,2023-06-30,26292000.0,2023-08-09,2023-06-30,1499000.0,2023-08-09,2023-06-30,105658000.0,2023-08-09,2023-06-30,45994000.0,2023-08-09,2023-06-30,267427000.0,2023-08-09,2023-06-30,161769000.0,2023-08-09,2023-06-30,2431000.0,2023-08-09,2023-06-30,11507311.0,2023-08-09,2023-06-30,0.73,2023-08-09,2023-06-30,2023-08-09,https://github.com/deeleeramone/sec-company-facts/releases/download/parquet-latest/facts_enc-b00019.parquet,True
LMB,Industrials,2023-12-31,1606163,"Limbach Holdings, Inc.",https://github.com/deeleeramone/sec-company-facts/releases/download/parquet-latest/primary_tickers.parquet,DOLTHUB_SEC_PARQUET_MIRROR,YAHOO_CHART,2023-12-29,45.470001220703125,,,https://query1.finance.yahoo.com/v8/finance/chart/LMB?period1=1577836800&period2=1783296000&interval=1d&events=history&includeAdjustedClose=true,SKIPPED_IN_CORE_SMOKE,373659000.0,2023-11-08,2023-09-30,31244000.0,2023-11-08,2023-09-30,15505000.0,2023-11-08,2023-09-30,43460000.0,2023-11-08,2023-09-30,1720000.0,2023-11-08,2023-09-30,114130000.0,2023-11-08,2023-09-30,57538000.0,2023-11-08,2023-09-30,285202000.0,2023-11-08,2023-09-30,171072000.0,2023-11-08,2023-09-30,2472000.0,2023-11-08,2023-09-30,11789137.0,2023-11-08,2023-09-30,0.61,2023-11-08,2023-09-30,2023-11-08,https://github.com/deeleeramone/sec-company-facts/releases/download/parquet-latest/facts_enc-b00019.parquet,True
LMB,Industrials,2024-03-31,1606163,"Limbach Holdings, Inc.",https://github.com/deeleeramone/sec-company-facts/releases/download/parquet-latest/primary_tickers.parquet,DOLTHUB_SEC_PARQUET_MIRROR,YAHOO_CHART,2024-03-28,41.41999816894531,,,https://query1.finance.yahoo.com/v8/finance/chart/LMB?period1=1577836800&period2=1783296000&interval=1d&events=history&includeAdjustedClose=true,SKIPPED_IN_CORE_SMOKE,516350000.0,2024-03-13,2023-12-31,119290000.0,2024-03-13,2023-12-31,20754000.0,2024-03-13,2023-12-31,57366000.0,2024-03-13,2023-12-31,2266000.0,2024-03-13,2023-12-31,120915000.0,2024-03-13,2023-12-31,59898000.0,2024-03-13,2023-12-31,304439000.0,2024-03-13,2023-12-31,183524000.0,2024-03-13,2023-12-31,2680000.0,2024-03-13,2023-12-31,11812098.0,2024-03-13,2023-12-31,1.76,2024-03-13,2023-12-31,2024-03-13,https://github.com/deeleeramone/sec-company-facts/releases/download/parquet-latest/facts_enc-b00019.parquet,True
LMB,Industrials,2024-06-30,1606163,"Limbach Holdings, Inc.",https://github.com/deeleeramone/sec-company-facts/releases/download/parquet-latest/primary_tickers.parquet,DOLTHUB_SEC_PARQUET_MIRROR,YAHOO_CHART,2024-06-28,56.93000030517578,,,https://query1.finance.yahoo.com/v8/finance/chart/LMB?period1=1577836800&period2=1783296000&interval=1d&events=history&includeAdjustedClose=true,SKIPPED_IN_CORE_SMOKE,118976000.0,2024-05-08,2024-03-31,31088000.0,2024-05-08,2024-03-31,7586000.0,2024-05-08,2024-03-31,-3944000.0,2024-05-08,2024-03-31,2541000.0,2024-05-08,2024-03-31,125528000.0,2024-05-08,2024-03-31,48239000.0,2024-05-08,2024-03-31,289184000.0,2024-05-08,2024-03-31,163656000.0,2024-05-08,2024-03-31,2532000.0,2024-05-08,2024-03-31,11894747.0,2024-05-08,2024-03-31,0.64,2024-05-08,2024-03-31,2024-05-08,https://github.com/deeleeramone/sec-company-facts/releases/download/parquet-latest/facts_enc-b00019.parquet,True
LMB,Industrials,2024-09-30,1606163,"Limbach Holdings, Inc.",https://github.com/deeleeramone/sec-company-facts/releases/download/parquet-latest/primary_tickers.parquet,DOLTHUB_SEC_PARQUET_MIRROR,YAHOO_CHART,2024-09-30,75.76000213623047,,,https://query1.finance.yahoo.com/v8/finance/chart/LMB?period1=1577836800&period2=1783296000&interval=1d&events=history&includeAdjustedClose=true,SKIPPED_IN_CORE_SMOKE,241211000.0,2024-08-06,2024-06-30,33508000.0,2024-08-06,2024-06-30,13549000.0,2024-08-06,2024-06-30,12560000.0,2024-08-06,2024-06-30,5836000.0,2024-08-06,2024-06-30,132962000.0,2024-08-06,2024-06-30,59534000.0,2024-08-06,2024-06-30,303943000.0,2024-08-06,2024-06-30,170981000.0,2024-08-06,2024-06-30,2531000.0,2024-08-06,2024-06-30,11974133.0,2024-08-06,2024-06-30,0.5,2024-08-06,2024-06-30,2024-08-06,https://github.com/deeleeramone/sec-company-facts/releases/download/parquet-latest/facts_enc-b00019.parquet,True
LMB,Industrials,2024-12-31,1606163,"Limbach Holdings, Inc.",https://github.com/deeleeramone/sec-company-facts/releases/download/parquet-latest/primary_tickers.parquet,DOLTHUB_SEC_PARQUET_MIRROR,YAHOO_CHART,2024-12-31,85.54000091552734,,,https://query1.finance.yahoo.com/v8/finance/chart/LMB?period1=1577836800&period2=1783296000&interval=1d&events=history&includeAdjustedClose=true,SKIPPED_IN_CORE_SMOKE,133920000.0,2024-11-05,2024-09-30,100710000.0,2024-11-05,2024-09-30,7484000.0,2024-11-05,2024-09-30,17494000.0,2024-11-05,2024-09-30,6187000.0,2024-11-05,2024-09-30,142199000.0,2024-11-05,2024-09-30,51228000.0,2024-11-05,2024-09-30,324417000.0,2024-11-05,2024-09-30,182218000.0,2024-11-05,2024-09-30,2626000.0,2024-11-05,2024-09-30,11998750.0,2024-11-05,2024-09-30,0.62,2024-11-05,2024-09-30,2024-11-05,https://github.com/deeleeramone/sec-company-facts/releases/download/parquet-latest/facts_enc-b00019.parquet,True
LMB,Industrials,2025-03-31,1606163,"Limbach Holdings, Inc.",https://github.com/deeleeramone/sec-company-facts/releases/download/parquet-latest/primary_tickers.parquet,DOLTHUB_SEC_PARQUET_MIRROR,YAHOO_CHART,2025-03-31,74.47000122070312,,,https://query1.finance.yahoo.com/v8/finance/chart/LMB?period1=1577836800&period2=1783296000&interval=1d&events=history&includeAdjustedClose=true,SKIPPED_IN_CORE_SMOKE,518781000.0,2025-03-10,2024-12-31,144281000.0,2025-03-10,2024-12-31,30875000.0,2025-03-10,2024-12-31,36783000.0,2025-03-10,2024-12-31,7524000.0,2025-03-10,2024-12-31,153491000.0,2025-03-10,2024-12-31,44995000.0,2025-03-10,2024-12-31,352129000.0,2025-03-10,2024-12-31,198638000.0,2025-03-10,2024-12-31,3314000.0,2025-03-10,2024-12-31,12027398.0,2025-03-10,2024-12-31,2.57,2025-03-10,2024-12-31,2025-03-10,https://github.com/deeleeramone/sec-company-facts/releases/download/parquet-latest/facts_enc-b00019.parquet,True
LMB,Industrials,2025-06-30,1606163,"Limbach Holdings, Inc.",https://github.com/deeleeramone/sec-company-facts/releases/download/parquet-latest/primary_tickers.parquet,DOLTHUB_SEC_PARQUET_MIRROR,YAHOO_CHART,2025-06-30,140.10000610351562,,,https://query1.finance.yahoo.com/v8/finance/chart/LMB?period1=1577836800&period2=1783296000&interval=1d&events=history&includeAdjustedClose=true,SKIPPED_IN_CORE_SMOKE,133108000.0,2025-05-05,2025-03-31,36719000.0,2025-05-05,2025-03-31,10214000.0,2025-05-05,2025-03-31,2241000.0,2025-05-05,2025-03-31,2230000.0,2025-05-05,2025-03-31,161130000.0,2025-05-05,2025-03-31,38090000.0,2025-05-05,2025-03-31,336370000.0,2025-05-05,2025-03-31,175240000.0,2025-05-05,2025-03-31,3419000.0,2025-05-05,2025-03-31,12051678.0,2025-05-05,2025-03-31,0.85,2025-05-05,2025-03-31,2025-05-05,https://github.com/deeleeramone/sec-company-facts/releases/download/parquet-latest/facts_enc-b00019.parquet,True
LMB,Industrials,2025-09-30,1606163,"Limbach Holdings, Inc.",https://github.com/deeleeramone/sec-company-facts/releases/download/parquet-latest/primary_tickers.parquet,DOLTHUB_SEC_PARQUET_MIRROR,YAHOO_CHART,2025-09-30,97.12000274658203,,,https://query1.finance.yahoo.com/v8/finance/chart/LMB?period1=1577836800&period2=1783296000&interval=1d&events=history&includeAdjustedClose=true,SKIPPED_IN_CORE_SMOKE,142241000.0,2025-08-05,2025-06-30,76545000.0,2025-08-05,2025-06-30,17976000.0,2025-08-05,2025-06-30,4242000.0,2025-08-05,2025-06-30,3075000.0,2025-08-05,2025-06-30,170534000.0,2025-08-05,2025-06-30,39005000.0,2025-08-05,2025-06-30,342980000.0,2025-08-05,2025-06-30,172446000.0,2025-08-05,2025-06-30,4423000.0,2025-08-05,2025-06-30,12114221.0,2025-08-05,2025-06-30,0.64,2025-08-05,2025-06-30,2025-08-05,https://github.com/deeleeramone/sec-company-facts/releases/download/parquet-latest/facts_enc-b00019.parquet,True
LMB,Industrials,2025-12-31,1606163,"Limbach Holdings, Inc.",https://github.com/deeleeramone/sec-company-facts/releases/download/parquet-latest/primary_tickers.parquet,DOLTHUB_SEC_PARQUET_MIRROR,YAHOO_CHART,2025-12-31,77.8499984741211,,,https://query1.finance.yahoo.com/v8/finance/chart/LMB?period1=1577836800&period2=1783296000&interval=1d&events=history&includeAdjustedClose=true,SKIPPED_IN_CORE_SMOKE,184583000.0,2025-11-04,2025-09-30,44685000.0,2025-11-04,2025-09-30,8788000.0,2025-11-04,2025-09-30,17571000.0,2025-11-04,2025-09-30,3556000.0,2025-11-04,2025-09-30,181562000.0,2025-11-04,2025-09-30,9883000.0,2025-11-04,2025-09-30,409117000.0,2025-11-04,2025-09-30,227555000.0,2025-11-04,2025-09-30,5255000.0,2025-11-04,2025-09-30,12090829.0,2025-11-04,2025-09-30,0.73,2025-11-04,2025-09-30,2025-11-04,https://github.com/deeleeramone/sec-company-facts/releases/download/parquet-latest/facts_enc-b00019.parquet,True
LMB,Industrials,2026-03-31,1606163,"Limbach Holdings, Inc.",https://github.com/deeleeramone/sec-company-facts/releases/download/parquet-latest/primary_tickers.parquet,DOLTHUB_SEC_PARQUET_MIRROR,YAHOO_CHART,2026-03-31,78.05000305175781,,,https://query1.finance.yahoo.com/v8/finance/chart/LMB?period1=1577836800&period2=1783296000&interval=1d&events=history&includeAdjustedClose=true,SKIPPED_IN_CORE_SMOKE,646804000.0,2026-03-02,2025-12-31,169314000.0,2026-03-02,2025-12-31,39064000.0,2026-03-02,2025-12-31,45700000.0,2026-03-02,2025-12-31,3807000.0,2026-03-02,2025-12-31,195661000.0,2026-03-02,2025-12-31,11345000.0,2026-03-02,2025-12-31,381130000.0,2026-03-02,2025-12-31,185469000.0,2026-03-02,2025-12-31,5031000.0,2026-03-02,2025-12-31,12079583.0,2026-03-02,2025-12-31,3.23,2026-03-02,2025-12-31,2026-03-02,https://github.com/deeleeramone/sec-company-facts/releases/download/parquet-latest/facts_enc-b00019.parquet,True
LMB,Industrials,2026-06-30,1606163,"Limbach Holdings, Inc.",https://github.com/deeleeramone/sec-company-facts/releases/download/parquet-latest/primary_tickers.parquet,DOLTHUB_SEC_PARQUET_MIRROR,YAHOO_CHART,2026-06-30,77.0,,,https://query1.finance.yahoo.com/v8/finance/chart/LMB?period1=1577836800&period2=1783296000&interval=1d&events=history&includeAdjustedClose=true,SKIPPED_IN_CORE_SMOKE,138859000.0,2026-05-05,2026-03-31,31170000.0,2026-05-05,2026-03-31,4380000.0,2026-05-05,2026-03-31,-7810000.0,2026-05-05,2026-03-31,407000.0,2026-05-05,2026-03-31,196335000.0,2026-05-05,2026-03-31,15831000.0,2026-05-05,2026-03-31,376972000.0,2026-05-05,2026-03-31,180637000.0,2026-05-05,2026-03-31,4906000.0,2026-05-05,2026-03-31,12067589.0,2026-05-05,2026-03-31,0.36,2026-05-05,2026-03-31,2026-05-05,https://github.com/deeleeramone/sec-company-facts/releases/download/parquet-latest/facts_enc-b00019.parquet,True
CEG,Utilities,2021-03-31,1868275,Constellation Energy Corp,https://github.com/deeleeramone/sec-company-facts/releases/download/parquet-latest/primary_tickers.parquet,DOLTHUB_SEC_PARQUET_MIRROR,YAHOO_CHART,,,,,https://query1.finance.yahoo.com/v8/finance/chart/CEG?period1=1577836800&period2=1783296000&interval=1d&events=history&includeAdjustedClose=true,SKIPPED_IN_CORE_SMOKE,,,,,,,,,,,,,,,,,,,,,,,,,,,,,,,,,,,,,,,False
CEG,Utilities,2021-06-30,1868275,Constellation Energy Corp,https://github.com/deeleeramone/sec-company-facts/releases/download/parquet-latest/primary_tickers.parquet,DOLTHUB_SEC_PARQUET_MIRROR,YAHOO_CHART,,,,,https://query1.finance.yahoo.com/v8/finance/chart/CEG?period1=1577836800&period2=1783296000&interval=1d&events=history&includeAdjustedClose=true,SKIPPED_IN_CORE_SMOKE,,,,,,,,,,,,,,,,,,,,,,,,,,,,,,,,,,,,,,,False
CEG,Utilities,2021-09-30,1868275,Constellation Energy Corp,https://github.com/deeleeramone/sec-company-facts/releases/download/parquet-latest/primary_tickers.parquet,DOLTHUB_SEC_PARQUET_MIRROR,YAHOO_CHART,,,,,https://query1.finance.yahoo.com/v8/finance/chart/CEG?period1=1577836800&period2=1783296000&interval=1d&events=history&includeAdjustedClose=true,SKIPPED_IN_CORE_SMOKE,,,,,,,,,,,,,,,,,,,,,,,,,,,,,,,,,,,,,,,False
CEG,Utilities,2021-12-31,1868275,Constellation Energy Corp,https://github.com/deeleeramone/sec-company-facts/releases/download/parquet-latest/primary_tickers.parquet,DOLTHUB_SEC_PARQUET_MIRROR,YAHOO_CHART,,,,,https://query1.finance.yahoo.com/v8/finance/chart/CEG?period1=1577836800&period2=1783296000&interval=1d&events=history&includeAdjustedClose=true,SKIPPED_IN_CORE_SMOKE,,,,,,,,,,,,,,,,,,,,,,,,,,,,,,,,,,,,,,,False
CEG,Utilities,2022-03-31,1868275,Constellation Energy Corp,https://github.com/deeleeramone/sec-company-facts/releases/download/parquet-latest/primary_tickers.parquet,DOLTHUB_SEC_PARQUET_MIRROR,YAHOO_CHART,2022-03-31,56.25,,,https://query1.finance.yahoo.com/v8/finance/chart/CEG?period1=1577836800&period2=1783296000&interval=1d&events=history&includeAdjustedClose=true,SKIPPED_IN_CORE_SMOKE,,,,,,,,,,,,,,,,,,,,,,,,,,,,,,,,,,,,,,,False
CEG,Utilities,2022-06-30,1868275,Constellation Energy Corp,https://github.com/deeleeramone/sec-company-facts/releases/download/parquet-latest/primary_tickers.parquet,DOLTHUB_SEC_PARQUET_MIRROR,YAHOO_CHART,2022-06-30,57.2599983215332,,,https://query1.finance.yahoo.com/v8/finance/chart/CEG?period1=1577836800&period2=1783296000&interval=1d&events=history&includeAdjustedClose=true,SKIPPED_IN_CORE_SMOKE,5591000000.0,2022-05-12,2022-03-31,,,,106000000.0,2022-05-12,2022-03-31,1351000000.0,2022-05-12,2022-03-31,410000000.0,2022-05-12,2022-03-31,11505000000.0,2022-05-12,2022-03-31,1696000000.0,2022-05-12,2022-03-31,46846000000.0,2022-05-12,2022-03-31,35341000000.0,2022-05-12,2022-03-31,4548000000.0,2022-05-12,2022-03-31,328000000.0,2022-05-12,2022-03-31,0.32,2022-05-12,2022-03-31,2022-05-12,https://github.com/deeleeramone/sec-company-facts/releases/download/parquet-latest/facts_enc-b00051.parquet,True
CEG,Utilities,2022-09-30,1868275,Constellation Energy Corp,https://github.com/deeleeramone/sec-company-facts/releases/download/parquet-latest/primary_tickers.parquet,DOLTHUB_SEC_PARQUET_MIRROR,YAHOO_CHART,2022-09-30,83.19000244140625,,,https://query1.finance.yahoo.com/v8/finance/chart/CEG?period1=1577836800&period2=1783296000&interval=1d&events=history&includeAdjustedClose=true,SKIPPED_IN_CORE_SMOKE,11056000000.0,2022-08-04,2022-06-30,,,,-5000000.0,2022-08-04,2022-06-30,1263000000.0,2022-08-04,2022-06-30,800000000.0,2022-08-04,2022-06-30,11000000000.0,2022-08-04,2022-06-30,806000000.0,2022-08-04,2022-06-30,45333000000.0,2022-08-04,2022-06-30,33944000000.0,2022-08-04,2022-06-30,4507000000.0,2022-08-04,2022-06-30,328000000.0,2022-08-04,2022-06-30,-0.02,2022-08-04,2022-06-30,2022-08-04,https://github.com/deeleeramone/sec-company-facts/releases/download/parquet-latest/facts_enc-b00051.parquet,True
CEG,Utilities,2022-12-31,1868275,Constellation Energy Corp,https://github.com/deeleeramone/sec-company-facts/releases/download/parquet-latest/primary_tickers.parquet,DOLTHUB_SEC_PARQUET_MIRROR,YAHOO_CHART,2022-12-30,86.20999908447266,,,https://query1.finance.yahoo.com/v8/finance/chart/CEG?period1=1577836800&period2=1783296000&interval=1d&events=history&includeAdjustedClose=true,SKIPPED_IN_CORE_SMOKE,17107000000.0,2022-11-08,2022-09-30,,,,-195000000.0,2022-11-08,2022-09-30,69000000.0,2022-11-08,2022-09-30,1090000000.0,2022-11-08,2022-09-30,10803000000.0,2022-11-08,2022-09-30,1303000000.0,2022-11-08,2022-09-30,46616000000.0,2022-11-08,2022-09-30,35447000000.0,2022-11-08,2022-09-30,4480000000.0,2022-11-08,2022-09-30,328000000.0,2022-11-08,2022-09-30,-0.57,2022-11-08,2022-09-30,2022-11-08,https://github.com/deeleeramone/sec-company-facts/releases/download/parquet-latest/facts_enc-b00051.parquet,True
CEG,Utilities,2023-03-31,1868275,Constellation Energy Corp,https://github.com/deeleeramone/sec-company-facts/releases/download/parquet-latest/primary_tickers.parquet,DOLTHUB_SEC_PARQUET_MIRROR,YAHOO_CHART,2023-03-31,78.5,,,https://query1.finance.yahoo.com/v8/finance/chart/CEG?period1=1577836800&period2=1783296000&interval=1d&events=history&includeAdjustedClose=true,SKIPPED_IN_CORE_SMOKE,24440000000.0,2023-02-16,2022-12-31,,,,-167000000.0,2023-02-16,2022-12-31,-2353000000.0,2023-02-16,2022-12-31,1689000000.0,2023-02-16,2022-12-31,11018000000.0,2023-02-16,2022-12-31,528000000.0,2023-02-16,2022-12-31,46909000000.0,2023-02-16,2022-12-31,35537000000.0,2023-02-16,2022-12-31,4466000000.0,2023-02-16,2022-12-31,329000000.0,2023-02-16,2022-12-31,-0.49,2023-02-16,2022-12-31,2023-02-16,https://github.com/deeleeramone/sec-company-facts/releases/download/parquet-latest/facts_enc-b00051.parquet,True
CEG,Utilities,2023-06-30,1868275,Constellation Energy Corp,https://github.com/deeleeramone/sec-company-facts/releases/download/parquet-latest/primary_tickers.parquet,DOLTHUB_SEC_PARQUET_MIRROR,YAHOO_CHART,2023-06-30,91.55000305175781,,,https://query1.finance.yahoo.com/v8/finance/chart/CEG?period1=1577836800&period2=1783296000&interval=1d&events=history&includeAdjustedClose=true,SKIPPED_IN_CORE_SMOKE,7565000000.0,2023-05-04,2023-03-31,,,,102000000.0,2023-05-04,2023-03-31,-934000000.0,2023-05-04,2023-03-31,660000000.0,2023-05-04,2023-03-31,11086000000.0,2023-05-04,2023-03-31,237000000.0,2023-05-04,2023-03-31,46158000000.0,2023-05-04,2023-03-31,35072000000.0,2023-05-04,2023-03-31,5763000000.0,2023-05-04,2023-03-31,328000000.0,2023-05-04,2023-03-31,0.29,2023-05-04,2023-03-31,2023-05-04,https://github.com/deeleeramone/sec-company-facts/releases/download/parquet-latest/facts_enc-b00051.parquet,True
CEG,Utilities,2023-09-30,1868275,Constellation Energy Corp,https://github.com/deeleeramone/sec-company-facts/releases/download/parquet-latest/primary_tickers.parquet,DOLTHUB_SEC_PARQUET_MIRROR,YAHOO_CHART,2023-09-29,109.08000183105469,,,https://query1.finance.yahoo.com/v8/finance/chart/CEG?period1=1577836800&period2=1783296000&interval=1d&events=history&includeAdjustedClose=true,SKIPPED_IN_CORE_SMOKE,5446000000.0,2023-08-03,2023-06-30,,,,833000000.0,2023-08-03,2023-06-30,-1126000000.0,2023-08-03,2023-06-30,1336000000.0,2023-08-03,2023-06-30,11256000000.0,2023-08-03,2023-06-30,269000000.0,2023-08-03,2023-06-30,46559000000.0,2023-08-03,2023-06-30,34947000000.0,2023-08-03,2023-06-30,6156000000.0,2023-08-03,2023-06-30,325000000.0,2023-08-03,2023-06-30,2.56,2023-08-03,2023-06-30,2023-08-03,https://github.com/deeleeramone/sec-company-facts/releases/download/parquet-latest/facts_enc-b00051.parquet,True
CEG,Utilities,2023-12-31,1868275,Constellation Energy Corp,https://github.com/deeleeramone/sec-company-facts/releases/download/parquet-latest/primary_tickers.parquet,DOLTHUB_SEC_PARQUET_MIRROR,YAHOO_CHART,2023-12-29,116.88999938964844,,,https://query1.finance.yahoo.com/v8/finance/chart/CEG?period1=1577836800&period2=1783296000&interval=1d&events=history&includeAdjustedClose=true,SKIPPED_IN_CORE_SMOKE,6111000000.0,2023-11-06,2023-09-30,,,,731000000.0,2023-11-06,2023-09-30,-2119000000.0,2023-11-06,2023-09-30,1735000000.0,2023-11-06,2023-09-30,12000000000.0,2023-11-06,2023-09-30,1889000000.0,2023-11-06,2023-09-30,48965000000.0,2023-11-06,2023-09-30,36965000000.0,2023-11-06,2023-09-30,7512000000.0,2023-11-06,2023-09-30,323000000.0,2023-11-06,2023-09-30,2.26,2023-11-06,2023-09-30,2023-11-06,https://github.com/deeleeramone/sec-company-facts/releases/download/parquet-latest/facts_enc-b00051.parquet,True
CEG,Utilities,2024-03-31,1868275,Constellation Energy Corp,https://github.com/deeleeramone/sec-company-facts/releases/download/parquet-latest/primary_tickers.parquet,DOLTHUB_SEC_PARQUET_MIRROR,YAHOO_CHART,2024-03-28,184.85000610351562,,,https://query1.finance.yahoo.com/v8/finance/chart/CEG?period1=1577836800&period2=1783296000&interval=1d&events=history&includeAdjustedClose=true,SKIPPED_IN_CORE_SMOKE,20841000000.0,2024-02-27,2023-12-31,,,,1577000000.0,2024-02-27,2023-12-31,-5301000000.0,2024-02-27,2023-12-31,2422000000.0,2024-02-27,2023-12-31,10925000000.0,2024-02-27,2023-12-31,454000000.0,2024-02-27,2023-12-31,50758000000.0,2024-02-27,2023-12-31,39472000000.0,2024-02-27,2023-12-31,7496000000.0,2024-02-27,2023-12-31,324000000.0,2024-02-27,2023-12-31,5.01,2024-02-27,2023-12-31,2024-02-27,https://github.com/deeleeramone/sec-company-facts/releases/download/parquet-latest/facts_enc-b00051.parquet,True
CEG,Utilities,2024-06-30,1868275,Constellation Energy Corp,https://github.com/deeleeramone/sec-company-facts/releases/download/parquet-latest/primary_tickers.parquet,DOLTHUB_SEC_PARQUET_MIRROR,YAHOO_CHART,2024-06-28,200.27000427246094,,,https://query1.finance.yahoo.com/v8/finance/chart/CEG?period1=1577836800&period2=1783296000&interval=1d&events=history&includeAdjustedClose=true,SKIPPED_IN_CORE_SMOKE,6161000000.0,2024-05-09,2024-03-31,,,,883000000.0,2024-05-09,2024-03-31,-723000000.0,2024-05-09,2024-03-31,738000000.0,2024-05-09,2024-03-31,11560000000.0,2024-05-09,2024-03-31,645000000.0,2024-05-09,2024-03-31,52014000000.0,2024-05-09,2024-03-31,40454000000.0,2024-05-09,2024-03-31,8352000000.0,2024-05-09,2024-03-31,318000000.0,2024-05-09,2024-03-31,2.78,2024-05-09,2024-03-31,2024-05-09,https://github.com/deeleeramone/sec-company-facts/releases/download/parquet-latest/facts_enc-b00051.parquet,True
CEG,Utilities,2024-09-30,1868275,Constellation Energy Corp,https://github.com/deeleeramone/sec-company-facts/releases/download/parquet-latest/primary_tickers.parquet,DOLTHUB_SEC_PARQUET_MIRROR,YAHOO_CHART,2024-09-30,260.0199890136719,,,https://query1.finance.yahoo.com/v8/finance/chart/CEG?period1=1577836800&period2=1783296000&interval=1d&events=history&includeAdjustedClose=true,SKIPPED_IN_CORE_SMOKE,5475000000.0,2024-08-06,2024-06-30,,,,1697000000.0,2024-08-06,2024-06-30,-1336000000.0,2024-08-06,2024-06-30,1284000000.0,2024-08-06,2024-06-30,11781000000.0,2024-08-06,2024-06-30,311000000.0,2024-08-06,2024-06-30,51340000000.0,2024-08-06,2024-06-30,39559000000.0,2024-08-06,2024-06-30,7409000000.0,2024-08-06,2024-06-30,316000000.0,2024-08-06,2024-06-30,2.58,2024-08-06,2024-06-30,2024-08-06,https://github.com/deeleeramone/sec-company-facts/releases/download/parquet-latest/facts_enc-b00051.parquet,True
CEG,Utilities,2024-12-31,1868275,Constellation Energy Corp,https://github.com/deeleeramone/sec-company-facts/releases/download/parquet-latest/primary_tickers.parquet,DOLTHUB_SEC_PARQUET_MIRROR,YAHOO_CHART,2024-12-31,223.7100067138672,,,https://query1.finance.yahoo.com/v8/finance/chart/CEG?period1=1577836800&period2=1783296000&interval=1d&events=history&includeAdjustedClose=true,SKIPPED_IN_CORE_SMOKE,14438000000.0,2024-11-04,2024-09-30,,,,1200000000.0,2024-11-04,2024-09-30,-1448000000.0,2024-11-04,2024-09-30,1836000000.0,2024-11-04,2024-09-30,12941000000.0,2024-11-04,2024-09-30,1882000000.0,2024-11-04,2024-09-30,51834000000.0,2024-11-04,2024-09-30,38893000000.0,2024-11-04,2024-09-30,7378000000.0,2024-11-04,2024-09-30,316000000.0,2024-11-04,2024-09-30,9.17,2024-11-04,2024-09-30,2024-11-04,https://github.com/deeleeramone/sec-company-facts/releases/download/parquet-latest/facts_enc-b00051.parquet,True
CEG,Utilities,2025-03-31,1868275,Constellation Energy Corp,https://github.com/deeleeramone/sec-company-facts/releases/download/parquet-latest/primary_tickers.parquet,DOLTHUB_SEC_PARQUET_MIRROR,YAHOO_CHART,2025-03-31,201.6300048828125,,,https://query1.finance.yahoo.com/v8/finance/chart/CEG?period1=1577836800&period2=1783296000&interval=1d&events=history&includeAdjustedClose=true,SKIPPED_IN_CORE_SMOKE,18964000000.0,2025-02-18,2024-12-31,,,,3738000000.0,2025-02-18,2024-12-31,-2464000000.0,2025-02-18,2024-12-31,2565000000.0,2025-02-18,2024-12-31,13539000000.0,2025-02-18,2024-12-31,3129000000.0,2025-02-18,2024-12-31,52926000000.0,2025-02-18,2024-12-31,39387000000.0,2025-02-18,2024-12-31,1028000000.0,2025-02-18,2024-12-31,315000000.0,2025-02-18,2024-12-31,11.89,2025-02-18,2024-12-31,2025-02-18,https://github.com/deeleeramone/sec-company-facts/releases/download/parquet-latest/facts_enc-b00051.parquet,True
CEG,Utilities,2025-06-30,1868275,Constellation Energy Corp,https://github.com/deeleeramone/sec-company-facts/releases/download/parquet-latest/primary_tickers.parquet,DOLTHUB_SEC_PARQUET_MIRROR,YAHOO_CHART,2025-06-30,322.760009765625,,,https://query1.finance.yahoo.com/v8/finance/chart/CEG?period1=1577836800&period2=1783296000&interval=1d&events=history&includeAdjustedClose=true,SKIPPED_IN_CORE_SMOKE,6106000000.0,2025-05-06,2025-03-31,,,,129000000.0,2025-05-06,2025-03-31,107000000.0,2025-05-06,2025-03-31,806000000.0,2025-05-06,2025-03-31,13334000000.0,2025-05-06,2025-03-31,1942000000.0,2025-05-06,2025-03-31,52252000000.0,2025-05-06,2025-03-31,38918000000.0,2025-05-06,2025-03-31,7321000000.0,2025-05-06,2025-03-31,314000000.0,2025-05-06,2025-03-31,0.38,2025-05-06,2025-03-31,2025-05-06,https://github.com/deeleeramone/sec-company-facts/releases/download/parquet-latest/facts_enc-b00051.parquet,True
CEG,Utilities,2025-09-30,1868275,Constellation Energy Corp,https://github.com/deeleeramone/sec-company-facts/releases/download/parquet-latest/primary_tickers.parquet,DOLTHUB_SEC_PARQUET_MIRROR,YAHOO_CHART,2025-09-30,329.07000732421875,,,https://query1.finance.yahoo.com/v8/finance/chart/CEG?period1=1577836800&period2=1783296000&interval=1d&events=history&includeAdjustedClose=true,SKIPPED_IN_CORE_SMOKE,6101000000.0,2025-08-07,2025-06-30,,,,957000000.0,2025-08-07,2025-06-30,1584000000.0,2025-08-07,2025-06-30,1573000000.0,2025-08-07,2025-06-30,13803000000.0,2025-08-07,2025-06-30,1974000000.0,2025-08-07,2025-06-30,53038000000.0,2025-08-07,2025-06-30,39235000000.0,2025-08-07,2025-06-30,7286000000.0,2025-08-07,2025-06-30,314000000.0,2025-08-07,2025-06-30,2.67,2025-08-07,2025-06-30,2025-08-07,https://github.com/deeleeramone/sec-company-facts/releases/download/parquet-latest/facts_enc-b00051.parquet,True
CEG,Utilities,2025-12-31,1868275,Constellation Energy Corp,https://github.com/deeleeramone/sec-company-facts/releases/download/parquet-latest/primary_tickers.parquet,DOLTHUB_SEC_PARQUET_MIRROR,YAHOO_CHART,2025-12-31,353.2699890136719,,,https://query1.finance.yahoo.com/v8/finance/chart/CEG?period1=1577836800&period2=1783296000&interval=1d&events=history&includeAdjustedClose=true,SKIPPED_IN_CORE_SMOKE,6570000000.0,2025-11-07,2025-09-30,,,,930000000.0,2025-11-07,2025-09-30,3432000000.0,2025-11-07,2025-09-30,1963000000.0,2025-11-07,2025-09-30,14692000000.0,2025-11-07,2025-09-30,3959000000.0,2025-11-07,2025-09-30,56161000000.0,2025-11-07,2025-09-30,41469000000.0,2025-11-07,2025-09-30,7269000000.0,2025-11-07,2025-09-30,314000000.0,2025-11-07,2025-09-30,2.97,2025-11-07,2025-09-30,2025-11-07,https://github.com/deeleeramone/sec-company-facts/releases/download/parquet-latest/facts_enc-b00051.parquet,True
CEG,Utilities,2026-03-31,1868275,Constellation Energy Corp,https://github.com/deeleeramone/sec-company-facts/releases/download/parquet-latest/primary_tickers.parquet,DOLTHUB_SEC_PARQUET_MIRROR,YAHOO_CHART,2026-03-31,279.25,,,https://query1.finance.yahoo.com/v8/finance/chart/CEG?period1=1577836800&period2=1783296000&interval=1d&events=history&includeAdjustedClose=true,SKIPPED_IN_CORE_SMOKE,22663000000.0,2026-02-24,2025-12-31,,,,2323000000.0,2026-02-24,2025-12-31,4237000000.0,2026-02-24,2025-12-31,2949000000.0,2026-02-24,2025-12-31,14517000000.0,2026-02-24,2025-12-31,3748000000.0,2026-02-24,2025-12-31,57249000000.0,2026-02-24,2025-12-31,42396000000.0,2026-02-24,2025-12-31,7250000000.0,2026-02-24,2025-12-31,314000000.0,2026-02-24,2025-12-31,7.4,2026-02-24,2025-12-31,2026-02-24,https://github.com/deeleeramone/sec-company-facts/releases/download/parquet-latest/facts_enc-b00051.parquet,True
CEG,Utilities,2026-06-30,1868275,Constellation Energy Corp,https://github.com/deeleeramone/sec-company-facts/releases/download/parquet-latest/primary_tickers.parquet,DOLTHUB_SEC_PARQUET_MIRROR,YAHOO_CHART,2026-06-30,248.3699951171875,,,https://query1.finance.yahoo.com/v8/finance/chart/CEG?period1=1577836800&period2=1783296000&interval=1d&events=history&includeAdjustedClose=true,SKIPPED_IN_CORE_SMOKE,11122000000.0,2026-05-11,2026-03-31,,,,1590000000.0,2026-05-11,2026-03-31,425000000.0,2026-05-11,2026-03-31,1275000000.0,2026-05-11,2026-03-31,33820000000.0,2026-05-11,2026-03-31,1171000000.0,2026-05-11,2026-03-31,96911000000.0,2026-05-11,2026-03-31,63091000000.0,2026-05-11,2026-03-31,370000000.0,2026-05-11,2026-03-31,354000000.0,2026-05-11,2026-03-31,4.49,2026-05-11,2026-03-31,2026-05-11,https://github.com/deeleeramone/sec-company-facts/releases/download/parquet-latest/facts_enc-b00051.parquet,True
VST,Utilities,2021-03-31,1692819,Vistra Corp.,https://github.com/deeleeramone/sec-company-facts/releases/download/parquet-latest/primary_tickers.parquet,DOLTHUB_SEC_PARQUET_MIRROR,YAHOO_CHART,2021-03-31,17.68000030517578,,,https://query1.finance.yahoo.com/v8/finance/chart/VST?period1=1577836800&period2=1783296000&interval=1d&events=history&includeAdjustedClose=true,SKIPPED_IN_CORE_SMOKE,11443000000.0,2021-02-26,2020-12-31,,,,624000000.0,2021-02-26,2020-12-31,3337000000.0,2021-02-26,2020-12-31,1259000000.0,2021-02-26,2020-12-31,8361000000.0,2021-02-26,2020-12-31,444000000.0,2021-02-26,2020-12-31,25208000000.0,2021-02-26,2020-12-31,16847000000.0,2021-02-26,2020-12-31,,,,491090468.0,2021-02-26,2020-12-31,1.3,2021-02-26,2020-12-31,2021-02-26,https://github.com/deeleeramone/sec-company-facts/releases/download/parquet-latest/facts_enc-b00019.parquet,True
VST,Utilities,2021-06-30,1692819,Vistra Corp.,https://github.com/deeleeramone/sec-company-facts/releases/download/parquet-latest/primary_tickers.parquet,DOLTHUB_SEC_PARQUET_MIRROR,YAHOO_CHART,2021-06-30,18.549999237060547,,,https://query1.finance.yahoo.com/v8/finance/chart/VST?period1=1577836800&period2=1783296000&interval=1d&events=history&includeAdjustedClose=true,SKIPPED_IN_CORE_SMOKE,8203000000.0,2021-05-04,2021-03-31,,,,-2043000000.0,2021-05-04,2021-03-31,-1653000000.0,2021-05-04,2021-03-31,192000000.0,2021-05-04,2021-03-31,6100000000.0,2021-05-04,2021-03-31,601000000.0,2021-05-04,2021-03-31,25886000000.0,2021-05-04,2021-03-31,19793000000.0,2021-05-04,2021-03-31,,,,484699267.0,2021-05-04,2021-03-31,-4.21,2021-05-04,2021-03-31,2021-05-04,https://github.com/deeleeramone/sec-company-facts/releases/download/parquet-latest/facts_enc-b00019.parquet,True
VST,Utilities,2021-09-30,1692819,Vistra Corp.,https://github.com/deeleeramone/sec-company-facts/releases/download/parquet-latest/primary_tickers.parquet,DOLTHUB_SEC_PARQUET_MIRROR,YAHOO_CHART,2021-09-30,17.100000381469727,,,https://query1.finance.yahoo.com/v8/finance/chart/VST?period1=1577836800&period2=1783296000&interval=1d&events=history&includeAdjustedClose=true,SKIPPED_IN_CORE_SMOKE,2565000000.0,2021-08-05,2021-06-30,,,,35000000.0,2021-08-05,2021-06-30,-1057000000.0,2021-08-05,2021-06-30,546000000.0,2021-08-05,2021-06-30,6068000000.0,2021-08-05,2021-06-30,444000000.0,2021-08-05,2021-06-30,27015000000.0,2021-08-05,2021-06-30,20947000000.0,2021-08-05,2021-06-30,,,,487366226.0,2021-08-05,2021-06-30,-4.13,2021-08-05,2021-06-30,2021-08-05,https://github.com/deeleeramone/sec-company-facts/releases/download/parquet-latest/facts_enc-b00019.parquet,True
VST,Utilities,2021-12-31,1692819,Vistra Corp.,https://github.com/deeleeramone/sec-company-facts/releases/download/parquet-latest/primary_tickers.parquet,DOLTHUB_SEC_PARQUET_MIRROR,YAHOO_CHART,2021-12-31,22.770000457763672,,,https://query1.finance.yahoo.com/v8/finance/chart/VST?period1=1577836800&period2=1783296000&interval=1d&events=history&includeAdjustedClose=true,SKIPPED_IN_CORE_SMOKE,2991000000.0,2021-11-05,2021-09-30,,,,10000000.0,2021-11-05,2021-09-30,-493000000.0,2021-11-05,2021-09-30,790000000.0,2021-11-05,2021-09-30,6036000000.0,2021-11-05,2021-09-30,351000000.0,2021-11-05,2021-09-30,29932000000.0,2021-11-05,2021-09-30,23901000000.0,2021-11-05,2021-09-30,,,,483150213.0,2021-11-05,2021-09-30,-4.14,2021-11-05,2021-09-30,2021-11-05,https://github.com/deeleeramone/sec-company-facts/releases/download/parquet-latest/facts_enc-b00019.parquet,True
VST,Utilities,2022-03-31,1692819,Vistra Corp.,https://github.com/deeleeramone/sec-company-facts/releases/download/parquet-latest/primary_tickers.parquet,DOLTHUB_SEC_PARQUET_MIRROR,YAHOO_CHART,2022-03-31,23.25,,,https://query1.finance.yahoo.com/v8/finance/chart/VST?period1=1577836800&period2=1783296000&interval=1d&events=history&includeAdjustedClose=true,SKIPPED_IN_CORE_SMOKE,12077000000.0,2022-02-25,2021-12-31,,,,-1274000000.0,2022-02-25,2021-12-31,-206000000.0,2022-02-25,2021-12-31,1033000000.0,2022-02-25,2021-12-31,8291000000.0,2022-02-25,2021-12-31,1325000000.0,2022-02-25,2021-12-31,29683000000.0,2022-02-25,2021-12-31,21391000000.0,2022-02-25,2021-12-31,,,,482214544.0,2022-02-25,2021-12-31,-2.69,2022-02-25,2021-12-31,2022-02-25,https://github.com/deeleeramone/sec-company-facts/releases/download/parquet-latest/facts_enc-b00019.parquet,True
VST,Utilities,2022-06-30,1692819,Vistra Corp.,https://github.com/deeleeramone/sec-company-facts/releases/download/parquet-latest/primary_tickers.parquet,DOLTHUB_SEC_PARQUET_MIRROR,YAHOO_CHART,2022-06-30,22.850000381469727,,,https://query1.finance.yahoo.com/v8/finance/chart/VST?period1=1577836800&period2=1783296000&interval=1d&events=history&includeAdjustedClose=true,SKIPPED_IN_CORE_SMOKE,3125000000.0,2022-05-06,2022-03-31,,,,-284000000.0,2022-05-06,2022-03-31,591000000.0,2022-05-06,2022-03-31,373000000.0,2022-05-06,2022-03-31,7302000000.0,2022-05-06,2022-03-31,1022000000.0,2022-05-06,2022-03-31,32833000000.0,2022-05-06,2022-03-31,25531000000.0,2022-05-06,2022-03-31,,,,451603354.0,2022-05-06,2022-03-31,-0.72,2022-05-06,2022-03-31,2022-05-06,https://github.com/deeleeramone/sec-company-facts/releases/download/parquet-latest/facts_enc-b00019.parquet,True
VST,Utilities,2022-09-30,1692819,Vistra Corp.,https://github.com/deeleeramone/sec-company-facts/releases/download/parquet-latest/primary_tickers.parquet,DOLTHUB_SEC_PARQUET_MIRROR,YAHOO_CHART,2022-09-30,21.0,,,https://query1.finance.yahoo.com/v8/finance/chart/VST?period1=1577836800&period2=1783296000&interval=1d&events=history&includeAdjustedClose=true,SKIPPED_IN_CORE_SMOKE,3326000000.0,2022-08-05,2022-06-30,,,,-1357000000.0,2022-08-05,2022-06-30,-723000000.0,2022-08-05,2022-06-30,613000000.0,2022-08-05,2022-06-30,5392000000.0,2022-08-05,2022-06-30,1871000000.0,2022-08-05,2022-06-30,37468000000.0,2022-08-05,2022-06-30,32065000000.0,2022-08-05,2022-06-30,,,,429193031.0,2022-08-05,2022-06-30,-3.92,2022-08-05,2022-06-30,2022-08-05,https://github.com/deeleeramone/sec-company-facts/releases/download/parquet-latest/facts_enc-b00019.parquet,True
VST,Utilities,2022-12-31,1692819,Vistra Corp.,https://github.com/deeleeramone/sec-company-facts/releases/download/parquet-latest/primary_tickers.parquet,DOLTHUB_SEC_PARQUET_MIRROR,YAHOO_CHART,2022-12-30,23.200000762939453,,,https://query1.finance.yahoo.com/v8/finance/chart/VST?period1=1577836800&period2=1783296000&interval=1d&events=history&includeAdjustedClose=true,SKIPPED_IN_CORE_SMOKE,11625000000.0,2022-11-04,2022-09-30,,,,678000000.0,2022-11-04,2022-09-30,92000000.0,2022-11-04,2022-09-30,909000000.0,2022-11-04,2022-09-30,5582000000.0,2022-11-04,2022-09-30,568000000.0,2022-11-04,2022-09-30,35175000000.0,2022-11-04,2022-09-30,29574000000.0,2022-11-04,2022-09-30,,,,417482511.0,2022-11-04,2022-09-30,-2.53,2022-11-04,2022-09-30,2022-11-04,https://github.com/deeleeramone/sec-company-facts/releases/download/parquet-latest/facts_enc-b00019.parquet,True
VST,Utilities,2023-03-31,1692819,Vistra Corp.,https://github.com/deeleeramone/sec-company-facts/releases/download/parquet-latest/primary_tickers.parquet,DOLTHUB_SEC_PARQUET_MIRROR,YAHOO_CHART,2023-03-31,24.0,,,https://query1.finance.yahoo.com/v8/finance/chart/VST?period1=1577836800&period2=1783296000&interval=1d&events=history&includeAdjustedClose=true,SKIPPED_IN_CORE_SMOKE,13728000000.0,2023-03-01,2022-12-31,,,,-1210000000.0,2023-03-01,2022-12-31,485000000.0,2023-03-01,2022-12-31,1301000000.0,2023-03-01,2022-12-31,4902000000.0,2023-03-01,2022-12-31,525000000.0,2023-03-01,2022-12-31,32787000000.0,2023-03-01,2022-12-31,27869000000.0,2023-03-01,2022-12-31,,,,422447074.0,2023-03-01,2022-12-31,-3.26,2023-03-01,2022-12-31,2023-03-01,https://github.com/deeleeramone/sec-company-facts/releases/download/parquet-latest/facts_enc-b00019.parquet,True
VST,Utilities,2023-06-30,1692819,Vistra Corp.,https://github.com/deeleeramone/sec-company-facts/releases/download/parquet-latest/primary_tickers.parquet,DOLTHUB_SEC_PARQUET_MIRROR,YAHOO_CHART,2023-06-30,26.25,,,https://query1.finance.yahoo.com/v8/finance/chart/VST?period1=1577836800&period2=1783296000&interval=1d&events=history&includeAdjustedClose=true,SKIPPED_IN_CORE_SMOKE,4425000000.0,2023-05-09,2023-03-31,,,,698000000.0,2023-05-09,2023-03-31,1435000000.0,2023-05-09,2023-03-31,484000000.0,2023-05-09,2023-03-31,5216000000.0,2023-05-09,2023-03-31,573000000.0,2023-05-09,2023-03-31,31117000000.0,2023-05-09,2023-03-31,25901000000.0,2023-05-09,2023-03-31,,,,387553379.0,2023-05-09,2023-03-31,1.71,2023-05-09,2023-03-31,2023-05-09,https://github.com/deeleeramone/sec-company-facts/releases/download/parquet-latest/facts_enc-b00019.parquet,True
VST,Utilities,2023-09-30,1692819,Vistra Corp.,https://github.com/deeleeramone/sec-company-facts/releases/download/parquet-latest/primary_tickers.parquet,DOLTHUB_SEC_PARQUET_MIRROR,YAHOO_CHART,2023-09-29,33.18000030517578,,,https://query1.finance.yahoo.com/v8/finance/chart/VST?period1=1577836800&period2=1783296000&interval=1d&events=history&includeAdjustedClose=true,SKIPPED_IN_CORE_SMOKE,7614000000.0,2023-08-09,2023-06-30,,,,1174000000.0,2023-08-09,2023-06-30,3012000000.0,2023-08-09,2023-06-30,926000000.0,2023-08-09,2023-06-30,5374000000.0,2023-08-09,2023-06-30,643000000.0,2023-08-09,2023-06-30,30472000000.0,2023-08-09,2023-06-30,25098000000.0,2023-08-09,2023-06-30,,,,376794258.0,2023-08-09,2023-06-30,1.17,2023-08-09,2023-06-30,2023-08-09,https://github.com/deeleeramone/sec-company-facts/releases/download/parquet-latest/facts_enc-b00019.parquet,True
VST,Utilities,2023-12-31,1692819,Vistra Corp.,https://github.com/deeleeramone/sec-company-facts/releases/download/parquet-latest/primary_tickers.parquet,DOLTHUB_SEC_PARQUET_MIRROR,YAHOO_CHART,2023-12-29,38.52000045776367,,,https://query1.finance.yahoo.com/v8/finance/chart/VST?period1=1577836800&period2=1783296000&interval=1d&events=history&includeAdjustedClose=true,SKIPPED_IN_CORE_SMOKE,10924000000.0,2023-11-07,2023-09-30,,,,502000000.0,2023-11-07,2023-09-30,4572000000.0,2023-11-07,2023-09-30,1262000000.0,2023-11-07,2023-09-30,5506000000.0,2023-11-07,2023-09-30,3225000000.0,2023-11-07,2023-09-30,31945000000.0,2023-11-07,2023-09-30,26424000000.0,2023-11-07,2023-09-30,,,,379102358.0,2023-11-07,2023-09-30,1.25,2023-11-07,2023-09-30,2023-11-07,https://github.com/deeleeramone/sec-company-facts/releases/download/parquet-latest/facts_enc-b00019.parquet,True
VST,Utilities,2024-03-31,1692819,Vistra Corp.,https://github.com/deeleeramone/sec-company-facts/releases/download/parquet-latest/primary_tickers.parquet,DOLTHUB_SEC_PARQUET_MIRROR,YAHOO_CHART,2024-03-28,69.6500015258789,,,https://query1.finance.yahoo.com/v8/finance/chart/VST?period1=1577836800&period2=1783296000&interval=1d&events=history&includeAdjustedClose=true,SKIPPED_IN_CORE_SMOKE,14779000000.0,2024-02-29,2023-12-31,,,,1492000000.0,2024-02-29,2023-12-31,5453000000.0,2024-02-29,2023-12-31,1676000000.0,2024-02-29,2023-12-31,5307000000.0,2024-02-29,2023-12-31,3485000000.0,2024-02-29,2023-12-31,32966000000.0,2024-02-29,2023-12-31,27644000000.0,2024-02-29,2023-12-31,,,,375193110.0,2024-02-29,2023-12-31,3.58,2024-02-29,2023-12-31,2024-02-29,https://github.com/deeleeramone/sec-company-facts/releases/download/parquet-latest/facts_enc-b00019.parquet,True
VST,Utilities,2024-06-30,1692819,Vistra Corp.,https://github.com/deeleeramone/sec-company-facts/releases/download/parquet-latest/primary_tickers.parquet,DOLTHUB_SEC_PARQUET_MIRROR,YAHOO_CHART,2024-06-28,85.9800033569336,,,https://query1.finance.yahoo.com/v8/finance/chart/VST?period1=1577836800&period2=1783296000&interval=1d&events=history&includeAdjustedClose=true,SKIPPED_IN_CORE_SMOKE,3054000000.0,2024-05-10,2024-03-31,,,,18000000.0,2024-05-10,2024-03-31,312000000.0,2024-05-10,2024-03-31,465000000.0,2024-05-10,2024-03-31,7284000000.0,2024-05-10,2024-03-31,1116000000.0,2024-05-10,2024-03-31,38178000000.0,2024-05-10,2024-03-31,30894000000.0,2024-05-10,2024-03-31,,,,348966197.0,2024-05-10,2024-03-31,-0.24,2024-05-10,2024-03-31,2024-05-10,https://github.com/deeleeramone/sec-company-facts/releases/download/parquet-latest/facts_enc-b00019.parquet,True
VST,Utilities,2024-09-30,1692819,Vistra Corp.,https://github.com/deeleeramone/sec-company-facts/releases/download/parquet-latest/primary_tickers.parquet,DOLTHUB_SEC_PARQUET_MIRROR,YAHOO_CHART,2024-09-30,118.54000091552734,,,https://query1.finance.yahoo.com/v8/finance/chart/VST?period1=1577836800&period2=1783296000&interval=1d&events=history&includeAdjustedClose=true,SKIPPED_IN_CORE_SMOKE,3599000000.0,2024-08-09,2024-06-30,,,,467000000.0,2024-08-09,2024-06-30,1508000000.0,2024-08-09,2024-06-30,963000000.0,2024-08-09,2024-06-30,5593000000.0,2024-08-09,2024-06-30,1661000000.0,2024-08-09,2024-06-30,39125000000.0,2024-08-09,2024-06-30,31818000000.0,2024-08-09,2024-06-30,,,,355555429.0,2024-08-09,2024-06-30,0.66,2024-08-09,2024-06-30,2024-08-09,https://github.com/deeleeramone/sec-company-facts/releases/download/parquet-latest/facts_enc-b00019.parquet,True
VST,Utilities,2024-12-31,1692819,Vistra Corp.,https://github.com/deeleeramone/sec-company-facts/releases/download/parquet-latest/primary_tickers.parquet,DOLTHUB_SEC_PARQUET_MIRROR,YAHOO_CHART,2024-12-31,137.8699951171875,,,https://query1.finance.yahoo.com/v8/finance/chart/VST?period1=1577836800&period2=1783296000&interval=1d&events=history&includeAdjustedClose=true,SKIPPED_IN_CORE_SMOKE,4341000000.0,2024-11-08,2024-09-30,,,,2218000000.0,2024-11-08,2024-09-30,3210000000.0,2024-11-08,2024-09-30,1648000000.0,2024-11-08,2024-09-30,5441000000.0,2024-11-08,2024-09-30,905000000.0,2024-11-08,2024-09-30,37878000000.0,2024-11-08,2024-09-30,29225000000.0,2024-11-08,2024-09-30,,,,350203692.0,2024-11-08,2024-09-30,5.25,2024-11-08,2024-09-30,2024-11-08,https://github.com/deeleeramone/sec-company-facts/releases/download/parquet-latest/facts_enc-b00019.parquet,True
VST,Utilities,2025-03-31,1692819,Vistra Corp.,https://github.com/deeleeramone/sec-company-facts/releases/download/parquet-latest/primary_tickers.parquet,DOLTHUB_SEC_PARQUET_MIRROR,YAHOO_CHART,2025-03-31,117.44000244140625,,,https://query1.finance.yahoo.com/v8/finance/chart/VST?period1=1577836800&period2=1783296000&interval=1d&events=history&includeAdjustedClose=true,SKIPPED_IN_CORE_SMOKE,17224000000.0,2025-02-28,2024-12-31,,,,2812000000.0,2025-02-28,2024-12-31,4563000000.0,2025-02-28,2024-12-31,2078000000.0,2025-02-28,2024-12-31,5570000000.0,2025-02-28,2024-12-31,1222000000.0,2025-02-28,2024-12-31,37770000000.0,2025-02-28,2024-12-31,32187000000.0,2025-02-28,2024-12-31,,,,352567060.0,2025-02-28,2024-12-31,7.0,2025-02-28,2024-12-31,2025-02-28,https://github.com/deeleeramone/sec-company-facts/releases/download/parquet-latest/facts_enc-b00019.parquet,True
VST,Utilities,2025-06-30,1692819,Vistra Corp.,https://github.com/deeleeramone/sec-company-facts/releases/download/parquet-latest/primary_tickers.parquet,DOLTHUB_SEC_PARQUET_MIRROR,YAHOO_CHART,2025-06-30,193.80999755859375,,,https://query1.finance.yahoo.com/v8/finance/chart/VST?period1=1577836800&period2=1783296000&interval=1d&events=history&includeAdjustedClose=true,SKIPPED_IN_CORE_SMOKE,3933000000.0,2025-05-08,2025-03-31,,,,-268000000.0,2025-05-08,2025-03-31,599000000.0,2025-05-08,2025-03-31,768000000.0,2025-05-08,2025-03-31,4825000000.0,2025-05-08,2025-03-31,561000000.0,2025-05-08,2025-03-31,38228000000.0,2025-05-08,2025-03-31,33390000000.0,2025-05-08,2025-03-31,,,,339799989.0,2025-05-08,2025-03-31,-0.93,2025-05-08,2025-03-31,2025-05-08,https://github.com/deeleeramone/sec-company-facts/releases/download/parquet-latest/facts_enc-b00019.parquet,True
VST,Utilities,2025-09-30,1692819,Vistra Corp.,https://github.com/deeleeramone/sec-company-facts/releases/download/parquet-latest/primary_tickers.parquet,DOLTHUB_SEC_PARQUET_MIRROR,YAHOO_CHART,2025-09-30,195.9199981689453,,,https://query1.finance.yahoo.com/v8/finance/chart/VST?period1=1577836800&period2=1783296000&interval=1d&events=history&includeAdjustedClose=true,SKIPPED_IN_CORE_SMOKE,8183000000.0,2025-08-08,2025-06-30,,,,327000000.0,2025-08-08,2025-06-30,1171000000.0,2025-08-08,2025-06-30,1458000000.0,2025-08-08,2025-06-30,4823000000.0,2025-08-08,2025-06-30,458000000.0,2025-08-08,2025-06-30,38146000000.0,2025-08-08,2025-06-30,33310000000.0,2025-08-08,2025-06-30,,,,345505188.0,2025-08-08,2025-06-30,0.81,2025-08-08,2025-06-30,2025-08-08,https://github.com/deeleeramone/sec-company-facts/releases/download/parquet-latest/facts_enc-b00019.parquet,True
VST,Utilities,2025-12-31,1692819,Vistra Corp.,https://github.com/deeleeramone/sec-company-facts/releases/download/parquet-latest/primary_tickers.parquet,DOLTHUB_SEC_PARQUET_MIRROR,YAHOO_CHART,2025-12-31,161.3300018310547,,,https://query1.finance.yahoo.com/v8/finance/chart/VST?period1=1577836800&period2=1783296000&interval=1d&events=history&includeAdjustedClose=true,SKIPPED_IN_CORE_SMOKE,4971000000.0,2025-11-07,2025-09-30,,,,711000000.0,2025-11-07,2025-09-30,2638000000.0,2025-11-07,2025-09-30,1916000000.0,2025-11-07,2025-09-30,5223000000.0,2025-11-07,2025-09-30,602000000.0,2025-11-07,2025-09-30,38020000000.0,2025-11-07,2025-09-30,32797000000.0,2025-11-07,2025-09-30,,,,345035160.0,2025-11-07,2025-09-30,1.75,2025-11-07,2025-09-30,2025-11-07,https://github.com/deeleeramone/sec-company-facts/releases/download/parquet-latest/facts_enc-b00019.parquet,True
VST,Utilities,2026-03-31,1692819,Vistra Corp.,https://github.com/deeleeramone/sec-company-facts/releases/download/parquet-latest/primary_tickers.parquet,DOLTHUB_SEC_PARQUET_MIRROR,YAHOO_CHART,2026-03-31,150.3300018310547,,,https://query1.finance.yahoo.com/v8/finance/chart/VST?period1=1577836800&period2=1783296000&interval=1d&events=history&includeAdjustedClose=true,SKIPPED_IN_CORE_SMOKE,17738000000.0,2026-02-27,2025-12-31,,,,944000000.0,2026-02-27,2025-12-31,4070000000.0,2026-02-27,2025-12-31,2752000000.0,2026-02-27,2025-12-31,5110000000.0,2026-02-27,2025-12-31,785000000.0,2026-02-27,2025-12-31,41550000000.0,2026-02-27,2025-12-31,36440000000.0,2026-02-27,2025-12-31,,,,345656067.0,2026-02-27,2025-12-31,2.18,2026-02-27,2025-12-31,2026-02-27,https://github.com/deeleeramone/sec-company-facts/releases/download/parquet-latest/facts_enc-b00019.parquet,True
VST,Utilities,2026-06-30,1692819,Vistra Corp.,https://github.com/deeleeramone/sec-company-facts/releases/download/parquet-latest/primary_tickers.parquet,DOLTHUB_SEC_PARQUET_MIRROR,YAHOO_CHART,2026-06-30,158.6300048828125,,,https://query1.finance.yahoo.com/v8/finance/chart/VST?period1=1577836800&period2=1783296000&interval=1d&events=history&includeAdjustedClose=true,SKIPPED_IN_CORE_SMOKE,5001000000.0,2026-05-08,2026-03-31,,,,1029000000.0,2026-05-08,2026-03-31,1199000000.0,2026-05-08,2026-03-31,883000000.0,2026-05-08,2026-03-31,5597000000.0,2026-05-08,2026-03-31,634000000.0,2026-05-08,2026-03-31,41308000000.0,2026-05-08,2026-03-31,35698000000.0,2026-05-08,2026-03-31,,,,341856774.0,2026-05-08,2026-03-31,2.87,2026-05-08,2026-03-31,2026-05-08,https://github.com/deeleeramone/sec-company-facts/releases/download/parquet-latest/facts_enc-b00019.parquet,True
MPC,Energy,2021-03-31,1510295,Marathon Petroleum Corp,https://github.com/deeleeramone/sec-company-facts/releases/download/parquet-latest/primary_tickers.parquet,DOLTHUB_SEC_PARQUET_MIRROR,YAHOO_CHART,2021-03-31,53.4900016784668,,,https://query1.finance.yahoo.com/v8/finance/chart/MPC?period1=1577836800&period2=1783296000&interval=1d&events=history&includeAdjustedClose=true,SKIPPED_IN_CORE_SMOKE,17972000000.0,2021-02-26,2020-12-31,,,,-9977000000.0,2021-02-26,2020-12-31,2419000000.0,2021-02-26,2020-12-31,2787000000.0,2021-02-26,2020-12-31,22199000000.0,2021-02-26,2020-12-31,415000000.0,2021-02-26,2020-12-31,85158000000.0,2021-02-26,2020-12-31,54938000000.0,2021-02-26,2020-12-31,3304000000.0,2012-05-09,2012-03-31,649000000.0,2021-02-26,2020-12-31,-15.13,2021-02-26,2020-12-31,2021-02-26,https://github.com/deeleeramone/sec-company-facts/releases/download/parquet-latest/facts_enc-b00023.parquet,True
MPC,Energy,2021-06-30,1510295,Marathon Petroleum Corp,https://github.com/deeleeramone/sec-company-facts/releases/download/parquet-latest/primary_tickers.parquet,DOLTHUB_SEC_PARQUET_MIRROR,YAHOO_CHART,2021-06-30,60.41999816894531,,,https://query1.finance.yahoo.com/v8/finance/chart/MPC?period1=1577836800&period2=1783296000&interval=1d&events=history&includeAdjustedClose=true,SKIPPED_IN_CORE_SMOKE,22711000000.0,2021-05-06,2021-03-31,,,,-242000000.0,2021-05-06,2021-03-31,454000000.0,2021-05-06,2021-03-31,304000000.0,2021-05-06,2021-03-31,28511000000.0,2021-05-06,2021-03-31,625000000.0,2021-05-06,2021-03-31,86651000000.0,2021-05-06,2021-03-31,57172000000.0,2021-05-06,2021-03-31,3304000000.0,2012-05-09,2012-03-31,651000000.0,2021-05-06,2021-03-31,-0.37,2021-05-06,2021-03-31,2021-05-06,https://github.com/deeleeramone/sec-company-facts/releases/download/parquet-latest/facts_enc-b00023.parquet,True
MPC,Energy,2021-09-30,1510295,Marathon Petroleum Corp,https://github.com/deeleeramone/sec-company-facts/releases/download/parquet-latest/primary_tickers.parquet,DOLTHUB_SEC_PARQUET_MIRROR,YAHOO_CHART,2021-09-30,61.810001373291016,,,https://query1.finance.yahoo.com/v8/finance/chart/MPC?period1=1577836800&period2=1783296000&interval=1d&events=history&includeAdjustedClose=true,SKIPPED_IN_CORE_SMOKE,52326000000.0,2021-08-04,2021-06-30,,,,8270000000.0,2021-08-04,2021-06-30,1834000000.0,2021-08-04,2021-06-30,606000000.0,2021-08-04,2021-06-30,28921000000.0,2021-08-04,2021-06-30,11839000000.0,2021-08-04,2021-06-30,94300000000.0,2021-08-04,2021-06-30,57607000000.0,2021-08-04,2021-06-30,3304000000.0,2012-05-09,2012-03-31,654000000.0,2021-08-04,2021-06-30,12.71,2021-08-04,2021-06-30,2021-08-04,https://github.com/deeleeramone/sec-company-facts/releases/download/parquet-latest/facts_enc-b00023.parquet,True
MPC,Energy,2021-12-31,1510295,Marathon Petroleum Corp,https://github.com/deeleeramone/sec-company-facts/releases/download/parquet-latest/primary_tickers.parquet,DOLTHUB_SEC_PARQUET_MIRROR,YAHOO_CHART,2021-12-31,63.9900016784668,,,https://query1.finance.yahoo.com/v8/finance/chart/MPC?period1=1577836800&period2=1783296000&interval=1d&events=history&includeAdjustedClose=true,SKIPPED_IN_CORE_SMOKE,32321000000.0,2021-11-02,2021-09-30,,,,8964000000.0,2021-11-02,2021-09-30,686000000.0,2021-11-02,2021-09-30,983000000.0,2021-11-02,2021-09-30,28280000000.0,2021-11-02,2021-09-30,5874000000.0,2021-11-02,2021-09-30,89300000000.0,2021-11-02,2021-09-30,53336000000.0,2021-11-02,2021-09-30,3304000000.0,2012-05-09,2012-03-31,637000000.0,2021-11-02,2021-09-30,1.09,2021-11-02,2021-09-30,2021-11-02,https://github.com/deeleeramone/sec-company-facts/releases/download/parquet-latest/facts_enc-b00023.parquet,True
MPC,Energy,2022-03-31,1510295,Marathon Petroleum Corp,https://github.com/deeleeramone/sec-company-facts/releases/download/parquet-latest/primary_tickers.parquet,DOLTHUB_SEC_PARQUET_MIRROR,YAHOO_CHART,2022-03-31,85.5,,,https://query1.finance.yahoo.com/v8/finance/chart/MPC?period1=1577836800&period2=1783296000&interval=1d&events=history&includeAdjustedClose=true,SKIPPED_IN_CORE_SMOKE,119983000000.0,2022-02-24,2021-12-31,,,,11001000000.0,2022-02-24,2021-12-31,4360000000.0,2022-02-24,2021-12-31,1464000000.0,2022-02-24,2021-12-31,26206000000.0,2022-02-24,2021-12-31,5291000000.0,2022-02-24,2021-12-31,85373000000.0,2022-02-24,2021-12-31,51792000000.0,2022-02-24,2021-12-31,3304000000.0,2012-05-09,2012-03-31,638000000.0,2022-02-24,2021-12-31,15.24,2022-02-24,2021-12-31,2022-02-24,https://github.com/deeleeramone/sec-company-facts/releases/download/parquet-latest/facts_enc-b00023.parquet,True
MPC,Energy,2022-06-30,1510295,Marathon Petroleum Corp,https://github.com/deeleeramone/sec-company-facts/releases/download/parquet-latest/primary_tickers.parquet,DOLTHUB_SEC_PARQUET_MIRROR,YAHOO_CHART,2022-06-30,82.20999908447266,,,https://query1.finance.yahoo.com/v8/finance/chart/MPC?period1=1577836800&period2=1783296000&interval=1d&events=history&includeAdjustedClose=true,SKIPPED_IN_CORE_SMOKE,38058000000.0,2022-05-03,2022-03-31,,,,845000000.0,2022-05-03,2022-03-31,2513000000.0,2022-05-03,2022-03-31,495000000.0,2022-05-03,2022-03-31,23972000000.0,2022-05-03,2022-03-31,7151000000.0,2022-05-03,2022-03-31,90952000000.0,2022-05-03,2022-03-31,59653000000.0,2022-05-03,2022-03-31,3304000000.0,2012-05-09,2012-03-31,568000000.0,2022-05-03,2022-03-31,1.49,2022-05-03,2022-03-31,2022-05-03,https://github.com/deeleeramone/sec-company-facts/releases/download/parquet-latest/facts_enc-b00023.parquet,True
MPC,Energy,2022-09-30,1510295,Marathon Petroleum Corp,https://github.com/deeleeramone/sec-company-facts/releases/download/parquet-latest/primary_tickers.parquet,DOLTHUB_SEC_PARQUET_MIRROR,YAHOO_CHART,2022-09-30,99.33000183105469,,,https://query1.finance.yahoo.com/v8/finance/chart/MPC?period1=1577836800&period2=1783296000&interval=1d&events=history&includeAdjustedClose=true,SKIPPED_IN_CORE_SMOKE,53795000000.0,2022-08-02,2022-06-30,,,,6718000000.0,2022-08-02,2022-06-30,9465000000.0,2022-08-02,2022-06-30,993000000.0,2022-08-02,2022-06-30,32704000000.0,2022-08-02,2022-06-30,9083000000.0,2022-08-02,2022-06-30,96737000000.0,2022-08-02,2022-06-30,63068000000.0,2022-08-02,2022-06-30,3304000000.0,2012-05-09,2012-03-31,536000000.0,2022-08-02,2022-06-30,10.95,2022-08-02,2022-06-30,2022-08-02,https://github.com/deeleeramone/sec-company-facts/releases/download/parquet-latest/facts_enc-b00023.parquet,True
MPC,Energy,2022-12-31,1510295,Marathon Petroleum Corp,https://github.com/deeleeramone/sec-company-facts/releases/download/parquet-latest/primary_tickers.parquet,DOLTHUB_SEC_PARQUET_MIRROR,YAHOO_CHART,2022-12-30,116.38999938964844,,,https://query1.finance.yahoo.com/v8/finance/chart/MPC?period1=1577836800&period2=1783296000&interval=1d&events=history&includeAdjustedClose=true,SKIPPED_IN_CORE_SMOKE,45787000000.0,2022-11-01,2022-09-30,,,,12409000000.0,2022-11-01,2022-09-30,11979000000.0,2022-11-01,2022-09-30,1694000000.0,2022-11-01,2022-09-30,32808000000.0,2022-11-01,2022-09-30,7376000000.0,2022-11-01,2022-09-30,89694000000.0,2022-11-01,2022-09-30,55919000000.0,2022-11-01,2022-09-30,3304000000.0,2012-05-09,2012-03-31,494000000.0,2022-11-01,2022-09-30,21.04,2022-11-01,2022-09-30,2022-11-01,https://github.com/deeleeramone/sec-company-facts/releases/download/parquet-latest/facts_enc-b00023.parquet,True
MPC,Energy,2023-03-31,1510295,Marathon Petroleum Corp,https://github.com/deeleeramone/sec-company-facts/releases/download/parquet-latest/primary_tickers.parquet,DOLTHUB_SEC_PARQUET_MIRROR,YAHOO_CHART,2023-03-31,134.8300018310547,,,https://query1.finance.yahoo.com/v8/finance/chart/MPC?period1=1577836800&period2=1783296000&interval=1d&events=history&includeAdjustedClose=true,SKIPPED_IN_CORE_SMOKE,177453000000.0,2023-02-23,2022-12-31,,,,14516000000.0,2023-02-23,2022-12-31,16361000000.0,2023-02-23,2022-12-31,2420000000.0,2023-02-23,2022-12-31,27715000000.0,2023-02-23,2022-12-31,8631000000.0,2023-02-23,2022-12-31,89904000000.0,2023-02-23,2022-12-31,54817000000.0,2023-02-23,2022-12-31,3304000000.0,2012-05-09,2012-03-31,516000000.0,2023-02-23,2022-12-31,28.12,2023-02-23,2022-12-31,2023-02-23,https://github.com/deeleeramone/sec-company-facts/releases/download/parquet-latest/facts_enc-b00023.parquet,True
MPC,Energy,2023-06-30,1510295,Marathon Petroleum Corp,https://github.com/deeleeramone/sec-company-facts/releases/download/parquet-latest/primary_tickers.parquet,DOLTHUB_SEC_PARQUET_MIRROR,YAHOO_CHART,2023-06-30,116.5999984741211,,,https://query1.finance.yahoo.com/v8/finance/chart/MPC?period1=1577836800&period2=1783296000&interval=1d&events=history&includeAdjustedClose=true,SKIPPED_IN_CORE_SMOKE,34864000000.0,2023-05-02,2023-03-31,,,,2724000000.0,2023-05-02,2023-03-31,4057000000.0,2023-05-02,2023-03-31,457000000.0,2023-05-02,2023-03-31,32695000000.0,2023-05-02,2023-03-31,7960000000.0,2023-05-02,2023-03-31,87037000000.0,2023-05-02,2023-03-31,53374000000.0,2023-05-02,2023-03-31,3304000000.0,2012-05-09,2012-03-31,447000000.0,2023-05-02,2023-03-31,6.09,2023-05-02,2023-03-31,2023-05-02,https://github.com/deeleeramone/sec-company-facts/releases/download/parquet-latest/facts_enc-b00023.parquet,True
MPC,Energy,2023-09-30,1510295,Marathon Petroleum Corp,https://github.com/deeleeramone/sec-company-facts/releases/download/parquet-latest/primary_tickers.parquet,DOLTHUB_SEC_PARQUET_MIRROR,YAHOO_CHART,2023-09-29,151.33999633789062,,,https://query1.finance.yahoo.com/v8/finance/chart/MPC?period1=1577836800&period2=1783296000&interval=1d&events=history&includeAdjustedClose=true,SKIPPED_IN_CORE_SMOKE,36343000000.0,2023-08-01,2023-06-30,,,,5664000000.0,2023-08-01,2023-06-30,8041000000.0,2023-08-01,2023-06-30,938000000.0,2023-08-01,2023-06-30,31600000000.0,2023-08-01,2023-06-30,7345000000.0,2023-08-01,2023-06-30,86442000000.0,2023-08-01,2023-06-30,53874000000.0,2023-08-01,2023-06-30,3304000000.0,2012-05-09,2012-03-31,419000000.0,2023-08-01,2023-06-30,5.32,2023-08-01,2023-06-30,2023-08-01,https://github.com/deeleeramone/sec-company-facts/releases/download/parquet-latest/facts_enc-b00023.parquet,True
MPC,Energy,2023-12-31,1510295,Marathon Petroleum Corp,https://github.com/deeleeramone/sec-company-facts/releases/download/parquet-latest/primary_tickers.parquet,DOLTHUB_SEC_PARQUET_MIRROR,YAHOO_CHART,2023-12-29,148.36000061035156,,,https://query1.finance.yahoo.com/v8/finance/chart/MPC?period1=1577836800&period2=1783296000&interval=1d&events=history&includeAdjustedClose=true,SKIPPED_IN_CORE_SMOKE,40917000000.0,2023-10-31,2023-09-30,,,,9295000000.0,2023-10-31,2023-09-30,12994000000.0,2023-10-31,2023-09-30,1358000000.0,2023-10-31,2023-09-30,31828000000.0,2023-10-31,2023-09-30,8452000000.0,2023-10-31,2023-09-30,89969000000.0,2023-10-31,2023-09-30,57171000000.0,2023-10-31,2023-09-30,3304000000.0,2012-05-09,2012-03-31,396000000.0,2023-10-31,2023-09-30,8.28,2023-10-31,2023-09-30,2023-10-31,https://github.com/deeleeramone/sec-company-facts/releases/download/parquet-latest/facts_enc-b00023.parquet,True
MPC,Energy,2024-03-31,1510295,Marathon Petroleum Corp,https://github.com/deeleeramone/sec-company-facts/releases/download/parquet-latest/primary_tickers.parquet,DOLTHUB_SEC_PARQUET_MIRROR,YAHOO_CHART,2024-03-28,201.5,,,https://query1.finance.yahoo.com/v8/finance/chart/MPC?period1=1577836800&period2=1783296000&interval=1d&events=history&includeAdjustedClose=true,SKIPPED_IN_CORE_SMOKE,148379000000.0,2024-02-28,2023-12-31,,,,9681000000.0,2024-02-28,2023-12-31,14117000000.0,2024-02-28,2023-12-31,1890000000.0,2024-02-28,2023-12-31,24404000000.0,2024-02-28,2023-12-31,5446000000.0,2024-02-28,2023-12-31,85987000000.0,2024-02-28,2023-12-31,54588000000.0,2024-02-28,2023-12-31,3304000000.0,2012-05-09,2012-03-31,409000000.0,2024-02-28,2023-12-31,23.63,2024-02-28,2023-12-31,2024-02-28,https://github.com/deeleeramone/sec-company-facts/releases/download/parquet-latest/facts_enc-b00023.parquet,True
MPC,Energy,2024-06-30,1510295,Marathon Petroleum Corp,https://github.com/deeleeramone/sec-company-facts/releases/download/parquet-latest/primary_tickers.parquet,DOLTHUB_SEC_PARQUET_MIRROR,YAHOO_CHART,2024-06-28,173.47999572753906,,,https://query1.finance.yahoo.com/v8/finance/chart/MPC?period1=1577836800&period2=1783296000&interval=1d&events=history&includeAdjustedClose=true,SKIPPED_IN_CORE_SMOKE,32706000000.0,2024-04-30,2024-03-31,,,,1312000000.0,2024-04-30,2024-03-31,1532000000.0,2024-04-30,2024-03-31,585000000.0,2024-04-30,2024-03-31,29210000000.0,2024-04-30,2024-03-31,3175000000.0,2024-04-30,2024-03-31,85528000000.0,2024-04-30,2024-03-31,55757000000.0,2024-04-30,2024-03-31,3304000000.0,2012-05-09,2012-03-31,362000000.0,2024-04-30,2024-03-31,2.58,2024-04-30,2024-03-31,2024-04-30,https://github.com/deeleeramone/sec-company-facts/releases/download/parquet-latest/facts_enc-b00023.parquet,True
MPC,Energy,2024-09-30,1510295,Marathon Petroleum Corp,https://github.com/deeleeramone/sec-company-facts/releases/download/parquet-latest/primary_tickers.parquet,DOLTHUB_SEC_PARQUET_MIRROR,YAHOO_CHART,2024-09-30,162.91000366210938,,,https://query1.finance.yahoo.com/v8/finance/chart/MPC?period1=1577836800&period2=1783296000&interval=1d&events=history&includeAdjustedClose=true,SKIPPED_IN_CORE_SMOKE,37914000000.0,2024-08-06,2024-06-30,,,,2452000000.0,2024-08-06,2024-06-30,4774000000.0,2024-08-06,2024-06-30,1072000000.0,2024-08-06,2024-06-30,27886000000.0,2024-08-06,2024-06-30,4443000000.0,2024-08-06,2024-06-30,85229000000.0,2024-08-06,2024-06-30,57141000000.0,2024-08-06,2024-06-30,3304000000.0,2012-05-09,2012-03-31,350000000.0,2024-08-06,2024-06-30,6.88,2024-08-06,2024-06-30,2024-08-06,https://github.com/deeleeramone/sec-company-facts/releases/download/parquet-latest/facts_enc-b00023.parquet,True
MPC,Energy,2024-12-31,1510295,Marathon Petroleum Corp,https://github.com/deeleeramone/sec-company-facts/releases/download/parquet-latest/primary_tickers.parquet,DOLTHUB_SEC_PARQUET_MIRROR,YAHOO_CHART,2024-12-31,139.5,,,https://query1.finance.yahoo.com/v8/finance/chart/MPC?period1=1577836800&period2=1783296000&interval=1d&events=history&includeAdjustedClose=true,SKIPPED_IN_CORE_SMOKE,35107000000.0,2024-11-05,2024-09-30,,,,4282000000.0,2024-11-05,2024-09-30,6458000000.0,2024-11-05,2024-09-30,1723000000.0,2024-11-05,2024-09-30,18933000000.0,2024-11-05,2024-09-30,4004000000.0,2024-11-05,2024-09-30,79833000000.0,2024-11-05,2024-09-30,54121000000.0,2024-11-05,2024-09-30,3304000000.0,2012-05-09,2012-03-31,332000000.0,2024-11-05,2024-09-30,8.83,2024-11-05,2024-09-30,2024-11-05,https://github.com/deeleeramone/sec-company-facts/releases/download/parquet-latest/facts_enc-b00023.parquet,True
MPC,Energy,2025-03-31,1510295,Marathon Petroleum Corp,https://github.com/deeleeramone/sec-company-facts/releases/download/parquet-latest/primary_tickers.parquet,DOLTHUB_SEC_PARQUET_MIRROR,YAHOO_CHART,2025-03-31,145.69000244140625,,,https://query1.finance.yahoo.com/v8/finance/chart/MPC?period1=1577836800&period2=1783296000&interval=1d&events=history&includeAdjustedClose=true,SKIPPED_IN_CORE_SMOKE,138864000000.0,2025-02-27,2024-12-31,,,,3445000000.0,2025-02-27,2024-12-31,8665000000.0,2025-02-27,2024-12-31,2533000000.0,2025-02-27,2024-12-31,24303000000.0,2025-02-27,2024-12-31,3211000000.0,2025-02-27,2024-12-31,78858000000.0,2025-02-27,2024-12-31,54352000000.0,2025-02-27,2024-12-31,3304000000.0,2012-05-09,2012-03-31,341000000.0,2025-02-27,2024-12-31,10.08,2025-02-27,2024-12-31,2025-02-27,https://github.com/deeleeramone/sec-company-facts/releases/download/parquet-latest/facts_enc-b00023.parquet,True
MPC,Energy,2025-06-30,1510295,Marathon Petroleum Corp,https://github.com/deeleeramone/sec-company-facts/releases/download/parquet-latest/primary_tickers.parquet,DOLTHUB_SEC_PARQUET_MIRROR,YAHOO_CHART,2025-06-30,166.11000061035156,,,https://query1.finance.yahoo.com/v8/finance/chart/MPC?period1=1577836800&period2=1783296000&interval=1d&events=history&includeAdjustedClose=true,SKIPPED_IN_CORE_SMOKE,31517000000.0,2025-05-06,2025-03-31,,,,-74000000.0,2025-05-06,2025-03-31,-64000000.0,2025-05-06,2025-03-31,663000000.0,2025-05-06,2025-03-31,16396000000.0,2025-05-06,2025-03-31,3813000000.0,2025-05-06,2025-03-31,81633000000.0,2025-05-06,2025-03-31,58568000000.0,2025-05-06,2025-03-31,3304000000.0,2012-05-09,2012-03-31,313000000.0,2025-05-06,2025-03-31,-0.24,2025-05-06,2025-03-31,2025-05-06,https://github.com/deeleeramone/sec-company-facts/releases/download/parquet-latest/facts_enc-b00023.parquet,True
MPC,Energy,2025-09-30,1510295,Marathon Petroleum Corp,https://github.com/deeleeramone/sec-company-facts/releases/download/parquet-latest/primary_tickers.parquet,DOLTHUB_SEC_PARQUET_MIRROR,YAHOO_CHART,2025-09-30,192.74000549316406,,,https://query1.finance.yahoo.com/v8/finance/chart/MPC?period1=1577836800&period2=1783296000&interval=1d&events=history&includeAdjustedClose=true,SKIPPED_IN_CORE_SMOKE,65316000000.0,2025-08-05,2025-06-30,,,,1142000000.0,2025-08-05,2025-06-30,2575000000.0,2025-08-05,2025-06-30,1358000000.0,2025-08-05,2025-06-30,16624000000.0,2025-08-05,2025-06-30,1673000000.0,2025-08-05,2025-06-30,78484000000.0,2025-08-05,2025-06-30,55220000000.0,2025-08-05,2025-06-30,3304000000.0,2012-05-09,2012-03-31,310000000.0,2025-08-05,2025-06-30,3.68,2025-08-05,2025-06-30,2025-08-05,https://github.com/deeleeramone/sec-company-facts/releases/download/parquet-latest/facts_enc-b00023.parquet,True
MPC,Energy,2025-12-31,1510295,Marathon Petroleum Corp,https://github.com/deeleeramone/sec-company-facts/releases/download/parquet-latest/primary_tickers.parquet,DOLTHUB_SEC_PARQUET_MIRROR,YAHOO_CHART,2025-12-31,162.6300048828125,,,https://query1.finance.yahoo.com/v8/finance/chart/MPC?period1=1577836800&period2=1783296000&interval=1d&events=history&includeAdjustedClose=true,SKIPPED_IN_CORE_SMOKE,34809000000.0,2025-11-04,2025-09-30,,,,1943000000.0,2025-11-04,2025-09-30,5184000000.0,2025-11-04,2025-09-30,2305000000.0,2025-11-04,2025-09-30,23889000000.0,2025-11-04,2025-09-30,2654000000.0,2025-11-04,2025-09-30,83240000000.0,2025-11-04,2025-09-30,59351000000.0,2025-11-04,2025-09-30,3304000000.0,2012-05-09,2012-03-31,308000000.0,2025-11-04,2025-09-30,8.15,2025-11-04,2025-09-30,2025-11-04,https://github.com/deeleeramone/sec-company-facts/releases/download/parquet-latest/facts_enc-b00023.parquet,True
MPC,Energy,2026-03-31,1510295,Marathon Petroleum Corp,https://github.com/deeleeramone/sec-company-facts/releases/download/parquet-latest/primary_tickers.parquet,DOLTHUB_SEC_PARQUET_MIRROR,YAHOO_CHART,2026-03-31,244.17999267578125,,,https://query1.finance.yahoo.com/v8/finance/chart/MPC?period1=1577836800&period2=1783296000&interval=1d&events=history&includeAdjustedClose=true,SKIPPED_IN_CORE_SMOKE,132699000000.0,2026-02-26,2025-12-31,,,,4047000000.0,2026-02-26,2025-12-31,8253000000.0,2026-02-26,2025-12-31,3486000000.0,2026-02-26,2025-12-31,17314000000.0,2026-02-26,2025-12-31,3672000000.0,2026-02-26,2025-12-31,83955000000.0,2026-02-26,2025-12-31,59869000000.0,2026-02-26,2025-12-31,3304000000.0,2012-05-09,2012-03-31,306000000.0,2026-02-26,2025-12-31,13.22,2026-02-26,2025-12-31,2026-02-26,https://github.com/deeleeramone/sec-company-facts/releases/download/parquet-latest/facts_enc-b00023.parquet,True
MPC,Energy,2026-06-30,1510295,Marathon Petroleum Corp,https://github.com/deeleeramone/sec-company-facts/releases/download/parquet-latest/primary_tickers.parquet,DOLTHUB_SEC_PARQUET_MIRROR,YAHOO_CHART,2026-06-30,255.6699981689453,,,https://query1.finance.yahoo.com/v8/finance/chart/MPC?period1=1577836800&period2=1783296000&interval=1d&events=history&includeAdjustedClose=true,SKIPPED_IN_CORE_SMOKE,34200000000.0,2026-05-05,2026-03-31,,,,511000000.0,2026-05-05,2026-03-31,1121000000.0,2026-05-05,2026-03-31,913000000.0,2026-05-05,2026-03-31,16753000000.0,2026-05-05,2026-03-31,2151000000.0,2026-05-05,2026-03-31,88187000000.0,2026-05-05,2026-03-31,64760000000.0,2026-05-05,2026-03-31,3304000000.0,2012-05-09,2012-03-31,295000000.0,2026-05-05,2026-03-31,1.73,2026-05-05,2026-03-31,2026-05-05,https://github.com/deeleeramone/sec-company-facts/releases/download/parquet-latest/facts_enc-b00023.parquet,True
CNX,Energy,2021-03-31,1070412,CNX Resources Corp,https://github.com/deeleeramone/sec-company-facts/releases/download/parquet-latest/primary_tickers.parquet,DOLTHUB_SEC_PARQUET_MIRROR,YAHOO_CHART,2021-03-31,14.699999809265137,,,https://query1.finance.yahoo.com/v8/finance/chart/CNX?period1=1577836800&period2=1783296000&interval=1d&events=history&includeAdjustedClose=true,SKIPPED_IN_CORE_SMOKE,1257978000.0,2021-02-09,2020-12-31,,,,195758000.0,2021-02-09,2020-12-31,795071000.0,2021-02-09,2020-12-31,487291000.0,2021-02-09,2020-12-31,4422437000.0,2021-02-09,2020-12-31,21599000.0,2021-02-09,2020-12-31,8041764000.0,2021-02-09,2020-12-31,3619327000.0,2021-02-09,2020-12-31,2401427000.0,2021-02-09,2020-12-31,199225441.0,2021-02-09,2020-12-31,-2.43,2021-02-09,2020-12-31,2021-02-09,https://github.com/deeleeramone/sec-company-facts/releases/download/parquet-latest/facts_enc-b00012.parquet,True
CNX,Energy,2021-06-30,1070412,CNX Resources Corp,https://github.com/deeleeramone/sec-company-facts/releases/download/parquet-latest/primary_tickers.parquet,DOLTHUB_SEC_PARQUET_MIRROR,YAHOO_CHART,2021-06-30,13.65999984741211,,,https://query1.finance.yahoo.com/v8/finance/chart/CNX?period1=1577836800&period2=1783296000&interval=1d&events=history&includeAdjustedClose=true,SKIPPED_IN_CORE_SMOKE,473073000.0,2021-04-29,2021-03-31,,,,98025000.0,2021-04-29,2021-03-31,219648000.0,2021-04-29,2021-03-31,123429000.0,2021-04-29,2021-03-31,4510410000.0,2021-04-29,2021-03-31,29610000.0,2021-04-29,2021-03-31,8069237000.0,2021-04-29,2021-03-31,3558827000.0,2021-04-29,2021-03-31,22055000.0,2021-04-29,2021-03-31,228670448.0,2021-04-29,2021-03-31,0.43,2021-04-29,2021-03-31,2021-04-29,https://github.com/deeleeramone/sec-company-facts/releases/download/parquet-latest/facts_enc-b00012.parquet,True
CNX,Energy,2021-09-30,1070412,CNX Resources Corp,https://github.com/deeleeramone/sec-company-facts/releases/download/parquet-latest/primary_tickers.parquet,DOLTHUB_SEC_PARQUET_MIRROR,YAHOO_CHART,2021-09-30,12.619999885559082,,,https://query1.finance.yahoo.com/v8/finance/chart/CNX?period1=1577836800&period2=1783296000&interval=1d&events=history&includeAdjustedClose=true,SKIPPED_IN_CORE_SMOKE,345864000.0,2021-07-29,2021-06-30,,,,-256034000.0,2021-07-29,2021-06-30,458875000.0,2021-07-29,2021-06-30,252387000.0,2021-07-29,2021-06-30,4136931000.0,2021-07-29,2021-06-30,44884000.0,2021-07-29,2021-06-30,8072110000.0,2021-07-29,2021-06-30,3935179000.0,2021-07-29,2021-06-30,23098000.0,2021-07-29,2021-06-30,219897242.0,2021-07-29,2021-06-30,-1.61,2021-07-29,2021-06-30,2021-07-29,https://github.com/deeleeramone/sec-company-facts/releases/download/parquet-latest/facts_enc-b00012.parquet,True
CNX,Energy,2021-12-31,1070412,CNX Resources Corp,https://github.com/deeleeramone/sec-company-facts/releases/download/parquet-latest/primary_tickers.parquet,DOLTHUB_SEC_PARQUET_MIRROR,YAHOO_CHART,2021-12-31,13.75,,,https://query1.finance.yahoo.com/v8/finance/chart/CNX?period1=1577836800&period2=1783296000&interval=1d&events=history&includeAdjustedClose=true,SKIPPED_IN_CORE_SMOKE,-534399000.0,2021-10-28,2021-09-30,,,,-1128956000.0,2021-10-28,2021-09-30,673285000.0,2021-10-28,2021-09-30,349150000.0,2021-10-28,2021-09-30,3186516000.0,2021-10-28,2021-09-30,220751000.0,2021-10-28,2021-09-30,8228153000.0,2021-10-28,2021-09-30,5041637000.0,2021-10-28,2021-09-30,2203731000.0,2021-10-28,2021-09-30,218504542.0,2021-10-28,2021-09-30,-4.05,2021-10-28,2021-09-30,2021-10-28,https://github.com/deeleeramone/sec-company-facts/releases/download/parquet-latest/facts_enc-b00012.parquet,True
CNX,Energy,2022-03-31,1070412,CNX Resources Corp,https://github.com/deeleeramone/sec-company-facts/releases/download/parquet-latest/primary_tickers.parquet,DOLTHUB_SEC_PARQUET_MIRROR,YAHOO_CHART,2022-03-31,20.719999313354492,,,https://query1.finance.yahoo.com/v8/finance/chart/CNX?period1=1577836800&period2=1783296000&interval=1d&events=history&includeAdjustedClose=true,SKIPPED_IN_CORE_SMOKE,756792000.0,2022-02-10,2021-12-31,,,,-498643000.0,2022-02-10,2021-12-31,926357000.0,2022-02-10,2021-12-31,465861000.0,2022-02-10,2021-12-31,3700273000.0,2022-02-10,2021-12-31,3565000.0,2022-02-10,2021-12-31,8100751000.0,2022-02-10,2021-12-31,4400478000.0,2022-02-10,2021-12-31,0.0,2022-02-10,2021-12-31,215971381.0,2022-02-10,2021-12-31,-2.31,2022-02-10,2021-12-31,2022-02-10,https://github.com/deeleeramone/sec-company-facts/releases/download/parquet-latest/facts_enc-b00012.parquet,True
CNX,Energy,2022-06-30,1070412,CNX Resources Corp,https://github.com/deeleeramone/sec-company-facts/releases/download/parquet-latest/primary_tickers.parquet,DOLTHUB_SEC_PARQUET_MIRROR,YAHOO_CHART,2022-06-30,16.459999084472656,,,https://query1.finance.yahoo.com/v8/finance/chart/CNX?period1=1577836800&period2=1783296000&interval=1d&events=history&includeAdjustedClose=true,SKIPPED_IN_CORE_SMOKE,-913098000.0,2022-04-28,2022-03-31,,,,-922941000.0,2022-04-28,2022-03-31,336395000.0,2022-04-28,2022-03-31,122316000.0,2022-04-28,2022-03-31,2569512000.0,2022-04-28,2022-03-31,8570000.0,2022-04-28,2022-03-31,8223524000.0,2022-04-28,2022-03-31,5654012000.0,2022-04-28,2022-03-31,1890790000.0,2022-04-28,2022-03-31,199854257.0,2022-04-28,2022-03-31,-4.62,2022-04-28,2022-03-31,2022-04-28,https://github.com/deeleeramone/sec-company-facts/releases/download/parquet-latest/facts_enc-b00012.parquet,True
CNX,Energy,2022-09-30,1070412,CNX Resources Corp,https://github.com/deeleeramone/sec-company-facts/releases/download/parquet-latest/primary_tickers.parquet,DOLTHUB_SEC_PARQUET_MIRROR,YAHOO_CHART,2022-09-30,15.529999732971191,,,https://query1.finance.yahoo.com/v8/finance/chart/CNX?period1=1577836800&period2=1783296000&interval=1d&events=history&includeAdjustedClose=true,SKIPPED_IN_CORE_SMOKE,420418000.0,2022-07-28,2022-06-30,,,,-889585000.0,2022-07-28,2022-06-30,528362000.0,2022-07-28,2022-06-30,258984000.0,2022-07-28,2022-06-30,2537024000.0,2022-07-28,2022-06-30,238000.0,2022-07-28,2022-06-30,8695890000.0,2022-07-28,2022-06-30,6158866000.0,2022-07-28,2022-06-30,1907074000.0,2022-07-28,2022-06-30,224408694.0,2022-07-28,2022-06-30,-4.52,2022-07-28,2022-06-30,2022-07-28,https://github.com/deeleeramone/sec-company-facts/releases/download/parquet-latest/facts_enc-b00012.parquet,True
CNX,Energy,2022-12-31,1070412,CNX Resources Corp,https://github.com/deeleeramone/sec-company-facts/releases/download/parquet-latest/primary_tickers.parquet,DOLTHUB_SEC_PARQUET_MIRROR,YAHOO_CHART,2022-12-30,16.84000015258789,,,https://query1.finance.yahoo.com/v8/finance/chart/CNX?period1=1577836800&period2=1783296000&interval=1d&events=history&includeAdjustedClose=true,SKIPPED_IN_CORE_SMOKE,-375619000.0,2022-10-27,2022-09-30,,,,-1316657000.0,2022-10-27,2022-09-30,792744000.0,2022-10-27,2022-09-30,392537000.0,2022-10-27,2022-09-30,1976988000.0,2022-10-27,2022-09-30,1594000.0,2022-10-27,2022-09-30,8633126000.0,2022-10-27,2022-09-30,6656138000.0,2022-10-27,2022-09-30,1920440000.0,2022-10-27,2022-09-30,193750735.0,2022-10-27,2022-09-30,-2.28,2022-10-27,2022-09-30,2022-10-27,https://github.com/deeleeramone/sec-company-facts/releases/download/parquet-latest/facts_enc-b00012.parquet,True
CNX,Energy,2023-03-31,1070412,CNX Resources Corp,https://github.com/deeleeramone/sec-company-facts/releases/download/parquet-latest/primary_tickers.parquet,DOLTHUB_SEC_PARQUET_MIRROR,YAHOO_CHART,2023-03-31,16.020000457763672,,,https://query1.finance.yahoo.com/v8/finance/chart/CNX?period1=1577836800&period2=1783296000&interval=1d&events=history&includeAdjustedClose=true,SKIPPED_IN_CORE_SMOKE,1261211000.0,2023-02-09,2022-12-31,,,,-142077000.0,2023-02-09,2022-12-31,1235014000.0,2023-02-09,2022-12-31,565754000.0,2023-02-09,2022-12-31,2950461000.0,2023-02-09,2022-12-31,21321000.0,2023-02-09,2022-12-31,8515773000.0,2023-02-09,2022-12-31,5565312000.0,2023-02-09,2022-12-31,2205735000.0,2023-02-09,2022-12-31,189507682.0,2023-02-09,2022-12-31,-0.75,2023-02-09,2022-12-31,2023-02-09,https://github.com/deeleeramone/sec-company-facts/releases/download/parquet-latest/facts_enc-b00012.parquet,True
CNX,Energy,2023-06-30,1070412,CNX Resources Corp,https://github.com/deeleeramone/sec-company-facts/releases/download/parquet-latest/primary_tickers.parquet,DOLTHUB_SEC_PARQUET_MIRROR,YAHOO_CHART,2023-06-30,17.719999313354492,,,https://query1.finance.yahoo.com/v8/finance/chart/CNX?period1=1577836800&period2=1783296000&interval=1d&events=history&includeAdjustedClose=true,SKIPPED_IN_CORE_SMOKE,1275977000.0,2023-04-27,2023-03-31,,,,710395000.0,2023-04-27,2023-03-31,248738000.0,2023-04-27,2023-03-31,170028000.0,2023-04-27,2023-03-31,3567296000.0,2023-04-27,2023-03-31,2799000.0,2023-04-27,2023-03-31,8340145000.0,2023-04-27,2023-03-31,4772849000.0,2023-04-27,2023-03-31,2203108000.0,2023-04-27,2023-03-31,197144874.0,2023-04-27,2023-03-31,3.61,2023-04-27,2023-03-31,2023-04-27,https://github.com/deeleeramone/sec-company-facts/releases/download/parquet-latest/facts_enc-b00012.parquet,True
CNX,Energy,2023-09-30,1070412,CNX Resources Corp,https://github.com/deeleeramone/sec-company-facts/releases/download/parquet-latest/primary_tickers.parquet,DOLTHUB_SEC_PARQUET_MIRROR,YAHOO_CHART,2023-09-29,22.579999923706055,,,https://query1.finance.yahoo.com/v8/finance/chart/CNX?period1=1577836800&period2=1783296000&interval=1d&events=history&includeAdjustedClose=true,SKIPPED_IN_CORE_SMOKE,2115676000.0,2023-07-27,2023-06-30,,,,1185350000.0,2023-07-27,2023-06-30,447466000.0,2023-07-27,2023-06-30,366013000.0,2023-07-27,2023-06-30,3983187000.0,2023-07-27,2023-06-30,22765000.0,2023-07-27,2023-06-30,8531855000.0,2023-07-27,2023-06-30,4548668000.0,2023-07-27,2023-06-30,2154093000.0,2023-07-27,2023-06-30,195087429.0,2023-07-27,2023-06-30,2.47,2023-07-27,2023-06-30,2023-07-27,https://github.com/deeleeramone/sec-company-facts/releases/download/parquet-latest/facts_enc-b00012.parquet,True
CNX,Energy,2023-12-31,1070412,CNX Resources Corp,https://github.com/deeleeramone/sec-company-facts/releases/download/parquet-latest/primary_tickers.parquet,DOLTHUB_SEC_PARQUET_MIRROR,YAHOO_CHART,2023-12-29,20.0,,,https://query1.finance.yahoo.com/v8/finance/chart/CNX?period1=1577836800&period2=1783296000&interval=1d&events=history&includeAdjustedClose=true,SKIPPED_IN_CORE_SMOKE,2466181000.0,2023-10-25,2023-09-30,,,,1206731000.0,2023-10-25,2023-09-30,653457000.0,2023-10-25,2023-09-30,571655000.0,2023-10-25,2023-09-30,3957314000.0,2023-10-25,2023-09-30,8653000.0,2023-10-25,2023-09-30,8492637000.0,2023-10-25,2023-09-30,4535323000.0,2023-10-25,2023-09-30,1843780000.0,2023-10-25,2023-09-30,190674498.0,2023-10-25,2023-09-30,6.24,2023-10-25,2023-09-30,2023-10-25,https://github.com/deeleeramone/sec-company-facts/releases/download/parquet-latest/facts_enc-b00012.parquet,True
CNX,Energy,2024-03-31,1070412,CNX Resources Corp,https://github.com/deeleeramone/sec-company-facts/releases/download/parquet-latest/primary_tickers.parquet,DOLTHUB_SEC_PARQUET_MIRROR,YAHOO_CHART,2024-03-28,23.719999313354492,,,https://query1.finance.yahoo.com/v8/finance/chart/CNX?period1=1577836800&period2=1783296000&interval=1d&events=history&includeAdjustedClose=true,SKIPPED_IN_CORE_SMOKE,3434948000.0,2024-02-08,2023-12-31,,,,1720716000.0,2024-02-08,2023-12-31,814588000.0,2024-02-08,2023-12-31,679404000.0,2024-02-08,2023-12-31,4361017000.0,2024-02-08,2023-12-31,443000.0,2024-02-08,2023-12-31,8626657000.0,2024-02-08,2023-12-31,4265640000.0,2024-02-08,2023-12-31,325668000.0,2024-02-08,2023-12-31,192013989.0,2024-02-08,2023-12-31,8.99,2024-02-08,2023-12-31,2024-02-08,https://github.com/deeleeramone/sec-company-facts/releases/download/parquet-latest/facts_enc-b00012.parquet,True
CNX,Energy,2024-06-30,1070412,CNX Resources Corp,https://github.com/deeleeramone/sec-company-facts/releases/download/parquet-latest/primary_tickers.parquet,DOLTHUB_SEC_PARQUET_MIRROR,YAHOO_CHART,2024-06-28,24.299999237060547,,,https://query1.finance.yahoo.com/v8/finance/chart/CNX?period1=1577836800&period2=1783296000&interval=1d&events=history&includeAdjustedClose=true,SKIPPED_IN_CORE_SMOKE,384553000.0,2024-04-25,2024-03-31,,,,6851000.0,2024-04-25,2024-03-31,185065000.0,2024-04-25,2024-03-31,168184000.0,2024-04-25,2024-03-31,4309320000.0,2024-04-25,2024-03-31,1988000.0,2024-04-25,2024-03-31,8656642000.0,2024-04-25,2024-03-31,4347322000.0,2024-04-25,2024-03-31,326187000.0,2024-04-25,2024-03-31,156151721.0,2024-04-25,2024-03-31,0.04,2024-04-25,2024-03-31,2024-04-25,https://github.com/deeleeramone/sec-company-facts/releases/download/parquet-latest/facts_enc-b00012.parquet,True
CNX,Energy,2024-09-30,1070412,CNX Resources Corp,https://github.com/deeleeramone/sec-company-facts/releases/download/parquet-latest/primary_tickers.parquet,DOLTHUB_SEC_PARQUET_MIRROR,YAHOO_CHART,2024-09-30,32.56999969482422,,,https://query1.finance.yahoo.com/v8/finance/chart/CNX?period1=1577836800&period2=1783296000&interval=1d&events=history&includeAdjustedClose=true,SKIPPED_IN_CORE_SMOKE,321443000.0,2024-07-25,2024-06-30,,,,-18261000.0,2024-07-25,2024-06-30,376830000.0,2024-07-25,2024-06-30,320100000.0,2024-07-25,2024-06-30,4250645000.0,2024-07-25,2024-06-30,3923000.0,2024-07-25,2024-06-30,8602954000.0,2024-07-25,2024-06-30,4352309000.0,2024-07-25,2024-06-30,326710000.0,2024-07-25,2024-06-30,152608500.0,2024-07-25,2024-06-30,-0.07,2024-07-25,2024-06-30,2024-07-25,https://github.com/deeleeramone/sec-company-facts/releases/download/parquet-latest/facts_enc-b00012.parquet,True
CNX,Energy,2024-12-31,1070412,CNX Resources Corp,https://github.com/deeleeramone/sec-company-facts/releases/download/parquet-latest/primary_tickers.parquet,DOLTHUB_SEC_PARQUET_MIRROR,YAHOO_CHART,2024-12-31,36.66999816894531,,,https://query1.finance.yahoo.com/v8/finance/chart/CNX?period1=1577836800&period2=1783296000&interval=1d&events=history&includeAdjustedClose=true,SKIPPED_IN_CORE_SMOKE,424213000.0,2024-10-24,2024-09-30,,,,54130000.0,2024-10-24,2024-09-30,546982000.0,2024-10-24,2024-09-30,434837000.0,2024-10-24,2024-09-30,4256715000.0,2024-10-24,2024-09-30,1310000.0,2024-10-24,2024-09-30,8538049000.0,2024-10-24,2024-09-30,4281334000.0,2024-10-24,2024-09-30,327236000.0,2024-10-24,2024-09-30,180769646.0,2024-10-24,2024-09-30,0.37,2024-10-24,2024-09-30,2024-10-24,https://github.com/deeleeramone/sec-company-facts/releases/download/parquet-latest/facts_enc-b00012.parquet,True
CNX,Energy,2025-03-31,1070412,CNX Resources Corp,https://github.com/deeleeramone/sec-company-facts/releases/download/parquet-latest/primary_tickers.parquet,DOLTHUB_SEC_PARQUET_MIRROR,YAHOO_CHART,2025-03-31,31.479999542236328,,,https://query1.finance.yahoo.com/v8/finance/chart/CNX?period1=1577836800&period2=1783296000&interval=1d&events=history&includeAdjustedClose=true,SKIPPED_IN_CORE_SMOKE,1266786000.0,2025-02-11,2024-12-31,,,,-90494000.0,2025-02-11,2024-12-31,815779000.0,2025-02-11,2024-12-31,540332000.0,2025-02-11,2024-12-31,4098030000.0,2025-02-11,2024-12-31,55073000.0,2025-02-11,2024-12-31,8511903000.0,2025-02-11,2024-12-31,4413873000.0,2025-02-11,2024-12-31,327766000.0,2025-02-11,2024-12-31,151306438.0,2025-02-11,2024-12-31,-0.6,2025-02-11,2024-12-31,2025-02-11,https://github.com/deeleeramone/sec-company-facts/releases/download/parquet-latest/facts_enc-b00012.parquet,True
CNX,Energy,2025-06-30,1070412,CNX Resources Corp,https://github.com/deeleeramone/sec-company-facts/releases/download/parquet-latest/primary_tickers.parquet,DOLTHUB_SEC_PARQUET_MIRROR,YAHOO_CHART,2025-06-30,33.68000030517578,,,https://query1.finance.yahoo.com/v8/finance/chart/CNX?period1=1577836800&period2=1783296000&interval=1d&events=history&includeAdjustedClose=true,SKIPPED_IN_CORE_SMOKE,82388000.0,2025-04-24,2025-03-31,,,,-197715000.0,2025-04-24,2025-03-31,215656000.0,2025-04-24,2025-03-31,131465000.0,2025-04-24,2025-03-31,3770774000.0,2025-04-24,2025-03-31,2615000.0,2025-04-24,2025-03-31,9046709000.0,2025-04-24,2025-03-31,5275935000.0,2025-04-24,2025-03-31,2353350000.0,2025-04-24,2025-03-31,147778141.0,2025-04-24,2025-03-31,-1.34,2025-04-24,2025-03-31,2025-04-24,https://github.com/deeleeramone/sec-company-facts/releases/download/parquet-latest/facts_enc-b00012.parquet,True
CNX,Energy,2025-09-30,1070412,CNX Resources Corp,https://github.com/deeleeramone/sec-company-facts/releases/download/parquet-latest/primary_tickers.parquet,DOLTHUB_SEC_PARQUET_MIRROR,YAHOO_CHART,2025-09-30,32.119998931884766,,,https://query1.finance.yahoo.com/v8/finance/chart/CNX?period1=1577836800&period2=1783296000&interval=1d&events=history&includeAdjustedClose=true,SKIPPED_IN_CORE_SMOKE,962422000.0,2025-07-24,2025-06-30,,,,234806000.0,2025-07-24,2025-06-30,498147000.0,2025-07-24,2025-06-30,245030000.0,2025-07-24,2025-06-30,4092713000.0,2025-07-24,2025-06-30,3391000.0,2025-07-24,2025-06-30,8987867000.0,2025-07-24,2025-06-30,4895154000.0,2025-07-24,2025-06-30,328837000.0,2025-07-24,2025-06-30,171746596.0,2025-07-24,2025-06-30,2.53,2025-07-24,2025-06-30,2025-07-24,https://github.com/deeleeramone/sec-company-facts/releases/download/parquet-latest/facts_enc-b00012.parquet,True
CNX,Energy,2025-12-31,1070412,CNX Resources Corp,https://github.com/deeleeramone/sec-company-facts/releases/download/parquet-latest/primary_tickers.parquet,DOLTHUB_SEC_PARQUET_MIRROR,YAHOO_CHART,2025-12-31,36.77000045776367,,,https://query1.finance.yahoo.com/v8/finance/chart/CNX?period1=1577836800&period2=1783296000&interval=1d&events=history&includeAdjustedClose=true,SKIPPED_IN_CORE_SMOKE,583840000.0,2025-10-30,2025-09-30,,,,202103000.0,2025-10-30,2025-09-30,731908000.0,2025-10-30,2025-09-30,320574000.0,2025-10-30,2025-09-30,4115573000.0,2025-10-30,2025-09-30,17333000.0,2025-10-30,2025-09-30,8904118000.0,2025-10-30,2025-09-30,4788545000.0,2025-10-30,2025-09-30,2247199000.0,2025-10-30,2025-09-30,167585198.0,2025-10-30,2025-09-30,2.57,2025-10-30,2025-09-30,2025-10-30,https://github.com/deeleeramone/sec-company-facts/releases/download/parquet-latest/facts_enc-b00012.parquet,True
CNX,Energy,2026-03-31,1070412,CNX Resources Corp,https://github.com/deeleeramone/sec-company-facts/releases/download/parquet-latest/primary_tickers.parquet,DOLTHUB_SEC_PARQUET_MIRROR,YAHOO_CHART,2026-03-31,38.54999923706055,,,https://query1.finance.yahoo.com/v8/finance/chart/CNX?period1=1577836800&period2=1783296000&interval=1d&events=history&includeAdjustedClose=true,SKIPPED_IN_CORE_SMOKE,2239134000.0,2026-02-10,2025-12-31,,,,633162000.0,2026-02-10,2025-12-31,1028957000.0,2026-02-10,2025-12-31,494988000.0,2026-02-10,2025-12-31,4337016000.0,2026-02-10,2025-12-31,13464000.0,2026-02-10,2025-12-31,9094446000.0,2026-02-10,2025-12-31,4757430000.0,2026-02-10,2025-12-31,208095000.0,2026-02-10,2025-12-31,160352521.0,2026-02-10,2025-12-31,3.98,2026-02-10,2025-12-31,2026-02-10,https://github.com/deeleeramone/sec-company-facts/releases/download/parquet-latest/facts_enc-b00012.parquet,True
CNX,Energy,2026-06-30,1070412,CNX Resources Corp,https://github.com/deeleeramone/sec-company-facts/releases/download/parquet-latest/primary_tickers.parquet,DOLTHUB_SEC_PARQUET_MIRROR,YAHOO_CHART,2026-06-30,33.93000030517578,,,https://query1.finance.yahoo.com/v8/finance/chart/CNX?period1=1577836800&period2=1783296000&interval=1d&events=history&includeAdjustedClose=true,SKIPPED_IN_CORE_SMOKE,786654000.0,2026-04-30,2026-03-31,,,,348147000.0,2026-04-30,2026-03-31,277513000.0,2026-04-30,2026-03-31,169906000.0,2026-04-30,2026-03-31,4626580000.0,2026-04-30,2026-03-31,6176000.0,2026-04-30,2026-03-31,9131183000.0,2026-04-30,2026-03-31,4504603000.0,2026-04-30,2026-03-31,2158416000.0,2026-04-30,2026-03-31,160288606.0,2026-04-30,2026-03-31,2.18,2026-04-30,2026-03-31,2026-04-30,https://github.com/deeleeramone/sec-company-facts/releases/download/parquet-latest/facts_enc-b00012.parquet,True
RGLD,Materials,2021-03-31,85535,ROYAL GOLD INC,https://github.com/deeleeramone/sec-company-facts/releases/download/parquet-latest/primary_tickers.parquet,DOLTHUB_SEC_PARQUET_MIRROR,YAHOO_CHART,2021-03-31,107.62000274658203,,,https://query1.finance.yahoo.com/v8/finance/chart/RGLD?period1=1577836800&period2=1783296000&interval=1d&events=history&includeAdjustedClose=true,SKIPPED_IN_CORE_SMOKE,158360000.0,2021-02-04,2020-12-31,161649000.0,2021-02-04,2020-12-31,59889000.0,2021-02-04,2020-12-31,194064000.0,2021-02-04,2020-12-31,,,,2404679000.0,2021-02-04,2020-12-31,381859000.0,2021-02-04,2020-12-31,2763734000.0,2021-02-04,2020-12-31,359055000.0,2021-02-04,2020-12-31,195983000.0,2021-02-04,2020-12-31,65625965.0,2021-02-04,2020-12-31,0.91,2021-02-04,2020-12-31,2021-02-04,https://github.com/deeleeramone/sec-company-facts/releases/download/parquet-latest/facts_enc-b00031.parquet,True
RGLD,Materials,2021-06-30,85535,ROYAL GOLD INC,https://github.com/deeleeramone/sec-company-facts/releases/download/parquet-latest/primary_tickers.parquet,DOLTHUB_SEC_PARQUET_MIRROR,YAHOO_CHART,2021-06-30,114.0999984741211,,,https://query1.finance.yahoo.com/v8/finance/chart/RGLD?period1=1577836800&period2=1783296000&interval=1d&events=history&includeAdjustedClose=true,SKIPPED_IN_CORE_SMOKE,447829000.0,2021-05-06,2021-03-31,239732000.0,2021-05-06,2021-03-31,220855000.0,2021-05-06,2021-03-31,286298000.0,2021-05-06,2021-03-31,,,,2440125000.0,2021-05-06,2021-03-31,370260000.0,2021-05-06,2021-03-31,2753526000.0,2021-05-06,2021-03-31,313401000.0,2021-05-06,2021-03-31,146270000.0,2021-05-06,2021-03-31,65621603.0,2021-05-06,2021-03-31,3.36,2021-05-06,2021-03-31,2021-05-06,https://github.com/deeleeramone/sec-company-facts/releases/download/parquet-latest/facts_enc-b00031.parquet,True
RGLD,Materials,2021-09-30,85535,ROYAL GOLD INC,https://github.com/deeleeramone/sec-company-facts/releases/download/parquet-latest/primary_tickers.parquet,DOLTHUB_SEC_PARQUET_MIRROR,YAHOO_CHART,2021-09-30,95.48999786376953,,,https://query1.finance.yahoo.com/v8/finance/chart/RGLD?period1=1577836800&period2=1783296000&interval=1d&events=history&includeAdjustedClose=true,SKIPPED_IN_CORE_SMOKE,615856000.0,2021-08-12,2021-06-30,333002000.0,2021-08-12,2021-06-30,302776000.0,2021-08-12,2021-06-30,407151000.0,2021-08-12,2021-06-30,,,,2503415000.0,2021-08-12,2021-06-30,225916000.0,2021-08-12,2021-06-30,2651605000.0,2021-08-12,2021-06-30,148190000.0,2021-08-12,2021-06-30,300439000.0,2021-08-12,2020-06-30,65627591.0,2021-08-12,2021-06-30,4.6,2021-08-12,2021-06-30,2021-08-12,https://github.com/deeleeramone/sec-company-facts/releases/download/parquet-latest/facts_enc-b00031.parquet,True
RGLD,Materials,2021-12-31,85535,ROYAL GOLD INC,https://github.com/deeleeramone/sec-company-facts/releases/download/parquet-latest/primary_tickers.parquet,DOLTHUB_SEC_PARQUET_MIRROR,YAHOO_CHART,2021-12-31,105.20999908447266,,,https://query1.finance.yahoo.com/v8/finance/chart/RGLD?period1=1577836800&period2=1783296000&interval=1d&events=history&includeAdjustedClose=true,SKIPPED_IN_CORE_SMOKE,174431000.0,2021-11-04,2021-09-30,94628000.0,2021-11-04,2021-09-30,70176000.0,2021-11-04,2021-09-30,129885000.0,2021-11-04,2021-09-30,,,,2541847000.0,2021-11-04,2021-09-30,160208000.0,2021-11-04,2021-09-30,2805677000.0,2021-11-04,2021-09-30,251164000.0,2021-11-04,2021-09-30,95403000.0,2021-11-04,2021-09-30,65627845.0,2021-11-04,2021-09-30,1.07,2021-11-04,2021-09-30,2021-11-04,https://github.com/deeleeramone/sec-company-facts/releases/download/parquet-latest/facts_enc-b00031.parquet,True
RGLD,Materials,2022-03-31,85535,ROYAL GOLD INC,https://github.com/deeleeramone/sec-company-facts/releases/download/parquet-latest/primary_tickers.parquet,DOLTHUB_SEC_PARQUET_MIRROR,YAHOO_CHART,2022-03-31,141.27999877929688,,,https://query1.finance.yahoo.com/v8/finance/chart/RGLD?period1=1577836800&period2=1783296000&interval=1d&events=history&includeAdjustedClose=true,SKIPPED_IN_CORE_SMOKE,174431000.0,2021-11-04,2021-09-30,94628000.0,2021-11-04,2021-09-30,70176000.0,2021-11-04,2021-09-30,129885000.0,2021-11-04,2021-09-30,,,,2541847000.0,2021-11-04,2021-09-30,160208000.0,2021-11-04,2021-09-30,2805677000.0,2021-11-04,2021-09-30,251164000.0,2021-11-04,2021-09-30,95403000.0,2021-11-04,2021-09-30,65627845.0,2021-11-04,2021-09-30,1.07,2021-11-04,2021-09-30,2021-11-04,https://github.com/deeleeramone/sec-company-facts/releases/download/parquet-latest/facts_enc-b00031.parquet,True
RGLD,Materials,2022-06-30,85535,ROYAL GOLD INC,https://github.com/deeleeramone/sec-company-facts/releases/download/parquet-latest/primary_tickers.parquet,DOLTHUB_SEC_PARQUET_MIRROR,YAHOO_CHART,2022-06-30,106.77999877929688,,,https://query1.finance.yahoo.com/v8/finance/chart/RGLD?period1=1577836800&period2=1783296000&interval=1d&events=history&includeAdjustedClose=true,SKIPPED_IN_CORE_SMOKE,162355000.0,2022-05-05,2022-03-31,89632000.0,2022-05-05,2022-03-31,65962000.0,2022-05-05,2022-03-31,101133000.0,2022-05-05,2022-03-31,,,,2633689000.0,2022-05-05,2022-03-31,183707000.0,2022-05-05,2022-03-31,2789852000.0,2022-05-05,2022-03-31,143738000.0,2022-05-05,2022-03-31,95403000.0,2021-11-04,2021-09-30,65644668.0,2022-05-05,2022-03-31,1.0,2022-05-05,2022-03-31,2022-05-05,https://github.com/deeleeramone/sec-company-facts/releases/download/parquet-latest/facts_enc-b00031.parquet,True
RGLD,Materials,2022-09-30,85535,ROYAL GOLD INC,https://github.com/deeleeramone/sec-company-facts/releases/download/parquet-latest/primary_tickers.parquet,DOLTHUB_SEC_PARQUET_MIRROR,YAHOO_CHART,2022-09-30,93.81999969482422,,,https://query1.finance.yahoo.com/v8/finance/chart/RGLD?period1=1577836800&period2=1783296000&interval=1d&events=history&includeAdjustedClose=true,SKIPPED_IN_CORE_SMOKE,146441000.0,2022-08-04,2022-06-30,166970000.0,2022-08-04,2022-06-30,71140000.0,2022-08-04,2022-06-30,221329000.0,2022-08-04,2022-06-30,,,,2684229000.0,2022-08-04,2022-06-30,280617000.0,2022-08-04,2022-06-30,2853046000.0,2022-08-04,2022-06-30,156388000.0,2022-08-04,2022-06-30,95403000.0,2021-11-04,2021-09-30,65678320.0,2022-08-04,2022-06-30,2.08,2022-08-04,2022-06-30,2022-08-04,https://github.com/deeleeramone/sec-company-facts/releases/download/parquet-latest/facts_enc-b00031.parquet,True
RGLD,Materials,2022-12-31,85535,ROYAL GOLD INC,https://github.com/deeleeramone/sec-company-facts/releases/download/parquet-latest/primary_tickers.parquet,DOLTHUB_SEC_PARQUET_MIRROR,YAHOO_CHART,2022-12-30,112.72000122070312,,,https://query1.finance.yahoo.com/v8/finance/chart/RGLD?period1=1577836800&period2=1783296000&interval=1d&events=history&includeAdjustedClose=true,SKIPPED_IN_CORE_SMOKE,131429000.0,2022-11-03,2022-09-30,236423000.0,2022-11-03,2022-09-30,183242000.0,2022-11-03,2022-09-30,316319000.0,2022-11-03,2022-09-30,,,,2719939000.0,2022-11-03,2022-09-30,122238000.0,2022-11-03,2022-09-30,3376793000.0,2022-11-03,2022-09-30,656854000.0,2022-11-03,2022-09-30,446327000.0,2022-11-03,2022-09-30,65661197.0,2022-11-03,2022-09-30,2.78,2022-11-03,2022-09-30,2022-11-03,https://github.com/deeleeramone/sec-company-facts/releases/download/parquet-latest/facts_enc-b00031.parquet,True
RGLD,Materials,2023-03-31,85535,ROYAL GOLD INC,https://github.com/deeleeramone/sec-company-facts/releases/download/parquet-latest/primary_tickers.parquet,DOLTHUB_SEC_PARQUET_MIRROR,YAHOO_CHART,2023-03-31,129.7100067138672,,,https://query1.finance.yahoo.com/v8/finance/chart/RGLD?period1=1577836800&period2=1783296000&interval=1d&events=history&includeAdjustedClose=true,SKIPPED_IN_CORE_SMOKE,603206000.0,2023-02-16,2022-12-31,323101000.0,2023-02-16,2022-12-31,239942000.0,2023-02-16,2022-12-31,417345000.0,2023-02-16,2022-12-31,,,,2753469000.0,2023-02-16,2022-12-31,118586000.0,2023-02-16,2022-12-31,3534522000.0,2023-02-16,2022-12-31,781053000.0,2023-02-16,2022-12-31,571572000.0,2023-02-16,2022-12-31,65661748.0,2023-02-16,2022-12-31,3.63,2023-02-16,2022-12-31,2023-02-16,https://github.com/deeleeramone/sec-company-facts/releases/download/parquet-latest/facts_enc-b00031.parquet,True
RGLD,Materials,2023-06-30,85535,ROYAL GOLD INC,https://github.com/deeleeramone/sec-company-facts/releases/download/parquet-latest/primary_tickers.parquet,DOLTHUB_SEC_PARQUET_MIRROR,YAHOO_CHART,2023-06-30,114.77999877929688,,,https://query1.finance.yahoo.com/v8/finance/chart/RGLD?period1=1577836800&period2=1783296000&interval=1d&events=history&includeAdjustedClose=true,SKIPPED_IN_CORE_SMOKE,170392000.0,2023-05-04,2023-03-31,97169000.0,2023-05-04,2023-03-31,64071000.0,2023-05-04,2023-03-31,108655000.0,2023-05-04,2023-03-31,,,,2794932000.0,2023-05-04,2023-03-31,126816000.0,2023-05-04,2023-03-31,3491032000.0,2023-05-04,2023-03-31,696100000.0,2023-05-04,2023-03-31,496817000.0,2023-05-04,2023-03-31,65709095.0,2023-05-04,2023-03-31,0.97,2023-05-04,2023-03-31,2023-05-04,https://github.com/deeleeramone/sec-company-facts/releases/download/parquet-latest/facts_enc-b00031.parquet,True
RGLD,Materials,2023-09-30,85535,ROYAL GOLD INC,https://github.com/deeleeramone/sec-company-facts/releases/download/parquet-latest/primary_tickers.parquet,DOLTHUB_SEC_PARQUET_MIRROR,YAHOO_CHART,2023-09-29,106.33000183105469,,,https://query1.finance.yahoo.com/v8/finance/chart/RGLD?period1=1577836800&period2=1783296000&interval=1d&events=history&includeAdjustedClose=true,SKIPPED_IN_CORE_SMOKE,314434000.0,2023-08-03,2023-06-30,81104000.0,2023-08-03,2023-06-30,63449000.0,2023-08-03,2023-06-30,216582000.0,2023-08-03,2023-06-30,,,,2823562000.0,2023-08-03,2023-06-30,106157000.0,2023-08-03,2023-06-30,3439709000.0,2023-08-03,2023-06-30,603816000.0,2023-08-03,2023-06-30,395529000.0,2023-08-03,2023-06-30,65762903.0,2023-08-03,2023-06-30,0.97,2023-08-03,2023-06-30,2023-08-03,https://github.com/deeleeramone/sec-company-facts/releases/download/parquet-latest/facts_enc-b00031.parquet,True
RGLD,Materials,2023-12-31,85535,ROYAL GOLD INC,https://github.com/deeleeramone/sec-company-facts/releases/download/parquet-latest/primary_tickers.parquet,DOLTHUB_SEC_PARQUET_MIRROR,YAHOO_CHART,2023-12-29,120.95999908447266,,,https://query1.finance.yahoo.com/v8/finance/chart/RGLD?period1=1577836800&period2=1783296000&interval=1d&events=history&includeAdjustedClose=true,SKIPPED_IN_CORE_SMOKE,453051000.0,2023-11-02,2023-09-30,253878000.0,2023-11-02,2023-09-30,177170000.0,2023-11-02,2023-09-30,314704000.0,2023-11-02,2023-09-30,,,,2849386000.0,2023-11-02,2023-09-30,102901000.0,2023-11-02,2023-09-30,3397163000.0,2023-11-02,2023-09-30,535381000.0,2023-11-02,2023-09-30,320750000.0,2023-11-02,2023-09-30,65757076.0,2023-11-02,2023-09-30,0.75,2023-11-02,2023-09-30,2023-11-02,https://github.com/deeleeramone/sec-company-facts/releases/download/parquet-latest/facts_enc-b00031.parquet,True
RGLD,Materials,2024-03-31,85535,ROYAL GOLD INC,https://github.com/deeleeramone/sec-company-facts/releases/download/parquet-latest/primary_tickers.parquet,DOLTHUB_SEC_PARQUET_MIRROR,YAHOO_CHART,2024-03-28,121.80999755859375,,,https://query1.finance.yahoo.com/v8/finance/chart/RGLD?period1=1577836800&period2=1783296000&interval=1d&events=history&includeAdjustedClose=true,SKIPPED_IN_CORE_SMOKE,605717000.0,2024-02-15,2023-12-31,343394000.0,2024-02-15,2023-12-31,239440000.0,2024-02-15,2023-12-31,415792000.0,2024-02-15,2023-12-31,,,,2888217000.0,2024-02-15,2023-12-31,104167000.0,2024-02-15,2023-12-31,3361057000.0,2024-02-15,2023-12-31,460416000.0,2024-02-15,2023-12-31,245967000.0,2024-02-15,2023-12-31,65739110.0,2024-02-15,2023-12-31,3.63,2024-02-15,2023-12-31,2024-02-15,https://github.com/deeleeramone/sec-company-facts/releases/download/parquet-latest/facts_enc-b00031.parquet,True
RGLD,Materials,2024-06-30,85535,ROYAL GOLD INC,https://github.com/deeleeramone/sec-company-facts/releases/download/parquet-latest/primary_tickers.parquet,DOLTHUB_SEC_PARQUET_MIRROR,YAHOO_CHART,2024-06-28,125.16000366210938,,,https://query1.finance.yahoo.com/v8/finance/chart/RGLD?period1=1577836800&period2=1783296000&interval=1d&events=history&includeAdjustedClose=true,SKIPPED_IN_CORE_SMOKE,148902000.0,2024-05-09,2024-03-31,87019000.0,2024-05-09,2024-03-31,47309000.0,2024-05-09,2024-03-31,138284000.0,2024-05-09,2024-03-31,,,,2911054000.0,2024-05-09,2024-03-31,137950000.0,2024-05-09,2024-03-31,3313308000.0,2024-05-09,2024-03-31,389942000.0,2024-05-09,2024-03-31,146187000.0,2024-05-09,2024-03-31,65740260.0,2024-05-09,2024-03-31,0.72,2024-05-09,2024-03-31,2024-05-09,https://github.com/deeleeramone/sec-company-facts/releases/download/parquet-latest/facts_enc-b00031.parquet,True
RGLD,Materials,2024-09-30,85535,ROYAL GOLD INC,https://github.com/deeleeramone/sec-company-facts/releases/download/parquet-latest/primary_tickers.parquet,DOLTHUB_SEC_PARQUET_MIRROR,YAHOO_CHART,2024-09-30,140.3000030517578,,,https://query1.finance.yahoo.com/v8/finance/chart/RGLD?period1=1577836800&period2=1783296000&interval=1d&events=history&includeAdjustedClose=true,SKIPPED_IN_CORE_SMOKE,174096000.0,2024-08-08,2024-06-30,112683000.0,2024-08-08,2024-06-30,81208000.0,2024-08-08,2024-06-30,251799000.0,2024-08-08,2024-06-30,,,,2981193000.0,2024-08-08,2024-06-30,74232000.0,2024-08-08,2024-06-30,3269021000.0,2024-08-08,2024-06-30,287828000.0,2024-08-08,2024-06-30,0.0,2024-08-08,2024-06-30,65767538.0,2024-08-08,2024-06-30,1.95,2024-08-08,2024-06-30,2024-08-08,https://github.com/deeleeramone/sec-company-facts/releases/download/parquet-latest/facts_enc-b00031.parquet,True
RGLD,Materials,2024-12-31,85535,ROYAL GOLD INC,https://github.com/deeleeramone/sec-company-facts/releases/download/parquet-latest/primary_tickers.parquet,DOLTHUB_SEC_PARQUET_MIRROR,YAHOO_CHART,2024-12-31,131.85000610351562,,,https://query1.finance.yahoo.com/v8/finance/chart/RGLD?period1=1577836800&period2=1783296000&interval=1d&events=history&includeAdjustedClose=true,SKIPPED_IN_CORE_SMOKE,193837000.0,2024-11-07,2024-09-30,129034000.0,2024-11-07,2024-09-30,224615000.0,2024-11-07,2024-09-30,388450000.0,2024-11-07,2024-09-30,,,,3038637000.0,2024-11-07,2024-09-30,127882000.0,2024-11-07,2024-09-30,3301625000.0,2024-11-07,2024-09-30,250697000.0,2024-11-07,2024-09-30,0.0,2024-11-07,2024-09-30,65767668.0,2024-11-07,2024-09-30,1.46,2024-11-07,2024-09-30,2024-11-07,https://github.com/deeleeramone/sec-company-facts/releases/download/parquet-latest/facts_enc-b00031.parquet,True
RGLD,Materials,2025-03-31,85535,ROYAL GOLD INC,https://github.com/deeleeramone/sec-company-facts/releases/download/parquet-latest/primary_tickers.parquet,DOLTHUB_SEC_PARQUET_MIRROR,YAHOO_CHART,2025-03-31,163.50999450683594,,,https://query1.finance.yahoo.com/v8/finance/chart/RGLD?period1=1577836800&period2=1783296000&interval=1d&events=history&includeAdjustedClose=true,SKIPPED_IN_CORE_SMOKE,719395000.0,2025-02-13,2024-12-31,471174000.0,2025-02-13,2024-12-31,332479000.0,2025-02-13,2024-12-31,529503000.0,2025-02-13,2024-12-31,,,,3131206000.0,2025-02-13,2024-12-31,195498000.0,2025-02-13,2024-12-31,3392130000.0,2025-02-13,2024-12-31,260924000.0,2025-02-13,2024-12-31,0.0,2025-02-13,2024-12-31,65776834.0,2025-02-13,2024-12-31,5.04,2025-02-13,2024-12-31,2025-02-13,https://github.com/deeleeramone/sec-company-facts/releases/download/parquet-latest/facts_enc-b00031.parquet,True
RGLD,Materials,2025-06-30,85535,ROYAL GOLD INC,https://github.com/deeleeramone/sec-company-facts/releases/download/parquet-latest/primary_tickers.parquet,DOLTHUB_SEC_PARQUET_MIRROR,YAHOO_CHART,2025-06-30,177.83999633789062,,,https://query1.finance.yahoo.com/v8/finance/chart/RGLD?period1=1577836800&period2=1783296000&interval=1d&events=history&includeAdjustedClose=true,SKIPPED_IN_CORE_SMOKE,193436000.0,2025-05-08,2025-03-31,134254000.0,2025-05-08,2025-03-31,113498000.0,2025-05-08,2025-03-31,136369000.0,2025-05-08,2025-03-31,,,,3215146000.0,2025-05-08,2025-03-31,240760000.0,2025-05-08,2025-03-31,3458318000.0,2025-05-08,2025-03-31,243172000.0,2025-05-08,2025-03-31,0.0,2025-02-13,2024-12-31,65791551.0,2025-05-08,2025-03-31,1.72,2025-05-08,2025-03-31,2025-05-08,https://github.com/deeleeramone/sec-company-facts/releases/download/parquet-latest/facts_enc-b00031.parquet,True
RGLD,Materials,2025-09-30,85535,ROYAL GOLD INC,https://github.com/deeleeramone/sec-company-facts/releases/download/parquet-latest/primary_tickers.parquet,DOLTHUB_SEC_PARQUET_MIRROR,YAHOO_CHART,2025-09-30,200.5800018310547,,,https://query1.finance.yahoo.com/v8/finance/chart/RGLD?period1=1577836800&period2=1783296000&interval=1d&events=history&includeAdjustedClose=true,SKIPPED_IN_CORE_SMOKE,403080000.0,2025-08-07,2025-06-30,286447000.0,2025-08-07,2025-06-30,246052000.0,2025-08-07,2025-06-30,289171000.0,2025-08-07,2025-06-30,,,,3318959000.0,2025-08-07,2025-06-30,248180000.0,2025-08-07,2025-06-30,3572453000.0,2025-08-07,2025-06-30,253494000.0,2025-08-07,2025-06-30,0.0,2025-02-13,2024-12-31,65820530.0,2025-08-07,2025-06-30,3.73,2025-08-07,2025-06-30,2025-08-07,https://github.com/deeleeramone/sec-company-facts/releases/download/parquet-latest/facts_enc-b00031.parquet,True
RGLD,Materials,2025-12-31,85535,ROYAL GOLD INC,https://github.com/deeleeramone/sec-company-facts/releases/download/parquet-latest/primary_tickers.parquet,DOLTHUB_SEC_PARQUET_MIRROR,YAHOO_CHART,2025-12-31,222.2899932861328,,,https://query1.finance.yahoo.com/v8/finance/chart/RGLD?period1=1577836800&period2=1783296000&interval=1d&events=history&includeAdjustedClose=true,SKIPPED_IN_CORE_SMOKE,252068000.0,2025-11-06,2025-09-30,185437000.0,2025-11-06,2025-09-30,377857000.0,2025-11-06,2025-09-30,463141000.0,2025-11-06,2025-09-30,,,,3416567000.0,2025-11-06,2025-09-30,172849000.0,2025-11-06,2025-09-30,4465100000.0,2025-11-06,2025-09-30,1048533000.0,2025-11-06,2025-09-30,770195000.0,2025-11-06,2025-09-30,65814682.0,2025-11-06,2025-09-30,1.92,2025-11-06,2025-09-30,2025-11-06,https://github.com/deeleeramone/sec-company-facts/releases/download/parquet-latest/facts_enc-b00031.parquet,True
RGLD,Materials,2026-03-31,85535,ROYAL GOLD INC,https://github.com/deeleeramone/sec-company-facts/releases/download/parquet-latest/primary_tickers.parquet,DOLTHUB_SEC_PARQUET_MIRROR,YAHOO_CHART,2026-03-31,254.49000549316406,,,https://query1.finance.yahoo.com/v8/finance/chart/RGLD?period1=1577836800&period2=1783296000&interval=1d&events=history&includeAdjustedClose=true,SKIPPED_IN_CORE_SMOKE,1030471000.0,2026-02-19,2025-12-31,714330000.0,2026-02-19,2025-12-31,466281000.0,2026-02-19,2025-12-31,704846000.0,2026-02-19,2025-12-31,,,,7205347000.0,2026-02-19,2025-12-31,233719000.0,2026-02-19,2025-12-31,9537524000.0,2026-02-19,2025-12-31,2332177000.0,2026-02-19,2025-12-31,895436000.0,2026-02-19,2025-12-31,69560911.0,2026-02-19,2025-12-31,6.69,2026-02-19,2025-12-31,2026-02-19,https://github.com/deeleeramone/sec-company-facts/releases/download/parquet-latest/facts_enc-b00031.parquet,True
RGLD,Materials,2026-06-30,85535,ROYAL GOLD INC,https://github.com/deeleeramone/sec-company-facts/releases/download/parquet-latest/primary_tickers.parquet,DOLTHUB_SEC_PARQUET_MIRROR,YAHOO_CHART,2026-06-30,199.61000061035156,,,https://query1.finance.yahoo.com/v8/finance/chart/RGLD?period1=1577836800&period2=1783296000&interval=1d&events=history&includeAdjustedClose=true,SKIPPED_IN_CORE_SMOKE,469125000.0,2026-05-07,2026-03-31,314894000.0,2026-05-07,2026-03-31,281130000.0,2026-05-07,2026-03-31,293562000.0,2026-05-07,2026-03-31,,,,7462264000.0,2026-05-07,2026-03-31,234142000.0,2026-05-07,2026-03-31,9489706000.0,2026-05-07,2026-03-31,2027442000.0,2026-05-07,2026-03-31,595689000.0,2026-05-07,2026-03-31,85017635.0,2026-05-07,2026-03-31,3.3,2026-05-07,2026-03-31,2026-05-07,https://github.com/deeleeramone/sec-company-facts/releases/download/parquet-latest/facts_enc-b00031.parquet,True
GLW,Materials,2021-03-31,24741,CORNING INC /NY,https://github.com/deeleeramone/sec-company-facts/releases/download/parquet-latest/primary_tickers.parquet,DOLTHUB_SEC_PARQUET_MIRROR,YAHOO_CHART,2021-03-31,43.5099983215332,,,https://query1.finance.yahoo.com/v8/finance/chart/GLW?period1=1577836800&period2=1783296000&interval=1d&events=history&includeAdjustedClose=true,SKIPPED_IN_CORE_SMOKE,11303000000.0,2021-02-12,2020-12-31,3531000000.0,2021-02-12,2020-12-31,512000000.0,2021-02-12,2020-12-31,2180000000.0,2021-02-12,2020-12-31,,,,13448000000.0,2021-02-12,2020-12-31,2672000000.0,2021-02-12,2020-12-31,30775000000.0,2021-02-12,2020-12-31,17327000000.0,2021-02-12,2020-12-31,27000000.0,2012-04-27,2012-03-31,772000000.0,2021-02-12,2020-12-31,0.54,2021-02-12,2020-12-31,2021-02-12,https://github.com/deeleeramone/sec-company-facts/releases/download/parquet-latest/facts_enc-b00037.parquet,True
GLW,Materials,2021-06-30,24741,CORNING INC /NY,https://github.com/deeleeramone/sec-company-facts/releases/download/parquet-latest/primary_tickers.parquet,DOLTHUB_SEC_PARQUET_MIRROR,YAHOO_CHART,2021-06-30,40.900001525878906,,,https://query1.finance.yahoo.com/v8/finance/chart/GLW?period1=1577836800&period2=1783296000&interval=1d&events=history&includeAdjustedClose=true,SKIPPED_IN_CORE_SMOKE,3290000000.0,2021-04-30,2021-03-31,1156000000.0,2021-04-30,2021-03-31,601000000.0,2021-04-30,2021-03-31,723000000.0,2021-04-30,2021-03-31,,,,13369000000.0,2021-04-30,2021-03-31,2868000000.0,2021-04-30,2021-03-31,30143000000.0,2021-04-30,2021-03-31,16585000000.0,2021-04-30,2021-03-31,27000000.0,2012-04-27,2012-03-31,898000000.0,2021-04-30,2021-03-31,0.67,2021-04-30,2021-03-31,2021-04-30,https://github.com/deeleeramone/sec-company-facts/releases/download/parquet-latest/facts_enc-b00037.parquet,True
GLW,Materials,2021-09-30,24741,CORNING INC /NY,https://github.com/deeleeramone/sec-company-facts/releases/download/parquet-latest/primary_tickers.parquet,DOLTHUB_SEC_PARQUET_MIRROR,YAHOO_CHART,2021-09-30,36.4900016784668,,,https://query1.finance.yahoo.com/v8/finance/chart/GLW?period1=1577836800&period2=1783296000&interval=1d&events=history&includeAdjustedClose=true,SKIPPED_IN_CORE_SMOKE,6791000000.0,2021-07-27,2021-06-30,2471000000.0,2021-07-27,2021-06-30,454000000.0,2021-07-27,2021-06-30,1494000000.0,2021-07-27,2021-06-30,,,,11960000000.0,2021-07-27,2021-06-30,2320000000.0,2021-07-27,2021-06-30,29806000000.0,2021-07-27,2021-06-30,17664000000.0,2021-07-27,2021-06-30,27000000.0,2012-04-27,2012-03-31,822000000.0,2021-07-27,2021-06-30,0.27,2021-07-27,2021-06-30,2021-07-27,https://github.com/deeleeramone/sec-company-facts/releases/download/parquet-latest/facts_enc-b00037.parquet,True
GLW,Materials,2021-12-31,24741,CORNING INC /NY,https://github.com/deeleeramone/sec-company-facts/releases/download/parquet-latest/primary_tickers.parquet,DOLTHUB_SEC_PARQUET_MIRROR,YAHOO_CHART,2021-12-31,37.22999954223633,,,https://query1.finance.yahoo.com/v8/finance/chart/GLW?period1=1577836800&period2=1783296000&interval=1d&events=history&includeAdjustedClose=true,SKIPPED_IN_CORE_SMOKE,3615000000.0,2021-10-29,2021-09-30,3792000000.0,2021-10-29,2021-09-30,384000000.0,2021-10-29,2021-09-30,2389000000.0,2021-10-29,2021-09-30,,,,12355000000.0,2021-10-29,2021-09-30,2212000000.0,2021-10-29,2021-09-30,29706000000.0,2021-10-29,2021-09-30,17351000000.0,2021-10-29,2021-09-30,27000000.0,2012-04-27,2012-03-31,837000000.0,2021-10-29,2021-09-30,0.71,2021-10-29,2021-09-30,2021-10-29,https://github.com/deeleeramone/sec-company-facts/releases/download/parquet-latest/facts_enc-b00037.parquet,True
GLW,Materials,2022-03-31,24741,CORNING INC /NY,https://github.com/deeleeramone/sec-company-facts/releases/download/parquet-latest/primary_tickers.parquet,DOLTHUB_SEC_PARQUET_MIRROR,YAHOO_CHART,2022-03-31,36.90999984741211,,,https://query1.finance.yahoo.com/v8/finance/chart/GLW?period1=1577836800&period2=1783296000&interval=1d&events=history&includeAdjustedClose=true,SKIPPED_IN_CORE_SMOKE,14082000000.0,2022-02-14,2021-12-31,5063000000.0,2022-02-14,2021-12-31,1906000000.0,2022-02-14,2021-12-31,3412000000.0,2022-02-14,2021-12-31,,,,12545000000.0,2022-02-14,2021-12-31,2148000000.0,2022-02-14,2021-12-31,30154000000.0,2022-02-14,2021-12-31,17609000000.0,2022-02-14,2021-12-31,27000000.0,2012-04-27,2012-03-31,844000000.0,2022-02-14,2021-12-31,1.28,2022-02-14,2021-12-31,2022-02-14,https://github.com/deeleeramone/sec-company-facts/releases/download/parquet-latest/facts_enc-b00037.parquet,True
GLW,Materials,2022-06-30,24741,CORNING INC /NY,https://github.com/deeleeramone/sec-company-facts/releases/download/parquet-latest/primary_tickers.parquet,DOLTHUB_SEC_PARQUET_MIRROR,YAHOO_CHART,2022-06-30,31.510000228881836,,,https://query1.finance.yahoo.com/v8/finance/chart/GLW?period1=1577836800&period2=1783296000&interval=1d&events=history&includeAdjustedClose=true,SKIPPED_IN_CORE_SMOKE,3680000000.0,2022-04-29,2022-03-31,1283000000.0,2022-04-29,2022-03-31,581000000.0,2022-04-29,2022-03-31,534000000.0,2022-04-29,2022-03-31,,,,12395000000.0,2022-04-29,2022-03-31,2016000000.0,2022-04-29,2022-03-31,30257000000.0,2022-04-29,2022-03-31,17628000000.0,2022-04-29,2022-03-31,27000000.0,2012-04-27,2012-03-31,859000000.0,2022-04-29,2022-03-31,0.68,2022-04-29,2022-03-31,2022-04-29,https://github.com/deeleeramone/sec-company-facts/releases/download/parquet-latest/facts_enc-b00037.parquet,True
GLW,Materials,2022-09-30,24741,CORNING INC /NY,https://github.com/deeleeramone/sec-company-facts/releases/download/parquet-latest/primary_tickers.parquet,DOLTHUB_SEC_PARQUET_MIRROR,YAHOO_CHART,2022-09-30,29.020000457763672,,,https://query1.finance.yahoo.com/v8/finance/chart/GLW?period1=1577836800&period2=1783296000&interval=1d&events=history&includeAdjustedClose=true,SKIPPED_IN_CORE_SMOKE,7295000000.0,2022-07-29,2022-06-30,1246000000.0,2022-07-29,2022-06-30,584000000.0,2022-07-29,2022-06-30,1292000000.0,2022-07-29,2022-06-30,,,,11982000000.0,2022-07-29,2022-06-30,1629000000.0,2022-07-29,2022-06-30,29718000000.0,2022-07-29,2022-06-30,17736000000.0,2022-07-29,2022-06-30,27000000.0,2012-04-27,2012-03-31,857000000.0,2022-07-29,2022-06-30,1.33,2022-07-29,2022-06-30,2022-07-29,https://github.com/deeleeramone/sec-company-facts/releases/download/parquet-latest/facts_enc-b00037.parquet,True
GLW,Materials,2022-12-31,24741,CORNING INC /NY,https://github.com/deeleeramone/sec-company-facts/releases/download/parquet-latest/primary_tickers.parquet,DOLTHUB_SEC_PARQUET_MIRROR,YAHOO_CHART,2022-12-30,31.940000534057617,,,https://query1.finance.yahoo.com/v8/finance/chart/GLW?period1=1577836800&period2=1783296000&interval=1d&events=history&includeAdjustedClose=true,SKIPPED_IN_CORE_SMOKE,3488000000.0,2022-10-27,2022-09-30,1062000000.0,2022-10-27,2022-09-30,1352000000.0,2022-10-27,2022-09-30,1998000000.0,2022-10-27,2022-09-30,,,,11284000000.0,2022-10-27,2022-09-30,1630000000.0,2022-10-27,2022-09-30,28735000000.0,2022-10-27,2022-09-30,17187000000.0,2022-10-27,2022-09-30,27000000.0,2012-04-27,2012-03-31,857000000.0,2022-10-27,2022-09-30,0.24,2022-10-27,2022-09-30,2022-10-27,https://github.com/deeleeramone/sec-company-facts/releases/download/parquet-latest/facts_enc-b00037.parquet,True
GLW,Materials,2023-03-31,24741,CORNING INC /NY,https://github.com/deeleeramone/sec-company-facts/releases/download/parquet-latest/primary_tickers.parquet,DOLTHUB_SEC_PARQUET_MIRROR,YAHOO_CHART,2023-03-31,35.279998779296875,,,https://query1.finance.yahoo.com/v8/finance/chart/GLW?period1=1577836800&period2=1783296000&interval=1d&events=history&includeAdjustedClose=true,SKIPPED_IN_CORE_SMOKE,14189000000.0,2023-02-13,2022-12-31,4506000000.0,2023-02-13,2022-12-31,1316000000.0,2023-02-13,2022-12-31,2615000000.0,2023-02-13,2022-12-31,,,,12008000000.0,2023-02-13,2022-12-31,1671000000.0,2023-02-13,2022-12-31,29499000000.0,2023-02-13,2022-12-31,17224000000.0,2023-02-13,2022-12-31,27000000.0,2012-04-27,2012-03-31,857000000.0,2023-02-13,2022-12-31,1.54,2023-02-13,2022-12-31,2023-02-13,https://github.com/deeleeramone/sec-company-facts/releases/download/parquet-latest/facts_enc-b00037.parquet,True
GLW,Materials,2023-06-30,24741,CORNING INC /NY,https://github.com/deeleeramone/sec-company-facts/releases/download/parquet-latest/primary_tickers.parquet,DOLTHUB_SEC_PARQUET_MIRROR,YAHOO_CHART,2023-06-30,35.040000915527344,,,https://query1.finance.yahoo.com/v8/finance/chart/GLW?period1=1577836800&period2=1783296000&interval=1d&events=history&includeAdjustedClose=true,SKIPPED_IN_CORE_SMOKE,3178000000.0,2023-04-28,2023-03-31,1003000000.0,2023-04-28,2023-03-31,191000000.0,2023-04-28,2023-03-31,-49000000.0,2023-04-28,2023-03-31,,,,12207000000.0,2023-04-28,2023-03-31,1146000000.0,2023-04-28,2023-03-31,28822000000.0,2023-04-28,2023-03-31,16615000000.0,2023-04-28,2023-03-31,27000000.0,2012-04-27,2012-03-31,859000000.0,2023-04-28,2023-03-31,0.2,2023-04-28,2023-03-31,2023-04-28,https://github.com/deeleeramone/sec-company-facts/releases/download/parquet-latest/facts_enc-b00037.parquet,True
GLW,Materials,2023-09-30,24741,CORNING INC /NY,https://github.com/deeleeramone/sec-company-facts/releases/download/parquet-latest/primary_tickers.parquet,DOLTHUB_SEC_PARQUET_MIRROR,YAHOO_CHART,2023-09-29,30.469999313354492,,,https://query1.finance.yahoo.com/v8/finance/chart/GLW?period1=1577836800&period2=1783296000&interval=1d&events=history&includeAdjustedClose=true,SKIPPED_IN_CORE_SMOKE,3243000000.0,2023-07-27,2023-06-30,1013000000.0,2023-07-27,2023-06-30,303000000.0,2023-07-27,2023-06-30,570000000.0,2023-07-27,2023-06-30,,,,11412000000.0,2023-07-27,2023-06-30,1538000000.0,2023-07-27,2023-06-30,28645000000.0,2023-07-27,2023-06-30,16935000000.0,2023-07-27,2023-06-30,27000000.0,2012-04-27,2012-03-31,859000000.0,2023-07-27,2023-06-30,0.53,2023-07-27,2023-06-30,2023-07-27,https://github.com/deeleeramone/sec-company-facts/releases/download/parquet-latest/facts_enc-b00037.parquet,True
GLW,Materials,2023-12-31,24741,CORNING INC /NY,https://github.com/deeleeramone/sec-company-facts/releases/download/parquet-latest/primary_tickers.parquet,DOLTHUB_SEC_PARQUET_MIRROR,YAHOO_CHART,2023-12-29,30.450000762939453,,,https://query1.finance.yahoo.com/v8/finance/chart/GLW?period1=1577836800&period2=1783296000&interval=1d&events=history&includeAdjustedClose=true,SKIPPED_IN_CORE_SMOKE,9594000000.0,2023-10-30,2023-09-30,1004000000.0,2023-10-30,2023-09-30,164000000.0,2023-10-30,2023-09-30,1292000000.0,2023-10-30,2023-09-30,,,,11744000000.0,2023-10-30,2023-09-30,1639000000.0,2023-10-30,2023-09-30,28278000000.0,2023-10-30,2023-09-30,16534000000.0,2023-10-30,2023-09-30,27000000.0,2012-04-27,2012-03-31,858000000.0,2023-10-30,2023-09-30,0.72,2023-10-30,2023-09-30,2023-10-30,https://github.com/deeleeramone/sec-company-facts/releases/download/parquet-latest/facts_enc-b00037.parquet,True
GLW,Materials,2024-03-31,24741,CORNING INC /NY,https://github.com/deeleeramone/sec-company-facts/releases/download/parquet-latest/primary_tickers.parquet,DOLTHUB_SEC_PARQUET_MIRROR,YAHOO_CHART,2024-03-28,32.959999084472656,,,https://query1.finance.yahoo.com/v8/finance/chart/GLW?period1=1577836800&period2=1783296000&interval=1d&events=history&includeAdjustedClose=true,SKIPPED_IN_CORE_SMOKE,12588000000.0,2024-02-12,2023-12-31,3931000000.0,2024-02-12,2023-12-31,648000000.0,2024-02-12,2023-12-31,2005000000.0,2024-02-12,2023-12-31,,,,11868000000.0,2024-02-12,2023-12-31,1779000000.0,2024-02-12,2023-12-31,28500000000.0,2024-02-12,2023-12-31,16632000000.0,2024-02-12,2023-12-31,27000000.0,2012-04-27,2012-03-31,859000000.0,2024-02-12,2023-12-31,0.68,2024-02-12,2023-12-31,2024-02-12,https://github.com/deeleeramone/sec-company-facts/releases/download/parquet-latest/facts_enc-b00037.parquet,True
GLW,Materials,2024-06-30,24741,CORNING INC /NY,https://github.com/deeleeramone/sec-company-facts/releases/download/parquet-latest/primary_tickers.parquet,DOLTHUB_SEC_PARQUET_MIRROR,YAHOO_CHART,2024-06-28,38.849998474121094,,,https://query1.finance.yahoo.com/v8/finance/chart/GLW?period1=1577836800&period2=1783296000&interval=1d&events=history&includeAdjustedClose=true,SKIPPED_IN_CORE_SMOKE,2975000000.0,2024-05-02,2024-03-31,993000000.0,2024-05-02,2024-03-31,209000000.0,2024-05-02,2024-03-31,96000000.0,2024-05-02,2024-03-31,,,,11559000000.0,2024-05-02,2024-03-31,1365000000.0,2024-05-02,2024-03-31,27618000000.0,2024-05-02,2024-03-31,16059000000.0,2024-05-02,2024-03-31,27000000.0,2012-04-27,2012-03-31,862000000.0,2024-05-02,2024-03-31,0.24,2024-05-02,2024-03-31,2024-05-02,https://github.com/deeleeramone/sec-company-facts/releases/download/parquet-latest/facts_enc-b00037.parquet,True
GLW,Materials,2024-09-30,24741,CORNING INC /NY,https://github.com/deeleeramone/sec-company-facts/releases/download/parquet-latest/primary_tickers.parquet,DOLTHUB_SEC_PARQUET_MIRROR,YAHOO_CHART,2024-09-30,45.150001525878906,,,https://query1.finance.yahoo.com/v8/finance/chart/GLW?period1=1577836800&period2=1783296000&interval=1d&events=history&includeAdjustedClose=true,SKIPPED_IN_CORE_SMOKE,3251000000.0,2024-08-02,2024-06-30,949000000.0,2024-08-02,2024-06-30,104000000.0,2024-08-02,2024-06-30,617000000.0,2024-08-02,2024-06-30,,,,10585000000.0,2024-08-02,2024-06-30,1419000000.0,2024-08-02,2024-06-30,27179000000.0,2024-08-02,2024-06-30,16252000000.0,2024-08-02,2024-06-30,27000000.0,2012-04-27,2012-03-31,865000000.0,2024-08-02,2024-06-30,0.12,2024-08-02,2024-06-30,2024-08-02,https://github.com/deeleeramone/sec-company-facts/releases/download/parquet-latest/facts_enc-b00037.parquet,True
GLW,Materials,2024-12-31,24741,CORNING INC /NY,https://github.com/deeleeramone/sec-company-facts/releases/download/parquet-latest/primary_tickers.parquet,DOLTHUB_SEC_PARQUET_MIRROR,YAHOO_CHART,2024-12-31,47.52000045776367,,,https://query1.finance.yahoo.com/v8/finance/chart/GLW?period1=1577836800&period2=1783296000&interval=1d&events=history&includeAdjustedClose=true,SKIPPED_IN_CORE_SMOKE,9617000000.0,2024-11-01,2024-09-30,3079000000.0,2024-11-01,2024-09-30,196000000.0,2024-11-01,2024-09-30,1316000000.0,2024-11-01,2024-09-30,,,,11103000000.0,2024-11-01,2024-09-30,1613000000.0,2024-11-01,2024-09-30,28322000000.0,2024-11-01,2024-09-30,16855000000.0,2024-11-01,2024-09-30,27000000.0,2012-04-27,2012-03-31,854000000.0,2024-11-01,2024-09-30,-0.14,2024-11-01,2024-09-30,2024-11-01,https://github.com/deeleeramone/sec-company-facts/releases/download/parquet-latest/facts_enc-b00037.parquet,True
GLW,Materials,2025-03-31,24741,CORNING INC /NY,https://github.com/deeleeramone/sec-company-facts/releases/download/parquet-latest/primary_tickers.parquet,DOLTHUB_SEC_PARQUET_MIRROR,YAHOO_CHART,2025-03-31,45.779998779296875,,,https://query1.finance.yahoo.com/v8/finance/chart/GLW?period1=1577836800&period2=1783296000&interval=1d&events=history&includeAdjustedClose=true,SKIPPED_IN_CORE_SMOKE,13118000000.0,2025-02-13,2024-12-31,4276000000.0,2025-02-13,2024-12-31,506000000.0,2025-02-13,2024-12-31,1939000000.0,2025-02-13,2024-12-31,,,,10686000000.0,2025-02-13,2024-12-31,1768000000.0,2025-02-13,2024-12-31,27735000000.0,2025-02-13,2024-12-31,16665000000.0,2025-02-13,2024-12-31,27000000.0,2012-04-27,2012-03-31,869000000.0,2025-02-13,2024-12-31,0.58,2025-02-13,2024-12-31,2025-02-13,https://github.com/deeleeramone/sec-company-facts/releases/download/parquet-latest/facts_enc-b00037.parquet,True
GLW,Materials,2025-06-30,24741,CORNING INC /NY,https://github.com/deeleeramone/sec-company-facts/releases/download/parquet-latest/primary_tickers.parquet,DOLTHUB_SEC_PARQUET_MIRROR,YAHOO_CHART,2025-06-30,52.59000015258789,,,https://query1.finance.yahoo.com/v8/finance/chart/GLW?period1=1577836800&period2=1783296000&interval=1d&events=history&includeAdjustedClose=true,SKIPPED_IN_CORE_SMOKE,3452000000.0,2025-05-02,2025-03-31,1214000000.0,2025-05-02,2025-03-31,185000000.0,2025-05-02,2025-03-31,151000000.0,2025-05-02,2025-03-31,,,,11128000000.0,2025-05-02,2025-03-31,1359000000.0,2025-05-02,2025-03-31,27394000000.0,2025-05-02,2025-03-31,16266000000.0,2025-05-02,2025-03-31,27000000.0,2012-04-27,2012-03-31,866000000.0,2025-05-02,2025-03-31,0.18,2025-05-02,2025-03-31,2025-05-02,https://github.com/deeleeramone/sec-company-facts/releases/download/parquet-latest/facts_enc-b00037.parquet,True
GLW,Materials,2025-09-30,24741,CORNING INC /NY,https://github.com/deeleeramone/sec-company-facts/releases/download/parquet-latest/primary_tickers.parquet,DOLTHUB_SEC_PARQUET_MIRROR,YAHOO_CHART,2025-09-30,82.02999877929688,,,https://query1.finance.yahoo.com/v8/finance/chart/GLW?period1=1577836800&period2=1783296000&interval=1d&events=history&includeAdjustedClose=true,SKIPPED_IN_CORE_SMOKE,7314000000.0,2025-08-01,2025-06-30,2606000000.0,2025-08-01,2025-06-30,469000000.0,2025-08-01,2025-06-30,859000000.0,2025-08-01,2025-06-30,,,,11116000000.0,2025-08-01,2025-06-30,1491000000.0,2025-08-01,2025-06-30,28745000000.0,2025-08-01,2025-06-30,17200000000.0,2025-08-01,2025-06-30,27000000.0,2012-04-27,2012-03-31,866000000.0,2025-08-01,2025-06-30,0.54,2025-08-01,2025-06-30,2025-08-01,https://github.com/deeleeramone/sec-company-facts/releases/download/parquet-latest/facts_enc-b00037.parquet,True
GLW,Materials,2025-12-31,24741,CORNING INC /NY,https://github.com/deeleeramone/sec-company-facts/releases/download/parquet-latest/primary_tickers.parquet,DOLTHUB_SEC_PARQUET_MIRROR,YAHOO_CHART,2025-12-31,87.55999755859375,,,https://query1.finance.yahoo.com/v8/finance/chart/GLW?period1=1577836800&period2=1783296000&interval=1d&events=history&includeAdjustedClose=true,SKIPPED_IN_CORE_SMOKE,4100000000.0,2025-10-31,2025-09-30,1520000000.0,2025-10-31,2025-09-30,470000000.0,2025-10-31,2025-09-30,1643000000.0,2025-10-31,2025-09-30,,,,12005000000.0,2025-10-31,2025-09-30,1648000000.0,2025-10-31,2025-09-30,29916000000.0,2025-10-31,2025-09-30,17911000000.0,2025-10-31,2025-09-30,27000000.0,2012-04-27,2012-03-31,870000000.0,2025-10-31,2025-09-30,1.21,2025-10-31,2025-09-30,2025-10-31,https://github.com/deeleeramone/sec-company-facts/releases/download/parquet-latest/facts_enc-b00037.parquet,True
GLW,Materials,2026-03-31,24741,CORNING INC /NY,https://github.com/deeleeramone/sec-company-facts/releases/download/parquet-latest/primary_tickers.parquet,DOLTHUB_SEC_PARQUET_MIRROR,YAHOO_CHART,2026-03-31,135.97000122070312,,,https://query1.finance.yahoo.com/v8/finance/chart/GLW?period1=1577836800&period2=1783296000&interval=1d&events=history&includeAdjustedClose=true,SKIPPED_IN_CORE_SMOKE,15629000000.0,2026-02-12,2025-12-31,5621000000.0,2026-02-12,2025-12-31,1596000000.0,2026-02-12,2025-12-31,2695000000.0,2026-02-12,2025-12-31,,,,11807000000.0,2026-02-12,2025-12-31,1566000000.0,2026-02-12,2025-12-31,30976000000.0,2026-02-12,2025-12-31,18669000000.0,2026-02-12,2025-12-31,27000000.0,2012-04-27,2012-03-31,871000000.0,2026-02-12,2025-12-31,1.83,2026-02-12,2025-12-31,2026-02-12,https://github.com/deeleeramone/sec-company-facts/releases/download/parquet-latest/facts_enc-b00037.parquet,True
GLW,Materials,2026-06-30,24741,CORNING INC /NY,https://github.com/deeleeramone/sec-company-facts/releases/download/parquet-latest/primary_tickers.parquet,DOLTHUB_SEC_PARQUET_MIRROR,YAHOO_CHART,2026-06-30,255.42999267578125,,,https://query1.finance.yahoo.com/v8/finance/chart/GLW?period1=1577836800&period2=1783296000&interval=1d&events=history&includeAdjustedClose=true,SKIPPED_IN_CORE_SMOKE,4144000000.0,2026-05-01,2026-03-31,1528000000.0,2026-05-01,2026-03-31,408000000.0,2026-05-01,2026-03-31,362000000.0,2026-05-01,2026-03-31,,,,11812000000.0,2026-05-01,2026-03-31,1779000000.0,2026-05-01,2026-03-31,31253000000.0,2026-05-01,2026-03-31,18904000000.0,2026-05-01,2026-03-31,27000000.0,2012-04-27,2012-03-31,871000000.0,2026-05-01,2026-03-31,0.43,2026-05-01,2026-03-31,2026-05-01,https://github.com/deeleeramone/sec-company-facts/releases/download/parquet-latest/facts_enc-b00037.parquet,True
